"Task ID","Task title","Work stream","Depends on task ID","Depends on task title","Dependency work stream","Link type"
"DK-0002","Pin Flutter 3.47+ / Dart 3.13+ and the core package versions","Platform & architecture","DK-0001","Create the Flutter monorepo with the five layer packages","Platform & architecture","finish-to-start (blocked by)"
"DK-0003","Set up Riverpod 3 with code generation and provider conventions","Platform & architecture","DK-0001","Create the Flutter monorepo with the five layer packages","Platform & architecture","finish-to-start (blocked by)"
"DK-0004","Implement go_router with StatefulShellRoute.indexedStack for the four tabs","Platform & architecture","DK-0003","Set up Riverpod 3 with code generation and provider conventions","Platform & architecture","finish-to-start (blocked by)"
"DK-0005","Create the drift database: files index, recents, folders, favourites, versions, OCR text (FTS5)","Platform & architecture","DK-0001","Create the Flutter monorepo with the five layer packages","Platform & architecture","finish-to-start (blocked by)"
"DK-0006","Store user files in a visible app folder (iOS Files, Android Documents)","Platform & architecture","DK-0005","Create the drift database: files index, recents, folders, favourites, versions, OCR text (FTS5)","Platform & architecture","finish-to-start (blocked by)"
"DK-0007","Implement the worker-isolate model (PDFium serialised on one isolate; qpdf/OpenCV/ONNX on their own)","Platform & architecture","DK-0001","Create the Flutter monorepo with the five layer packages","Platform & architecture","finish-to-start (blocked by)"
"DK-0008","Define the ToolJob interface, job queue and progress model in doc_tools","Platform & architecture","DK-0007","Implement the worker-isolate model (PDFium serialised on one isolate; qpdf/OpenCV/ONNX on their own)","Platform & architecture","finish-to-start (blocked by)"
"DK-0008","Define the ToolJob interface, job queue and progress model in doc_tools","Platform & architecture","DK-0005","Create the drift database: files index, recents, folders, favourites, versions, OCR text (FTS5)","Platform & architecture","finish-to-start (blocked by)"
"DK-0009","Set up flutter_localizations, intl and ARB files for EN and DE","Platform & architecture","DK-0001","Create the Flutter monorepo with the five layer packages","Platform & architecture","finish-to-start (blocked by)"
"DK-0010","Set up CI: analyze, unit/widget/golden tests, native builds, licence scan, privacy network check","Platform & architecture","DK-0001","Create the Flutter monorepo with the five layer packages","Platform & architecture","finish-to-start (blocked by)"
"DK-0011","Add opt-in crash reporting without any document content","Platform & architecture","DK-0001","Create the Flutter monorepo with the five layer packages","Platform & architecture","finish-to-start (blocked by)"
"DK-0012","Enforce ""no network traffic during any tool run"" and document allowed network uses","Platform & architecture","DK-0010","Set up CI: analyze, unit/widget/golden tests, native builds, licence scan, privacy network check","Platform & architecture","finish-to-start (blocked by)"
"DK-0013","Implement device capability detection (RAM, arm64, free storage, OS version)","Platform & architecture","DK-0001","Create the Flutter monorepo with the five layer packages","Platform & architecture","finish-to-start (blocked by)"
"DK-0014","Write the Developer guide tab: structure, state, routing, theming code, testing, a11y checklist, definition of done","Platform & architecture","DK-0001","Create the Flutter monorepo with the five layer packages","Platform & architecture","finish-to-start (blocked by)"
"DK-0015","Build flavors (dev / staging / prod), bundle IDs, code signing and release configuration","Platform & architecture","DK-0001","Create the Flutter monorepo with the five layer packages","Platform & architecture","finish-to-start (blocked by)"
"DK-0015","Build flavors (dev / staging / prod), bundle IDs, code signing and release configuration","Platform & architecture","DK-0010","Set up CI: analyze, unit/widget/golden tests, native builds, licence scan, privacy network check","Platform & architecture","finish-to-start (blocked by)"
"DK-0016","Declare platform capabilities: iOS Info.plist usage strings (EN/DE), document types; Android manifest permissions and intent filters","Platform & architecture","DK-0001","Create the Flutter monorepo with the five layer packages","Platform & architecture","finish-to-start (blocked by)"
"DK-0017","App size budget: keep the base app small; everything optional is a download","Platform & architecture","DK-0010","Set up CI: analyze, unit/widget/golden tests, native builds, licence scan, privacy network check","Platform & architecture","finish-to-start (blocked by)"
"DK-0018","Verify 16 KB page-size alignment for every native library (Android)","Platform & architecture","DK-0010","Set up CI: analyze, unit/widget/golden tests, native builds, licence scan, privacy network check","Platform & architecture","finish-to-start (blocked by)"
"DK-0019","Backup rules: include user files, exclude models, caches and temp; keys device-only","Platform & architecture","DK-0006","Store user files in a visible app folder (iOS Files, Android Documents)","Platform & architecture","finish-to-start (blocked by)"
"DK-0019","Backup rules: include user files, exclude models, caches and temp; keys device-only","Platform & architecture","DK-0282","Encrypt locked files at rest with AES-256-GCM; keys in Keychain/Keystore released by biometrics/PIN","Home, Files & security","finish-to-start (blocked by)"
"DK-0019","Backup rules: include user files, exclude models, caches and temp; keys device-only","Platform & architecture","DK-0545","Integrate Sogda ai_core: ModelManager, LlmRuntimeArbiter, model catalogue JSON","AI","finish-to-start (blocked by)"
"DK-0020","Preflight checks before every job: free storage, memory guard, encryption, file type","Platform & architecture","DK-0008","Define the ToolJob interface, job queue and progress model in doc_tools","Platform & architecture","finish-to-start (blocked by)"
"DK-0020","Preflight checks before every job: free storage, memory guard, encryption, file type","Platform & architecture","DK-0013","Implement device capability detection (RAM, arm64, free storage, OS version)","Platform & architecture","finish-to-start (blocked by)"
"DK-0020","Preflight checks before every job: free storage, memory guard, encryption, file type","Platform & architecture","DK-0609","Error model: typed DokuloError with codes, messages and one recovery action","Tools & tool shell","finish-to-start (blocked by)"
"DK-0021","Startup cleanup and job recovery: purge orphaned temp files, report or resume killed jobs","Platform & architecture","DK-0008","Define the ToolJob interface, job queue and progress model in doc_tools","Platform & architecture","finish-to-start (blocked by)"
"DK-0021","Startup cleanup and job recovery: purge orphaned temp files, report or resume killed jobs","Platform & architecture","DK-0006","Store user files in a visible app folder (iOS Files, Android Documents)","Platform & architecture","finish-to-start (blocked by)"
"DK-0022","Local tool-usage tracking (never uploaded) for suggestions and shortcuts","Platform & architecture","DK-0005","Create the drift database: files index, recents, folders, favourites, versions, OCR text (FTS5)","Platform & architecture","finish-to-start (blocked by)"
"DK-0023","Create the fictional sample-document set for demos, tests and store screenshots","Platform & architecture","DK-0001","Create the Flutter monorepo with the five layer packages","Platform & architecture","finish-to-start (blocked by)"
"DK-0024","Create the DkTokens ThemeExtension (Sogda DpTokens architecture) with light and dark sets","Design system & components","DK-0001","Create the Flutter monorepo with the five layer packages","Platform & architecture","finish-to-start (blocked by)"
"DK-0024","Create the DkTokens ThemeExtension (Sogda DpTokens architecture) with light and dark sets","Design system & components","DK-0708","Decision: confirm the palette together with the app-icon design","Product & decisions","finish-to-start (blocked by)"
"DK-0025","Implement colour tokens: primary family","Design system & components","DK-0024","Create the DkTokens ThemeExtension (Sogda DpTokens architecture) with light and dark sets","Design system & components","finish-to-start (blocked by)"
"DK-0026","Implement colour tokens: surfaces and background","Design system & components","DK-0024","Create the DkTokens ThemeExtension (Sogda DpTokens architecture) with light and dark sets","Design system & components","finish-to-start (blocked by)"
"DK-0027","Implement colour tokens: outlines","Design system & components","DK-0024","Create the DkTokens ThemeExtension (Sogda DpTokens architecture) with light and dark sets","Design system & components","finish-to-start (blocked by)"
"DK-0028","Implement colour tokens: text and icons","Design system & components","DK-0024","Create the DkTokens ThemeExtension (Sogda DpTokens architecture) with light and dark sets","Design system & components","finish-to-start (blocked by)"
"DK-0029","Implement colour tokens: status colours","Design system & components","DK-0024","Create the DkTokens ThemeExtension (Sogda DpTokens architecture) with light and dark sets","Design system & components","finish-to-start (blocked by)"
"DK-0030","Implement colour tokens: overlay and camera colours","Design system & components","DK-0024","Create the DkTokens ThemeExtension (Sogda DpTokens architecture) with light and dark sets","Design system & components","finish-to-start (blocked by)"
"DK-0031","Implement colour tokens: document colours","Design system & components","DK-0024","Create the DkTokens ThemeExtension (Sogda DpTokens architecture) with light and dark sets","Design system & components","finish-to-start (blocked by)"
"DK-0032","Implement colour tokens: markup colours","Design system & components","DK-0024","Create the DkTokens ThemeExtension (Sogda DpTokens architecture) with light and dark sets","Design system & components","finish-to-start (blocked by)"
"DK-0033","Implement colour tokens: compare colours","Design system & components","DK-0024","Create the DkTokens ThemeExtension (Sogda DpTokens architecture) with light and dark sets","Design system & components","finish-to-start (blocked by)"
"DK-0034","Implement colour tokens: state overlays","Design system & components","DK-0024","Create the DkTokens ThemeExtension (Sogda DpTokens architecture) with light and dark sets","Design system & components","finish-to-start (blocked by)"
"DK-0035","Run and document the contrast audit for every token pair (light, dark, camera chrome)","Design system & components","DK-0024","Create the DkTokens ThemeExtension (Sogda DpTokens architecture) with light and dark sets","Design system & components","finish-to-start (blocked by)"
"DK-0036","Implement the 11 typography tokens with system fonts (SF Pro / Roboto)","Design system & components","DK-0024","Create the DkTokens ThemeExtension (Sogda DpTokens architecture) with light and dark sets","Design system & components","finish-to-start (blocked by)"
"DK-0037","Implement text rules: middle truncation for file names, 70-char line length, German wrapping, 200 % scaling","Design system & components","DK-0036","Implement the 11 typography tokens with system fonts (SF Pro / Roboto)","Design system & components","finish-to-start (blocked by)"
"DK-0038","Implement spacing, radius, elevation and border tokens","Design system & components","DK-0024","Create the DkTokens ThemeExtension (Sogda DpTokens architecture) with light and dark sets","Design system & components","finish-to-start (blocked by)"
"DK-0039","Implement motion tokens, reduce-motion handling and the haptics service","Design system & components","DK-0024","Create the DkTokens ThemeExtension (Sogda DpTokens architecture) with light and dark sets","Design system & components","finish-to-start (blocked by)"
"DK-0040","Build signature motion: Scan capture","Design system & components","DK-0039","Implement motion tokens, reduce-motion handling and the haptics service","Design system & components","finish-to-start (blocked by)"
"DK-0041","Build signature motion: Success tick","Design system & components","DK-0039","Implement motion tokens, reduce-motion handling and the haptics service","Design system & components","finish-to-start (blocked by)"
"DK-0042","Build signature motion: Tile reorder","Design system & components","DK-0039","Implement motion tokens, reduce-motion handling and the haptics service","Design system & components","finish-to-start (blocked by)"
"DK-0043","Build signature motion: Page drop in grid","Design system & components","DK-0039","Implement motion tokens, reduce-motion handling and the haptics service","Design system & components","finish-to-start (blocked by)"
"DK-0044","Build signature motion: Sheet","Design system & components","DK-0039","Implement motion tokens, reduce-motion handling and the haptics service","Design system & components","finish-to-start (blocked by)"
"DK-0045","Build signature motion: Mini job bar","Design system & components","DK-0039","Implement motion tokens, reduce-motion handling and the haptics service","Design system & components","finish-to-start (blocked by)"
"DK-0046","Build signature motion: Viewer open","Design system & components","DK-0039","Implement motion tokens, reduce-motion handling and the haptics service","Design system & components","finish-to-start (blocked by)"
"DK-0047","Theme switching: Light, Dark, System (default), and dark-mode rules","Design system & components","DK-0024","Create the DkTokens ThemeExtension (Sogda DpTokens architecture) with light and dark sets","Design system & components","finish-to-start (blocked by)"
"DK-0048","Integrate Material Symbols Rounded (material_symbols_icons) with size tokens","Design system & components","DK-0024","Create the DkTokens ThemeExtension (Sogda DpTokens architecture) with light and dark sets","Design system & components","finish-to-start (blocked by)"
"DK-0049","Create the tool icon registry: one icon per tool used everywhere","Design system & components","DK-0048","Integrate Material Symbols Rounded (material_symbols_icons) with size tokens","Design system & components","finish-to-start (blocked by)"
"DK-0050","Ship ILL-01 illustration (Onboarding 1) as light and dark vector assets","Design system & components","DK-0024","Create the DkTokens ThemeExtension (Sogda DpTokens architecture) with light and dark sets","Design system & components","finish-to-start (blocked by)"
"DK-0051","Ship ILL-02 illustration (Onboarding 2) as light and dark vector assets","Design system & components","DK-0024","Create the DkTokens ThemeExtension (Sogda DpTokens architecture) with light and dark sets","Design system & components","finish-to-start (blocked by)"
"DK-0052","Ship ILL-03 illustration (Onboarding 3) as light and dark vector assets","Design system & components","DK-0024","Create the DkTokens ThemeExtension (Sogda DpTokens architecture) with light and dark sets","Design system & components","finish-to-start (blocked by)"
"DK-0053","Ship ILL-04 illustration (Home empty) as light and dark vector assets","Design system & components","DK-0024","Create the DkTokens ThemeExtension (Sogda DpTokens architecture) with light and dark sets","Design system & components","finish-to-start (blocked by)"
"DK-0054","Ship ILL-05 illustration (Files empty) as light and dark vector assets","Design system & components","DK-0024","Create the DkTokens ThemeExtension (Sogda DpTokens architecture) with light and dark sets","Design system & components","finish-to-start (blocked by)"
"DK-0055","Ship ILL-06 illustration (Folder empty) as light and dark vector assets","Design system & components","DK-0024","Create the DkTokens ThemeExtension (Sogda DpTokens architecture) with light and dark sets","Design system & components","finish-to-start (blocked by)"
"DK-0056","Ship ILL-07 illustration (Search no results) as light and dark vector assets","Design system & components","DK-0024","Create the DkTokens ThemeExtension (Sogda DpTokens architecture) with light and dark sets","Design system & components","finish-to-start (blocked by)"
"DK-0057","Ship ILL-08 illustration (Trash empty) as light and dark vector assets","Design system & components","DK-0024","Create the DkTokens ThemeExtension (Sogda DpTokens architecture) with light and dark sets","Design system & components","finish-to-start (blocked by)"
"DK-0058","Ship ILL-09 illustration (Locked folder intro) as light and dark vector assets","Design system & components","DK-0024","Create the DkTokens ThemeExtension (Sogda DpTokens architecture) with light and dark sets","Design system & components","finish-to-start (blocked by)"
"DK-0059","Ship ILL-10 illustration (Camera permission denied) as light and dark vector assets","Design system & components","DK-0024","Create the DkTokens ThemeExtension (Sogda DpTokens architecture) with light and dark sets","Design system & components","finish-to-start (blocked by)"
"DK-0060","Ship ILL-11 illustration (AI model needed) as light and dark vector assets","Design system & components","DK-0024","Create the DkTokens ThemeExtension (Sogda DpTokens architecture) with light and dark sets","Design system & components","finish-to-start (blocked by)"
"DK-0061","Ship ILL-12 illustration (AI first-use notice) as light and dark vector assets","Design system & components","DK-0024","Create the DkTokens ThemeExtension (Sogda DpTokens architecture) with light and dark sets","Design system & components","finish-to-start (blocked by)"
"DK-0062","Ship ILL-13 illustration (Device not eligible for AI) as light and dark vector assets","Design system & components","DK-0024","Create the DkTokens ThemeExtension (Sogda DpTokens architecture) with light and dark sets","Design system & components","finish-to-start (blocked by)"
"DK-0063","Ship ILL-14 illustration (Damaged file) as light and dark vector assets","Design system & components","DK-0024","Create the DkTokens ThemeExtension (Sogda DpTokens architecture) with light and dark sets","Design system & components","finish-to-start (blocked by)"
"DK-0064","Ship ILL-15 illustration (No signatures yet) as light and dark vector assets","Design system & components","DK-0024","Create the DkTokens ThemeExtension (Sogda DpTokens architecture) with light and dark sets","Design system & components","finish-to-start (blocked by)"
"DK-0065","Ship ILL-16 illustration (No workflows yet) as light and dark vector assets","Design system & components","DK-0024","Create the DkTokens ThemeExtension (Sogda DpTokens architecture) with light and dark sets","Design system & components","finish-to-start (blocked by)"
"DK-0066","Ship ILL-17 illustration (Find documents in photos intro) as light and dark vector assets","Design system & components","DK-0024","Create the DkTokens ThemeExtension (Sogda DpTokens architecture) with light and dark sets","Design system & components","finish-to-start (blocked by)"
"DK-0067","Ship ILL-18 illustration (Paywall header) as light and dark vector assets","Design system & components","DK-0024","Create the DkTokens ThemeExtension (Sogda DpTokens architecture) with light and dark sets","Design system & components","finish-to-start (blocked by)"
"DK-0068","Ship ILL-19 illustration (Offline (Web to PDF only)) as light and dark vector assets","Design system & components","DK-0024","Create the DkTokens ThemeExtension (Sogda DpTokens architecture) with light and dark sets","Design system & components","finish-to-start (blocked by)"
"DK-0069","Ship ILL-20 illustration (Generic error) as light and dark vector assets","Design system & components","DK-0024","Create the DkTokens ThemeExtension (Sogda DpTokens architecture) with light and dark sets","Design system & components","finish-to-start (blocked by)"
"DK-0070","Integrate the Dokulo symbol, wordmark and lockups (monochrome, minimum sizes, clear space)","Design system & components","DK-0024","Create the DkTokens ThemeExtension (Sogda DpTokens architecture) with light and dark sets","Design system & components","finish-to-start (blocked by)"
"DK-0070","Integrate the Dokulo symbol, wordmark and lockups (monochrome, minimum sizes, clear space)","Design system & components","DK-1008","Design: Final logo, wordmark and lockups","Design","finish-to-start (blocked by)"
"DK-0071","Produce and integrate app icons for iOS (light/dark/tinted) and Android (adaptive + themed)","Design system & components","DK-0070","Integrate the Dokulo symbol, wordmark and lockups (monochrome, minimum sizes, clear space)","Design system & components","finish-to-start (blocked by)"
"DK-0071","Produce and integrate app icons for iOS (light/dark/tinted) and Android (adaptive + themed)","Design system & components","DK-1013","Design: Production assets: app icons, notification icon, widgets, store screenshots, feature graphic","Design","finish-to-start (blocked by)"
"DK-0072","Android notification small icon (white silhouette 24 dp)","Design system & components","DK-0070","Integrate the Dokulo symbol, wordmark and lockups (monochrome, minimum sizes, clear space)","Design system & components","finish-to-start (blocked by)"
"DK-0073","Native splash/launch screens matching the in-app launch screen","Design system & components","DK-0070","Integrate the Dokulo symbol, wordmark and lockups (monochrome, minimum sizes, clear space)","Design system & components","finish-to-start (blocked by)"
"DK-0074","Build DkButton with all variants and states","Design system & components","DK-0024","Create the DkTokens ThemeExtension (Sogda DpTokens architecture) with light and dark sets","Design system & components","finish-to-start (blocked by)"
"DK-0074","Build DkButton with all variants and states","Design system & components","DK-0036","Implement the 11 typography tokens with system fonts (SF Pro / Roboto)","Design system & components","finish-to-start (blocked by)"
"DK-0074","Build DkButton with all variants and states","Design system & components","DK-0038","Implement spacing, radius, elevation and border tokens","Design system & components","finish-to-start (blocked by)"
"DK-0074","Build DkButton with all variants and states","Design system & components","DK-0048","Integrate Material Symbols Rounded (material_symbols_icons) with size tokens","Design system & components","finish-to-start (blocked by)"
"DK-0075","Golden + accessibility tests for DkButton","Design system & components","DK-0074","Build DkButton with all variants and states","Design system & components","finish-to-start (blocked by)"
"DK-0076","Build DkIconButton with all variants and states","Design system & components","DK-0024","Create the DkTokens ThemeExtension (Sogda DpTokens architecture) with light and dark sets","Design system & components","finish-to-start (blocked by)"
"DK-0076","Build DkIconButton with all variants and states","Design system & components","DK-0036","Implement the 11 typography tokens with system fonts (SF Pro / Roboto)","Design system & components","finish-to-start (blocked by)"
"DK-0076","Build DkIconButton with all variants and states","Design system & components","DK-0038","Implement spacing, radius, elevation and border tokens","Design system & components","finish-to-start (blocked by)"
"DK-0076","Build DkIconButton with all variants and states","Design system & components","DK-0048","Integrate Material Symbols Rounded (material_symbols_icons) with size tokens","Design system & components","finish-to-start (blocked by)"
"DK-0077","Golden + accessibility tests for DkIconButton","Design system & components","DK-0076","Build DkIconButton with all variants and states","Design system & components","finish-to-start (blocked by)"
"DK-0078","Build DkScanButton with all variants and states","Design system & components","DK-0024","Create the DkTokens ThemeExtension (Sogda DpTokens architecture) with light and dark sets","Design system & components","finish-to-start (blocked by)"
"DK-0078","Build DkScanButton with all variants and states","Design system & components","DK-0036","Implement the 11 typography tokens with system fonts (SF Pro / Roboto)","Design system & components","finish-to-start (blocked by)"
"DK-0078","Build DkScanButton with all variants and states","Design system & components","DK-0038","Implement spacing, radius, elevation and border tokens","Design system & components","finish-to-start (blocked by)"
"DK-0078","Build DkScanButton with all variants and states","Design system & components","DK-0048","Integrate Material Symbols Rounded (material_symbols_icons) with size tokens","Design system & components","finish-to-start (blocked by)"
"DK-0079","Golden + accessibility tests for DkScanButton","Design system & components","DK-0078","Build DkScanButton with all variants and states","Design system & components","finish-to-start (blocked by)"
"DK-0080","Build DkShutterButton with all variants and states","Design system & components","DK-0024","Create the DkTokens ThemeExtension (Sogda DpTokens architecture) with light and dark sets","Design system & components","finish-to-start (blocked by)"
"DK-0080","Build DkShutterButton with all variants and states","Design system & components","DK-0036","Implement the 11 typography tokens with system fonts (SF Pro / Roboto)","Design system & components","finish-to-start (blocked by)"
"DK-0080","Build DkShutterButton with all variants and states","Design system & components","DK-0038","Implement spacing, radius, elevation and border tokens","Design system & components","finish-to-start (blocked by)"
"DK-0080","Build DkShutterButton with all variants and states","Design system & components","DK-0048","Integrate Material Symbols Rounded (material_symbols_icons) with size tokens","Design system & components","finish-to-start (blocked by)"
"DK-0081","Golden + accessibility tests for DkShutterButton","Design system & components","DK-0080","Build DkShutterButton with all variants and states","Design system & components","finish-to-start (blocked by)"
"DK-0082","Build DkToolTile with all variants and states","Design system & components","DK-0024","Create the DkTokens ThemeExtension (Sogda DpTokens architecture) with light and dark sets","Design system & components","finish-to-start (blocked by)"
"DK-0082","Build DkToolTile with all variants and states","Design system & components","DK-0036","Implement the 11 typography tokens with system fonts (SF Pro / Roboto)","Design system & components","finish-to-start (blocked by)"
"DK-0082","Build DkToolTile with all variants and states","Design system & components","DK-0038","Implement spacing, radius, elevation and border tokens","Design system & components","finish-to-start (blocked by)"
"DK-0082","Build DkToolTile with all variants and states","Design system & components","DK-0102","Build DkProBadge with all variants and states","Design system & components","finish-to-start (blocked by)"
"DK-0082","Build DkToolTile with all variants and states","Design system & components","DK-0048","Integrate Material Symbols Rounded (material_symbols_icons) with size tokens","Design system & components","finish-to-start (blocked by)"
"DK-0083","Golden + accessibility tests for DkToolTile","Design system & components","DK-0082","Build DkToolTile with all variants and states","Design system & components","finish-to-start (blocked by)"
"DK-0084","Build DkToolRow with all variants and states","Design system & components","DK-0024","Create the DkTokens ThemeExtension (Sogda DpTokens architecture) with light and dark sets","Design system & components","finish-to-start (blocked by)"
"DK-0084","Build DkToolRow with all variants and states","Design system & components","DK-0036","Implement the 11 typography tokens with system fonts (SF Pro / Roboto)","Design system & components","finish-to-start (blocked by)"
"DK-0084","Build DkToolRow with all variants and states","Design system & components","DK-0038","Implement spacing, radius, elevation and border tokens","Design system & components","finish-to-start (blocked by)"
"DK-0084","Build DkToolRow with all variants and states","Design system & components","DK-0102","Build DkProBadge with all variants and states","Design system & components","finish-to-start (blocked by)"
"DK-0084","Build DkToolRow with all variants and states","Design system & components","DK-0048","Integrate Material Symbols Rounded (material_symbols_icons) with size tokens","Design system & components","finish-to-start (blocked by)"
"DK-0085","Golden + accessibility tests for DkToolRow","Design system & components","DK-0084","Build DkToolRow with all variants and states","Design system & components","finish-to-start (blocked by)"
"DK-0086","Build DkFileCard with all variants and states","Design system & components","DK-0024","Create the DkTokens ThemeExtension (Sogda DpTokens architecture) with light and dark sets","Design system & components","finish-to-start (blocked by)"
"DK-0086","Build DkFileCard with all variants and states","Design system & components","DK-0036","Implement the 11 typography tokens with system fonts (SF Pro / Roboto)","Design system & components","finish-to-start (blocked by)"
"DK-0086","Build DkFileCard with all variants and states","Design system & components","DK-0038","Implement spacing, radius, elevation and border tokens","Design system & components","finish-to-start (blocked by)"
"DK-0086","Build DkFileCard with all variants and states","Design system & components","DK-0150","Build DkPageThumb with all variants and states","Design system & components","finish-to-start (blocked by)"
"DK-0086","Build DkFileCard with all variants and states","Design system & components","DK-0048","Integrate Material Symbols Rounded (material_symbols_icons) with size tokens","Design system & components","finish-to-start (blocked by)"
"DK-0087","Golden + accessibility tests for DkFileCard","Design system & components","DK-0086","Build DkFileCard with all variants and states","Design system & components","finish-to-start (blocked by)"
"DK-0088","Build DkFolderCard with all variants and states","Design system & components","DK-0024","Create the DkTokens ThemeExtension (Sogda DpTokens architecture) with light and dark sets","Design system & components","finish-to-start (blocked by)"
"DK-0088","Build DkFolderCard with all variants and states","Design system & components","DK-0036","Implement the 11 typography tokens with system fonts (SF Pro / Roboto)","Design system & components","finish-to-start (blocked by)"
"DK-0088","Build DkFolderCard with all variants and states","Design system & components","DK-0038","Implement spacing, radius, elevation and border tokens","Design system & components","finish-to-start (blocked by)"
"DK-0088","Build DkFolderCard with all variants and states","Design system & components","DK-0048","Integrate Material Symbols Rounded (material_symbols_icons) with size tokens","Design system & components","finish-to-start (blocked by)"
"DK-0089","Golden + accessibility tests for DkFolderCard","Design system & components","DK-0088","Build DkFolderCard with all variants and states","Design system & components","finish-to-start (blocked by)"
"DK-0090","Build DkResultCard with all variants and states","Design system & components","DK-0024","Create the DkTokens ThemeExtension (Sogda DpTokens architecture) with light and dark sets","Design system & components","finish-to-start (blocked by)"
"DK-0090","Build DkResultCard with all variants and states","Design system & components","DK-0036","Implement the 11 typography tokens with system fonts (SF Pro / Roboto)","Design system & components","finish-to-start (blocked by)"
"DK-0090","Build DkResultCard with all variants and states","Design system & components","DK-0038","Implement spacing, radius, elevation and border tokens","Design system & components","finish-to-start (blocked by)"
"DK-0090","Build DkResultCard with all variants and states","Design system & components","DK-0130","Build DkSegmented with all variants and states","Design system & components","finish-to-start (blocked by)"
"DK-0090","Build DkResultCard with all variants and states","Design system & components","DK-0048","Integrate Material Symbols Rounded (material_symbols_icons) with size tokens","Design system & components","finish-to-start (blocked by)"
"DK-0091","Golden + accessibility tests for DkResultCard","Design system & components","DK-0090","Build DkResultCard with all variants and states","Design system & components","finish-to-start (blocked by)"
"DK-0092","Build DkLevelCard with all variants and states","Design system & components","DK-0024","Create the DkTokens ThemeExtension (Sogda DpTokens architecture) with light and dark sets","Design system & components","finish-to-start (blocked by)"
"DK-0092","Build DkLevelCard with all variants and states","Design system & components","DK-0036","Implement the 11 typography tokens with system fonts (SF Pro / Roboto)","Design system & components","finish-to-start (blocked by)"
"DK-0092","Build DkLevelCard with all variants and states","Design system & components","DK-0038","Implement spacing, radius, elevation and border tokens","Design system & components","finish-to-start (blocked by)"
"DK-0092","Build DkLevelCard with all variants and states","Design system & components","DK-0048","Integrate Material Symbols Rounded (material_symbols_icons) with size tokens","Design system & components","finish-to-start (blocked by)"
"DK-0093","Golden + accessibility tests for DkLevelCard","Design system & components","DK-0092","Build DkLevelCard with all variants and states","Design system & components","finish-to-start (blocked by)"
"DK-0094","Build DkModelCard with all variants and states","Design system & components","DK-0024","Create the DkTokens ThemeExtension (Sogda DpTokens architecture) with light and dark sets","Design system & components","finish-to-start (blocked by)"
"DK-0094","Build DkModelCard with all variants and states","Design system & components","DK-0036","Implement the 11 typography tokens with system fonts (SF Pro / Roboto)","Design system & components","finish-to-start (blocked by)"
"DK-0094","Build DkModelCard with all variants and states","Design system & components","DK-0038","Implement spacing, radius, elevation and border tokens","Design system & components","finish-to-start (blocked by)"
"DK-0094","Build DkModelCard with all variants and states","Design system & components","DK-0074","Build DkButton with all variants and states","Design system & components","finish-to-start (blocked by)"
"DK-0094","Build DkModelCard with all variants and states","Design system & components","DK-0048","Integrate Material Symbols Rounded (material_symbols_icons) with size tokens","Design system & components","finish-to-start (blocked by)"
"DK-0095","Golden + accessibility tests for DkModelCard","Design system & components","DK-0094","Build DkModelCard with all variants and states","Design system & components","finish-to-start (blocked by)"
"DK-0096","Build DkContinueCard with all variants and states","Design system & components","DK-0024","Create the DkTokens ThemeExtension (Sogda DpTokens architecture) with light and dark sets","Design system & components","finish-to-start (blocked by)"
"DK-0096","Build DkContinueCard with all variants and states","Design system & components","DK-0036","Implement the 11 typography tokens with system fonts (SF Pro / Roboto)","Design system & components","finish-to-start (blocked by)"
"DK-0096","Build DkContinueCard with all variants and states","Design system & components","DK-0038","Implement spacing, radius, elevation and border tokens","Design system & components","finish-to-start (blocked by)"
"DK-0096","Build DkContinueCard with all variants and states","Design system & components","DK-0074","Build DkButton with all variants and states","Design system & components","finish-to-start (blocked by)"
"DK-0096","Build DkContinueCard with all variants and states","Design system & components","DK-0048","Integrate Material Symbols Rounded (material_symbols_icons) with size tokens","Design system & components","finish-to-start (blocked by)"
"DK-0097","Golden + accessibility tests for DkContinueCard","Design system & components","DK-0096","Build DkContinueCard with all variants and states","Design system & components","finish-to-start (blocked by)"
"DK-0098","Build DkProCard with all variants and states","Design system & components","DK-0024","Create the DkTokens ThemeExtension (Sogda DpTokens architecture) with light and dark sets","Design system & components","finish-to-start (blocked by)"
"DK-0098","Build DkProCard with all variants and states","Design system & components","DK-0036","Implement the 11 typography tokens with system fonts (SF Pro / Roboto)","Design system & components","finish-to-start (blocked by)"
"DK-0098","Build DkProCard with all variants and states","Design system & components","DK-0038","Implement spacing, radius, elevation and border tokens","Design system & components","finish-to-start (blocked by)"
"DK-0098","Build DkProCard with all variants and states","Design system & components","DK-0074","Build DkButton with all variants and states","Design system & components","finish-to-start (blocked by)"
"DK-0098","Build DkProCard with all variants and states","Design system & components","DK-0102","Build DkProBadge with all variants and states","Design system & components","finish-to-start (blocked by)"
"DK-0098","Build DkProCard with all variants and states","Design system & components","DK-0048","Integrate Material Symbols Rounded (material_symbols_icons) with size tokens","Design system & components","finish-to-start (blocked by)"
"DK-0099","Golden + accessibility tests for DkProCard","Design system & components","DK-0098","Build DkProCard with all variants and states","Design system & components","finish-to-start (blocked by)"
"DK-0100","Build DkSettingsRow with all variants and states","Design system & components","DK-0024","Create the DkTokens ThemeExtension (Sogda DpTokens architecture) with light and dark sets","Design system & components","finish-to-start (blocked by)"
"DK-0100","Build DkSettingsRow with all variants and states","Design system & components","DK-0036","Implement the 11 typography tokens with system fonts (SF Pro / Roboto)","Design system & components","finish-to-start (blocked by)"
"DK-0100","Build DkSettingsRow with all variants and states","Design system & components","DK-0038","Implement spacing, radius, elevation and border tokens","Design system & components","finish-to-start (blocked by)"
"DK-0100","Build DkSettingsRow with all variants and states","Design system & components","DK-0048","Integrate Material Symbols Rounded (material_symbols_icons) with size tokens","Design system & components","finish-to-start (blocked by)"
"DK-0101","Golden + accessibility tests for DkSettingsRow","Design system & components","DK-0100","Build DkSettingsRow with all variants and states","Design system & components","finish-to-start (blocked by)"
"DK-0102","Build DkProBadge with all variants and states","Design system & components","DK-0024","Create the DkTokens ThemeExtension (Sogda DpTokens architecture) with light and dark sets","Design system & components","finish-to-start (blocked by)"
"DK-0102","Build DkProBadge with all variants and states","Design system & components","DK-0036","Implement the 11 typography tokens with system fonts (SF Pro / Roboto)","Design system & components","finish-to-start (blocked by)"
"DK-0102","Build DkProBadge with all variants and states","Design system & components","DK-0038","Implement spacing, radius, elevation and border tokens","Design system & components","finish-to-start (blocked by)"
"DK-0102","Build DkProBadge with all variants and states","Design system & components","DK-0048","Integrate Material Symbols Rounded (material_symbols_icons) with size tokens","Design system & components","finish-to-start (blocked by)"
"DK-0103","Golden + accessibility tests for DkProBadge","Design system & components","DK-0102","Build DkProBadge with all variants and states","Design system & components","finish-to-start (blocked by)"
"DK-0104","Build DkChip with all variants and states","Design system & components","DK-0024","Create the DkTokens ThemeExtension (Sogda DpTokens architecture) with light and dark sets","Design system & components","finish-to-start (blocked by)"
"DK-0104","Build DkChip with all variants and states","Design system & components","DK-0036","Implement the 11 typography tokens with system fonts (SF Pro / Roboto)","Design system & components","finish-to-start (blocked by)"
"DK-0104","Build DkChip with all variants and states","Design system & components","DK-0038","Implement spacing, radius, elevation and border tokens","Design system & components","finish-to-start (blocked by)"
"DK-0104","Build DkChip with all variants and states","Design system & components","DK-0048","Integrate Material Symbols Rounded (material_symbols_icons) with size tokens","Design system & components","finish-to-start (blocked by)"
"DK-0105","Golden + accessibility tests for DkChip","Design system & components","DK-0104","Build DkChip with all variants and states","Design system & components","finish-to-start (blocked by)"
"DK-0106","Build DkNextChip with all variants and states","Design system & components","DK-0024","Create the DkTokens ThemeExtension (Sogda DpTokens architecture) with light and dark sets","Design system & components","finish-to-start (blocked by)"
"DK-0106","Build DkNextChip with all variants and states","Design system & components","DK-0036","Implement the 11 typography tokens with system fonts (SF Pro / Roboto)","Design system & components","finish-to-start (blocked by)"
"DK-0106","Build DkNextChip with all variants and states","Design system & components","DK-0038","Implement spacing, radius, elevation and border tokens","Design system & components","finish-to-start (blocked by)"
"DK-0106","Build DkNextChip with all variants and states","Design system & components","DK-0048","Integrate Material Symbols Rounded (material_symbols_icons) with size tokens","Design system & components","finish-to-start (blocked by)"
"DK-0107","Golden + accessibility tests for DkNextChip","Design system & components","DK-0106","Build DkNextChip with all variants and states","Design system & components","finish-to-start (blocked by)"
"DK-0108","Build DkPageChip with all variants and states","Design system & components","DK-0024","Create the DkTokens ThemeExtension (Sogda DpTokens architecture) with light and dark sets","Design system & components","finish-to-start (blocked by)"
"DK-0108","Build DkPageChip with all variants and states","Design system & components","DK-0036","Implement the 11 typography tokens with system fonts (SF Pro / Roboto)","Design system & components","finish-to-start (blocked by)"
"DK-0108","Build DkPageChip with all variants and states","Design system & components","DK-0038","Implement spacing, radius, elevation and border tokens","Design system & components","finish-to-start (blocked by)"
"DK-0108","Build DkPageChip with all variants and states","Design system & components","DK-0048","Integrate Material Symbols Rounded (material_symbols_icons) with size tokens","Design system & components","finish-to-start (blocked by)"
"DK-0109","Golden + accessibility tests for DkPageChip","Design system & components","DK-0108","Build DkPageChip with all variants and states","Design system & components","finish-to-start (blocked by)"
"DK-0110","Build DkPrivacyLine with all variants and states","Design system & components","DK-0024","Create the DkTokens ThemeExtension (Sogda DpTokens architecture) with light and dark sets","Design system & components","finish-to-start (blocked by)"
"DK-0110","Build DkPrivacyLine with all variants and states","Design system & components","DK-0036","Implement the 11 typography tokens with system fonts (SF Pro / Roboto)","Design system & components","finish-to-start (blocked by)"
"DK-0110","Build DkPrivacyLine with all variants and states","Design system & components","DK-0038","Implement spacing, radius, elevation and border tokens","Design system & components","finish-to-start (blocked by)"
"DK-0110","Build DkPrivacyLine with all variants and states","Design system & components","DK-0048","Integrate Material Symbols Rounded (material_symbols_icons) with size tokens","Design system & components","finish-to-start (blocked by)"
"DK-0111","Golden + accessibility tests for DkPrivacyLine","Design system & components","DK-0110","Build DkPrivacyLine with all variants and states","Design system & components","finish-to-start (blocked by)"
"DK-0112","Build DkStatusDot with all variants and states","Design system & components","DK-0024","Create the DkTokens ThemeExtension (Sogda DpTokens architecture) with light and dark sets","Design system & components","finish-to-start (blocked by)"
"DK-0112","Build DkStatusDot with all variants and states","Design system & components","DK-0036","Implement the 11 typography tokens with system fonts (SF Pro / Roboto)","Design system & components","finish-to-start (blocked by)"
"DK-0112","Build DkStatusDot with all variants and states","Design system & components","DK-0038","Implement spacing, radius, elevation and border tokens","Design system & components","finish-to-start (blocked by)"
"DK-0112","Build DkStatusDot with all variants and states","Design system & components","DK-0048","Integrate Material Symbols Rounded (material_symbols_icons) with size tokens","Design system & components","finish-to-start (blocked by)"
"DK-0113","Golden + accessibility tests for DkStatusDot","Design system & components","DK-0112","Build DkStatusDot with all variants and states","Design system & components","finish-to-start (blocked by)"
"DK-0114","Build DkCountBadge with all variants and states","Design system & components","DK-0024","Create the DkTokens ThemeExtension (Sogda DpTokens architecture) with light and dark sets","Design system & components","finish-to-start (blocked by)"
"DK-0114","Build DkCountBadge with all variants and states","Design system & components","DK-0036","Implement the 11 typography tokens with system fonts (SF Pro / Roboto)","Design system & components","finish-to-start (blocked by)"
"DK-0114","Build DkCountBadge with all variants and states","Design system & components","DK-0038","Implement spacing, radius, elevation and border tokens","Design system & components","finish-to-start (blocked by)"
"DK-0114","Build DkCountBadge with all variants and states","Design system & components","DK-0048","Integrate Material Symbols Rounded (material_symbols_icons) with size tokens","Design system & components","finish-to-start (blocked by)"
"DK-0115","Golden + accessibility tests for DkCountBadge","Design system & components","DK-0114","Build DkCountBadge with all variants and states","Design system & components","finish-to-start (blocked by)"
"DK-0116","Build DkHintPill with all variants and states","Design system & components","DK-0024","Create the DkTokens ThemeExtension (Sogda DpTokens architecture) with light and dark sets","Design system & components","finish-to-start (blocked by)"
"DK-0116","Build DkHintPill with all variants and states","Design system & components","DK-0036","Implement the 11 typography tokens with system fonts (SF Pro / Roboto)","Design system & components","finish-to-start (blocked by)"
"DK-0116","Build DkHintPill with all variants and states","Design system & components","DK-0038","Implement spacing, radius, elevation and border tokens","Design system & components","finish-to-start (blocked by)"
"DK-0116","Build DkHintPill with all variants and states","Design system & components","DK-0048","Integrate Material Symbols Rounded (material_symbols_icons) with size tokens","Design system & components","finish-to-start (blocked by)"
"DK-0117","Golden + accessibility tests for DkHintPill","Design system & components","DK-0116","Build DkHintPill with all variants and states","Design system & components","finish-to-start (blocked by)"
"DK-0118","Build DkPagePill with all variants and states","Design system & components","DK-0024","Create the DkTokens ThemeExtension (Sogda DpTokens architecture) with light and dark sets","Design system & components","finish-to-start (blocked by)"
"DK-0118","Build DkPagePill with all variants and states","Design system & components","DK-0036","Implement the 11 typography tokens with system fonts (SF Pro / Roboto)","Design system & components","finish-to-start (blocked by)"
"DK-0118","Build DkPagePill with all variants and states","Design system & components","DK-0038","Implement spacing, radius, elevation and border tokens","Design system & components","finish-to-start (blocked by)"
"DK-0118","Build DkPagePill with all variants and states","Design system & components","DK-0048","Integrate Material Symbols Rounded (material_symbols_icons) with size tokens","Design system & components","finish-to-start (blocked by)"
"DK-0119","Golden + accessibility tests for DkPagePill","Design system & components","DK-0118","Build DkPagePill with all variants and states","Design system & components","finish-to-start (blocked by)"
"DK-0120","Build DkTextField with all variants and states","Design system & components","DK-0024","Create the DkTokens ThemeExtension (Sogda DpTokens architecture) with light and dark sets","Design system & components","finish-to-start (blocked by)"
"DK-0120","Build DkTextField with all variants and states","Design system & components","DK-0036","Implement the 11 typography tokens with system fonts (SF Pro / Roboto)","Design system & components","finish-to-start (blocked by)"
"DK-0120","Build DkTextField with all variants and states","Design system & components","DK-0038","Implement spacing, radius, elevation and border tokens","Design system & components","finish-to-start (blocked by)"
"DK-0120","Build DkTextField with all variants and states","Design system & components","DK-0048","Integrate Material Symbols Rounded (material_symbols_icons) with size tokens","Design system & components","finish-to-start (blocked by)"
"DK-0121","Golden + accessibility tests for DkTextField","Design system & components","DK-0120","Build DkTextField with all variants and states","Design system & components","finish-to-start (blocked by)"
"DK-0122","Build DkPasswordField with all variants and states","Design system & components","DK-0024","Create the DkTokens ThemeExtension (Sogda DpTokens architecture) with light and dark sets","Design system & components","finish-to-start (blocked by)"
"DK-0122","Build DkPasswordField with all variants and states","Design system & components","DK-0036","Implement the 11 typography tokens with system fonts (SF Pro / Roboto)","Design system & components","finish-to-start (blocked by)"
"DK-0122","Build DkPasswordField with all variants and states","Design system & components","DK-0038","Implement spacing, radius, elevation and border tokens","Design system & components","finish-to-start (blocked by)"
"DK-0122","Build DkPasswordField with all variants and states","Design system & components","DK-0120","Build DkTextField with all variants and states","Design system & components","finish-to-start (blocked by)"
"DK-0122","Build DkPasswordField with all variants and states","Design system & components","DK-0048","Integrate Material Symbols Rounded (material_symbols_icons) with size tokens","Design system & components","finish-to-start (blocked by)"
"DK-0123","Golden + accessibility tests for DkPasswordField","Design system & components","DK-0122","Build DkPasswordField with all variants and states","Design system & components","finish-to-start (blocked by)"
"DK-0124","Build DkRangeField with all variants and states","Design system & components","DK-0024","Create the DkTokens ThemeExtension (Sogda DpTokens architecture) with light and dark sets","Design system & components","finish-to-start (blocked by)"
"DK-0124","Build DkRangeField with all variants and states","Design system & components","DK-0036","Implement the 11 typography tokens with system fonts (SF Pro / Roboto)","Design system & components","finish-to-start (blocked by)"
"DK-0124","Build DkRangeField with all variants and states","Design system & components","DK-0038","Implement spacing, radius, elevation and border tokens","Design system & components","finish-to-start (blocked by)"
"DK-0124","Build DkRangeField with all variants and states","Design system & components","DK-0120","Build DkTextField with all variants and states","Design system & components","finish-to-start (blocked by)"
"DK-0124","Build DkRangeField with all variants and states","Design system & components","DK-0048","Integrate Material Symbols Rounded (material_symbols_icons) with size tokens","Design system & components","finish-to-start (blocked by)"
"DK-0125","Golden + accessibility tests for DkRangeField","Design system & components","DK-0124","Build DkRangeField with all variants and states","Design system & components","finish-to-start (blocked by)"
"DK-0126","Build DkSearchField with all variants and states","Design system & components","DK-0024","Create the DkTokens ThemeExtension (Sogda DpTokens architecture) with light and dark sets","Design system & components","finish-to-start (blocked by)"
"DK-0126","Build DkSearchField with all variants and states","Design system & components","DK-0036","Implement the 11 typography tokens with system fonts (SF Pro / Roboto)","Design system & components","finish-to-start (blocked by)"
"DK-0126","Build DkSearchField with all variants and states","Design system & components","DK-0038","Implement spacing, radius, elevation and border tokens","Design system & components","finish-to-start (blocked by)"
"DK-0126","Build DkSearchField with all variants and states","Design system & components","DK-0048","Integrate Material Symbols Rounded (material_symbols_icons) with size tokens","Design system & components","finish-to-start (blocked by)"
"DK-0127","Golden + accessibility tests for DkSearchField","Design system & components","DK-0126","Build DkSearchField with all variants and states","Design system & components","finish-to-start (blocked by)"
"DK-0128","Build DkSwitch with all variants and states","Design system & components","DK-0024","Create the DkTokens ThemeExtension (Sogda DpTokens architecture) with light and dark sets","Design system & components","finish-to-start (blocked by)"
"DK-0128","Build DkSwitch with all variants and states","Design system & components","DK-0036","Implement the 11 typography tokens with system fonts (SF Pro / Roboto)","Design system & components","finish-to-start (blocked by)"
"DK-0128","Build DkSwitch with all variants and states","Design system & components","DK-0038","Implement spacing, radius, elevation and border tokens","Design system & components","finish-to-start (blocked by)"
"DK-0128","Build DkSwitch with all variants and states","Design system & components","DK-0048","Integrate Material Symbols Rounded (material_symbols_icons) with size tokens","Design system & components","finish-to-start (blocked by)"
"DK-0129","Golden + accessibility tests for DkSwitch","Design system & components","DK-0128","Build DkSwitch with all variants and states","Design system & components","finish-to-start (blocked by)"
"DK-0130","Build DkSegmented with all variants and states","Design system & components","DK-0024","Create the DkTokens ThemeExtension (Sogda DpTokens architecture) with light and dark sets","Design system & components","finish-to-start (blocked by)"
"DK-0130","Build DkSegmented with all variants and states","Design system & components","DK-0036","Implement the 11 typography tokens with system fonts (SF Pro / Roboto)","Design system & components","finish-to-start (blocked by)"
"DK-0130","Build DkSegmented with all variants and states","Design system & components","DK-0038","Implement spacing, radius, elevation and border tokens","Design system & components","finish-to-start (blocked by)"
"DK-0130","Build DkSegmented with all variants and states","Design system & components","DK-0048","Integrate Material Symbols Rounded (material_symbols_icons) with size tokens","Design system & components","finish-to-start (blocked by)"
"DK-0131","Golden + accessibility tests for DkSegmented","Design system & components","DK-0130","Build DkSegmented with all variants and states","Design system & components","finish-to-start (blocked by)"
"DK-0132","Build DkSlider with all variants and states","Design system & components","DK-0024","Create the DkTokens ThemeExtension (Sogda DpTokens architecture) with light and dark sets","Design system & components","finish-to-start (blocked by)"
"DK-0132","Build DkSlider with all variants and states","Design system & components","DK-0036","Implement the 11 typography tokens with system fonts (SF Pro / Roboto)","Design system & components","finish-to-start (blocked by)"
"DK-0132","Build DkSlider with all variants and states","Design system & components","DK-0038","Implement spacing, radius, elevation and border tokens","Design system & components","finish-to-start (blocked by)"
"DK-0132","Build DkSlider with all variants and states","Design system & components","DK-0048","Integrate Material Symbols Rounded (material_symbols_icons) with size tokens","Design system & components","finish-to-start (blocked by)"
"DK-0133","Golden + accessibility tests for DkSlider","Design system & components","DK-0132","Build DkSlider with all variants and states","Design system & components","finish-to-start (blocked by)"
"DK-0134","Build DkStepper with all variants and states","Design system & components","DK-0024","Create the DkTokens ThemeExtension (Sogda DpTokens architecture) with light and dark sets","Design system & components","finish-to-start (blocked by)"
"DK-0134","Build DkStepper with all variants and states","Design system & components","DK-0036","Implement the 11 typography tokens with system fonts (SF Pro / Roboto)","Design system & components","finish-to-start (blocked by)"
"DK-0134","Build DkStepper with all variants and states","Design system & components","DK-0038","Implement spacing, radius, elevation and border tokens","Design system & components","finish-to-start (blocked by)"
"DK-0134","Build DkStepper with all variants and states","Design system & components","DK-0048","Integrate Material Symbols Rounded (material_symbols_icons) with size tokens","Design system & components","finish-to-start (blocked by)"
"DK-0135","Golden + accessibility tests for DkStepper","Design system & components","DK-0134","Build DkStepper with all variants and states","Design system & components","finish-to-start (blocked by)"
"DK-0136","Build DkDropdown with all variants and states","Design system & components","DK-0024","Create the DkTokens ThemeExtension (Sogda DpTokens architecture) with light and dark sets","Design system & components","finish-to-start (blocked by)"
"DK-0136","Build DkDropdown with all variants and states","Design system & components","DK-0036","Implement the 11 typography tokens with system fonts (SF Pro / Roboto)","Design system & components","finish-to-start (blocked by)"
"DK-0136","Build DkDropdown with all variants and states","Design system & components","DK-0038","Implement spacing, radius, elevation and border tokens","Design system & components","finish-to-start (blocked by)"
"DK-0136","Build DkDropdown with all variants and states","Design system & components","DK-0120","Build DkTextField with all variants and states","Design system & components","finish-to-start (blocked by)"
"DK-0136","Build DkDropdown with all variants and states","Design system & components","DK-0182","Build DkSheet with all variants and states","Design system & components","finish-to-start (blocked by)"
"DK-0136","Build DkDropdown with all variants and states","Design system & components","DK-0048","Integrate Material Symbols Rounded (material_symbols_icons) with size tokens","Design system & components","finish-to-start (blocked by)"
"DK-0137","Golden + accessibility tests for DkDropdown","Design system & components","DK-0136","Build DkDropdown with all variants and states","Design system & components","finish-to-start (blocked by)"
"DK-0138","Build DkOptionRow with all variants and states","Design system & components","DK-0024","Create the DkTokens ThemeExtension (Sogda DpTokens architecture) with light and dark sets","Design system & components","finish-to-start (blocked by)"
"DK-0138","Build DkOptionRow with all variants and states","Design system & components","DK-0036","Implement the 11 typography tokens with system fonts (SF Pro / Roboto)","Design system & components","finish-to-start (blocked by)"
"DK-0138","Build DkOptionRow with all variants and states","Design system & components","DK-0038","Implement spacing, radius, elevation and border tokens","Design system & components","finish-to-start (blocked by)"
"DK-0138","Build DkOptionRow with all variants and states","Design system & components","DK-0128","Build DkSwitch with all variants and states","Design system & components","finish-to-start (blocked by)"
"DK-0138","Build DkOptionRow with all variants and states","Design system & components","DK-0048","Integrate Material Symbols Rounded (material_symbols_icons) with size tokens","Design system & components","finish-to-start (blocked by)"
"DK-0139","Golden + accessibility tests for DkOptionRow","Design system & components","DK-0138","Build DkOptionRow with all variants and states","Design system & components","finish-to-start (blocked by)"
"DK-0140","Build DkPositionPicker with all variants and states","Design system & components","DK-0024","Create the DkTokens ThemeExtension (Sogda DpTokens architecture) with light and dark sets","Design system & components","finish-to-start (blocked by)"
"DK-0140","Build DkPositionPicker with all variants and states","Design system & components","DK-0036","Implement the 11 typography tokens with system fonts (SF Pro / Roboto)","Design system & components","finish-to-start (blocked by)"
"DK-0140","Build DkPositionPicker with all variants and states","Design system & components","DK-0038","Implement spacing, radius, elevation and border tokens","Design system & components","finish-to-start (blocked by)"
"DK-0140","Build DkPositionPicker with all variants and states","Design system & components","DK-0048","Integrate Material Symbols Rounded (material_symbols_icons) with size tokens","Design system & components","finish-to-start (blocked by)"
"DK-0141","Golden + accessibility tests for DkPositionPicker","Design system & components","DK-0140","Build DkPositionPicker with all variants and states","Design system & components","finish-to-start (blocked by)"
"DK-0142","Build DkColorRow with all variants and states","Design system & components","DK-0024","Create the DkTokens ThemeExtension (Sogda DpTokens architecture) with light and dark sets","Design system & components","finish-to-start (blocked by)"
"DK-0142","Build DkColorRow with all variants and states","Design system & components","DK-0036","Implement the 11 typography tokens with system fonts (SF Pro / Roboto)","Design system & components","finish-to-start (blocked by)"
"DK-0142","Build DkColorRow with all variants and states","Design system & components","DK-0038","Implement spacing, radius, elevation and border tokens","Design system & components","finish-to-start (blocked by)"
"DK-0142","Build DkColorRow with all variants and states","Design system & components","DK-0048","Integrate Material Symbols Rounded (material_symbols_icons) with size tokens","Design system & components","finish-to-start (blocked by)"
"DK-0143","Golden + accessibility tests for DkColorRow","Design system & components","DK-0142","Build DkColorRow with all variants and states","Design system & components","finish-to-start (blocked by)"
"DK-0144","Build DkCheckboxRow with all variants and states","Design system & components","DK-0024","Create the DkTokens ThemeExtension (Sogda DpTokens architecture) with light and dark sets","Design system & components","finish-to-start (blocked by)"
"DK-0144","Build DkCheckboxRow with all variants and states","Design system & components","DK-0036","Implement the 11 typography tokens with system fonts (SF Pro / Roboto)","Design system & components","finish-to-start (blocked by)"
"DK-0144","Build DkCheckboxRow with all variants and states","Design system & components","DK-0038","Implement spacing, radius, elevation and border tokens","Design system & components","finish-to-start (blocked by)"
"DK-0144","Build DkCheckboxRow with all variants and states","Design system & components","DK-0048","Integrate Material Symbols Rounded (material_symbols_icons) with size tokens","Design system & components","finish-to-start (blocked by)"
"DK-0145","Golden + accessibility tests for DkCheckboxRow","Design system & components","DK-0144","Build DkCheckboxRow with all variants and states","Design system & components","finish-to-start (blocked by)"
"DK-0146","Build DkRadioRow with all variants and states","Design system & components","DK-0024","Create the DkTokens ThemeExtension (Sogda DpTokens architecture) with light and dark sets","Design system & components","finish-to-start (blocked by)"
"DK-0146","Build DkRadioRow with all variants and states","Design system & components","DK-0036","Implement the 11 typography tokens with system fonts (SF Pro / Roboto)","Design system & components","finish-to-start (blocked by)"
"DK-0146","Build DkRadioRow with all variants and states","Design system & components","DK-0038","Implement spacing, radius, elevation and border tokens","Design system & components","finish-to-start (blocked by)"
"DK-0146","Build DkRadioRow with all variants and states","Design system & components","DK-0048","Integrate Material Symbols Rounded (material_symbols_icons) with size tokens","Design system & components","finish-to-start (blocked by)"
"DK-0147","Golden + accessibility tests for DkRadioRow","Design system & components","DK-0146","Build DkRadioRow with all variants and states","Design system & components","finish-to-start (blocked by)"
"DK-0148","Build DkPinPad with all variants and states","Design system & components","DK-0024","Create the DkTokens ThemeExtension (Sogda DpTokens architecture) with light and dark sets","Design system & components","finish-to-start (blocked by)"
"DK-0148","Build DkPinPad with all variants and states","Design system & components","DK-0036","Implement the 11 typography tokens with system fonts (SF Pro / Roboto)","Design system & components","finish-to-start (blocked by)"
"DK-0148","Build DkPinPad with all variants and states","Design system & components","DK-0038","Implement spacing, radius, elevation and border tokens","Design system & components","finish-to-start (blocked by)"
"DK-0148","Build DkPinPad with all variants and states","Design system & components","DK-0048","Integrate Material Symbols Rounded (material_symbols_icons) with size tokens","Design system & components","finish-to-start (blocked by)"
"DK-0149","Golden + accessibility tests for DkPinPad","Design system & components","DK-0148","Build DkPinPad with all variants and states","Design system & components","finish-to-start (blocked by)"
"DK-0150","Build DkPageThumb with all variants and states","Design system & components","DK-0024","Create the DkTokens ThemeExtension (Sogda DpTokens architecture) with light and dark sets","Design system & components","finish-to-start (blocked by)"
"DK-0150","Build DkPageThumb with all variants and states","Design system & components","DK-0036","Implement the 11 typography tokens with system fonts (SF Pro / Roboto)","Design system & components","finish-to-start (blocked by)"
"DK-0150","Build DkPageThumb with all variants and states","Design system & components","DK-0038","Implement spacing, radius, elevation and border tokens","Design system & components","finish-to-start (blocked by)"
"DK-0150","Build DkPageThumb with all variants and states","Design system & components","DK-0390","Build `doc_core`: Document core API","PDF engine & native","finish-to-start (blocked by)"
"DK-0150","Build DkPageThumb with all variants and states","Design system & components","DK-0048","Integrate Material Symbols Rounded (material_symbols_icons) with size tokens","Design system & components","finish-to-start (blocked by)"
"DK-0151","Golden + accessibility tests for DkPageThumb","Design system & components","DK-0150","Build DkPageThumb with all variants and states","Design system & components","finish-to-start (blocked by)"
"DK-0152","Build DkPageTray with all variants and states","Design system & components","DK-0024","Create the DkTokens ThemeExtension (Sogda DpTokens architecture) with light and dark sets","Design system & components","finish-to-start (blocked by)"
"DK-0152","Build DkPageTray with all variants and states","Design system & components","DK-0036","Implement the 11 typography tokens with system fonts (SF Pro / Roboto)","Design system & components","finish-to-start (blocked by)"
"DK-0152","Build DkPageTray with all variants and states","Design system & components","DK-0038","Implement spacing, radius, elevation and border tokens","Design system & components","finish-to-start (blocked by)"
"DK-0152","Build DkPageTray with all variants and states","Design system & components","DK-0150","Build DkPageThumb with all variants and states","Design system & components","finish-to-start (blocked by)"
"DK-0152","Build DkPageTray with all variants and states","Design system & components","DK-0048","Integrate Material Symbols Rounded (material_symbols_icons) with size tokens","Design system & components","finish-to-start (blocked by)"
"DK-0153","Golden + accessibility tests for DkPageTray","Design system & components","DK-0152","Build DkPageTray with all variants and states","Design system & components","finish-to-start (blocked by)"
"DK-0154","Build DkPageGrid with all variants and states","Design system & components","DK-0024","Create the DkTokens ThemeExtension (Sogda DpTokens architecture) with light and dark sets","Design system & components","finish-to-start (blocked by)"
"DK-0154","Build DkPageGrid with all variants and states","Design system & components","DK-0036","Implement the 11 typography tokens with system fonts (SF Pro / Roboto)","Design system & components","finish-to-start (blocked by)"
"DK-0154","Build DkPageGrid with all variants and states","Design system & components","DK-0038","Implement spacing, radius, elevation and border tokens","Design system & components","finish-to-start (blocked by)"
"DK-0154","Build DkPageGrid with all variants and states","Design system & components","DK-0150","Build DkPageThumb with all variants and states","Design system & components","finish-to-start (blocked by)"
"DK-0154","Build DkPageGrid with all variants and states","Design system & components","DK-0048","Integrate Material Symbols Rounded (material_symbols_icons) with size tokens","Design system & components","finish-to-start (blocked by)"
"DK-0155","Golden + accessibility tests for DkPageGrid","Design system & components","DK-0154","Build DkPageGrid with all variants and states","Design system & components","finish-to-start (blocked by)"
"DK-0156","Build DkCropOverlay with all variants and states","Design system & components","DK-0024","Create the DkTokens ThemeExtension (Sogda DpTokens architecture) with light and dark sets","Design system & components","finish-to-start (blocked by)"
"DK-0156","Build DkCropOverlay with all variants and states","Design system & components","DK-0036","Implement the 11 typography tokens with system fonts (SF Pro / Roboto)","Design system & components","finish-to-start (blocked by)"
"DK-0156","Build DkCropOverlay with all variants and states","Design system & components","DK-0038","Implement spacing, radius, elevation and border tokens","Design system & components","finish-to-start (blocked by)"
"DK-0156","Build DkCropOverlay with all variants and states","Design system & components","DK-0074","Build DkButton with all variants and states","Design system & components","finish-to-start (blocked by)"
"DK-0156","Build DkCropOverlay with all variants and states","Design system & components","DK-0048","Integrate Material Symbols Rounded (material_symbols_icons) with size tokens","Design system & components","finish-to-start (blocked by)"
"DK-0157","Golden + accessibility tests for DkCropOverlay","Design system & components","DK-0156","Build DkCropOverlay with all variants and states","Design system & components","finish-to-start (blocked by)"
"DK-0158","Build DkMagnifier with all variants and states","Design system & components","DK-0024","Create the DkTokens ThemeExtension (Sogda DpTokens architecture) with light and dark sets","Design system & components","finish-to-start (blocked by)"
"DK-0158","Build DkMagnifier with all variants and states","Design system & components","DK-0036","Implement the 11 typography tokens with system fonts (SF Pro / Roboto)","Design system & components","finish-to-start (blocked by)"
"DK-0158","Build DkMagnifier with all variants and states","Design system & components","DK-0038","Implement spacing, radius, elevation and border tokens","Design system & components","finish-to-start (blocked by)"
"DK-0158","Build DkMagnifier with all variants and states","Design system & components","DK-0048","Integrate Material Symbols Rounded (material_symbols_icons) with size tokens","Design system & components","finish-to-start (blocked by)"
"DK-0159","Golden + accessibility tests for DkMagnifier","Design system & components","DK-0158","Build DkMagnifier with all variants and states","Design system & components","finish-to-start (blocked by)"
"DK-0160","Build DkRedactionBox with all variants and states","Design system & components","DK-0024","Create the DkTokens ThemeExtension (Sogda DpTokens architecture) with light and dark sets","Design system & components","finish-to-start (blocked by)"
"DK-0160","Build DkRedactionBox with all variants and states","Design system & components","DK-0036","Implement the 11 typography tokens with system fonts (SF Pro / Roboto)","Design system & components","finish-to-start (blocked by)"
"DK-0160","Build DkRedactionBox with all variants and states","Design system & components","DK-0038","Implement spacing, radius, elevation and border tokens","Design system & components","finish-to-start (blocked by)"
"DK-0160","Build DkRedactionBox with all variants and states","Design system & components","DK-0048","Integrate Material Symbols Rounded (material_symbols_icons) with size tokens","Design system & components","finish-to-start (blocked by)"
"DK-0161","Golden + accessibility tests for DkRedactionBox","Design system & components","DK-0160","Build DkRedactionBox with all variants and states","Design system & components","finish-to-start (blocked by)"
"DK-0162","Build DkSignatureStamp with all variants and states","Design system & components","DK-0024","Create the DkTokens ThemeExtension (Sogda DpTokens architecture) with light and dark sets","Design system & components","finish-to-start (blocked by)"
"DK-0162","Build DkSignatureStamp with all variants and states","Design system & components","DK-0036","Implement the 11 typography tokens with system fonts (SF Pro / Roboto)","Design system & components","finish-to-start (blocked by)"
"DK-0162","Build DkSignatureStamp with all variants and states","Design system & components","DK-0038","Implement spacing, radius, elevation and border tokens","Design system & components","finish-to-start (blocked by)"
"DK-0162","Build DkSignatureStamp with all variants and states","Design system & components","DK-0048","Integrate Material Symbols Rounded (material_symbols_icons) with size tokens","Design system & components","finish-to-start (blocked by)"
"DK-0163","Golden + accessibility tests for DkSignatureStamp","Design system & components","DK-0162","Build DkSignatureStamp with all variants and states","Design system & components","finish-to-start (blocked by)"
"DK-0164","Build DkTopBar with all variants and states","Design system & components","DK-0024","Create the DkTokens ThemeExtension (Sogda DpTokens architecture) with light and dark sets","Design system & components","finish-to-start (blocked by)"
"DK-0164","Build DkTopBar with all variants and states","Design system & components","DK-0036","Implement the 11 typography tokens with system fonts (SF Pro / Roboto)","Design system & components","finish-to-start (blocked by)"
"DK-0164","Build DkTopBar with all variants and states","Design system & components","DK-0038","Implement spacing, radius, elevation and border tokens","Design system & components","finish-to-start (blocked by)"
"DK-0164","Build DkTopBar with all variants and states","Design system & components","DK-0076","Build DkIconButton with all variants and states","Design system & components","finish-to-start (blocked by)"
"DK-0164","Build DkTopBar with all variants and states","Design system & components","DK-0048","Integrate Material Symbols Rounded (material_symbols_icons) with size tokens","Design system & components","finish-to-start (blocked by)"
"DK-0165","Golden + accessibility tests for DkTopBar","Design system & components","DK-0164","Build DkTopBar with all variants and states","Design system & components","finish-to-start (blocked by)"
"DK-0166","Build DkTabBar with all variants and states","Design system & components","DK-0024","Create the DkTokens ThemeExtension (Sogda DpTokens architecture) with light and dark sets","Design system & components","finish-to-start (blocked by)"
"DK-0166","Build DkTabBar with all variants and states","Design system & components","DK-0036","Implement the 11 typography tokens with system fonts (SF Pro / Roboto)","Design system & components","finish-to-start (blocked by)"
"DK-0166","Build DkTabBar with all variants and states","Design system & components","DK-0038","Implement spacing, radius, elevation and border tokens","Design system & components","finish-to-start (blocked by)"
"DK-0166","Build DkTabBar with all variants and states","Design system & components","DK-0078","Build DkScanButton with all variants and states","Design system & components","finish-to-start (blocked by)"
"DK-0166","Build DkTabBar with all variants and states","Design system & components","DK-0048","Integrate Material Symbols Rounded (material_symbols_icons) with size tokens","Design system & components","finish-to-start (blocked by)"
"DK-0167","Golden + accessibility tests for DkTabBar","Design system & components","DK-0166","Build DkTabBar with all variants and states","Design system & components","finish-to-start (blocked by)"
"DK-0168","Build DkNavRail with all variants and states","Design system & components","DK-0024","Create the DkTokens ThemeExtension (Sogda DpTokens architecture) with light and dark sets","Design system & components","finish-to-start (blocked by)"
"DK-0168","Build DkNavRail with all variants and states","Design system & components","DK-0036","Implement the 11 typography tokens with system fonts (SF Pro / Roboto)","Design system & components","finish-to-start (blocked by)"
"DK-0168","Build DkNavRail with all variants and states","Design system & components","DK-0038","Implement spacing, radius, elevation and border tokens","Design system & components","finish-to-start (blocked by)"
"DK-0168","Build DkNavRail with all variants and states","Design system & components","DK-0078","Build DkScanButton with all variants and states","Design system & components","finish-to-start (blocked by)"
"DK-0168","Build DkNavRail with all variants and states","Design system & components","DK-0048","Integrate Material Symbols Rounded (material_symbols_icons) with size tokens","Design system & components","finish-to-start (blocked by)"
"DK-0169","Golden + accessibility tests for DkNavRail","Design system & components","DK-0168","Build DkNavRail with all variants and states","Design system & components","finish-to-start (blocked by)"
"DK-0170","Build DkActionBar with all variants and states","Design system & components","DK-0024","Create the DkTokens ThemeExtension (Sogda DpTokens architecture) with light and dark sets","Design system & components","finish-to-start (blocked by)"
"DK-0170","Build DkActionBar with all variants and states","Design system & components","DK-0036","Implement the 11 typography tokens with system fonts (SF Pro / Roboto)","Design system & components","finish-to-start (blocked by)"
"DK-0170","Build DkActionBar with all variants and states","Design system & components","DK-0038","Implement spacing, radius, elevation and border tokens","Design system & components","finish-to-start (blocked by)"
"DK-0170","Build DkActionBar with all variants and states","Design system & components","DK-0074","Build DkButton with all variants and states","Design system & components","finish-to-start (blocked by)"
"DK-0170","Build DkActionBar with all variants and states","Design system & components","DK-0048","Integrate Material Symbols Rounded (material_symbols_icons) with size tokens","Design system & components","finish-to-start (blocked by)"
"DK-0171","Golden + accessibility tests for DkActionBar","Design system & components","DK-0170","Build DkActionBar with all variants and states","Design system & components","finish-to-start (blocked by)"
"DK-0172","Build DkSelectionBar with all variants and states","Design system & components","DK-0024","Create the DkTokens ThemeExtension (Sogda DpTokens architecture) with light and dark sets","Design system & components","finish-to-start (blocked by)"
"DK-0172","Build DkSelectionBar with all variants and states","Design system & components","DK-0036","Implement the 11 typography tokens with system fonts (SF Pro / Roboto)","Design system & components","finish-to-start (blocked by)"
"DK-0172","Build DkSelectionBar with all variants and states","Design system & components","DK-0038","Implement spacing, radius, elevation and border tokens","Design system & components","finish-to-start (blocked by)"
"DK-0172","Build DkSelectionBar with all variants and states","Design system & components","DK-0076","Build DkIconButton with all variants and states","Design system & components","finish-to-start (blocked by)"
"DK-0172","Build DkSelectionBar with all variants and states","Design system & components","DK-0048","Integrate Material Symbols Rounded (material_symbols_icons) with size tokens","Design system & components","finish-to-start (blocked by)"
"DK-0173","Golden + accessibility tests for DkSelectionBar","Design system & components","DK-0172","Build DkSelectionBar with all variants and states","Design system & components","finish-to-start (blocked by)"
"DK-0174","Build DkMiniJobBar with all variants and states","Design system & components","DK-0024","Create the DkTokens ThemeExtension (Sogda DpTokens architecture) with light and dark sets","Design system & components","finish-to-start (blocked by)"
"DK-0174","Build DkMiniJobBar with all variants and states","Design system & components","DK-0036","Implement the 11 typography tokens with system fonts (SF Pro / Roboto)","Design system & components","finish-to-start (blocked by)"
"DK-0174","Build DkMiniJobBar with all variants and states","Design system & components","DK-0038","Implement spacing, radius, elevation and border tokens","Design system & components","finish-to-start (blocked by)"
"DK-0174","Build DkMiniJobBar with all variants and states","Design system & components","DK-0112","Build DkStatusDot with all variants and states","Design system & components","finish-to-start (blocked by)"
"DK-0174","Build DkMiniJobBar with all variants and states","Design system & components","DK-0048","Integrate Material Symbols Rounded (material_symbols_icons) with size tokens","Design system & components","finish-to-start (blocked by)"
"DK-0175","Golden + accessibility tests for DkMiniJobBar","Design system & components","DK-0174","Build DkMiniJobBar with all variants and states","Design system & components","finish-to-start (blocked by)"
"DK-0176","Build DkToolStrip with all variants and states","Design system & components","DK-0024","Create the DkTokens ThemeExtension (Sogda DpTokens architecture) with light and dark sets","Design system & components","finish-to-start (blocked by)"
"DK-0176","Build DkToolStrip with all variants and states","Design system & components","DK-0036","Implement the 11 typography tokens with system fonts (SF Pro / Roboto)","Design system & components","finish-to-start (blocked by)"
"DK-0176","Build DkToolStrip with all variants and states","Design system & components","DK-0038","Implement spacing, radius, elevation and border tokens","Design system & components","finish-to-start (blocked by)"
"DK-0176","Build DkToolStrip with all variants and states","Design system & components","DK-0076","Build DkIconButton with all variants and states","Design system & components","finish-to-start (blocked by)"
"DK-0176","Build DkToolStrip with all variants and states","Design system & components","DK-0048","Integrate Material Symbols Rounded (material_symbols_icons) with size tokens","Design system & components","finish-to-start (blocked by)"
"DK-0177","Golden + accessibility tests for DkToolStrip","Design system & components","DK-0176","Build DkToolStrip with all variants and states","Design system & components","finish-to-start (blocked by)"
"DK-0178","Build DkViewerBar with all variants and states","Design system & components","DK-0024","Create the DkTokens ThemeExtension (Sogda DpTokens architecture) with light and dark sets","Design system & components","finish-to-start (blocked by)"
"DK-0178","Build DkViewerBar with all variants and states","Design system & components","DK-0036","Implement the 11 typography tokens with system fonts (SF Pro / Roboto)","Design system & components","finish-to-start (blocked by)"
"DK-0178","Build DkViewerBar with all variants and states","Design system & components","DK-0038","Implement spacing, radius, elevation and border tokens","Design system & components","finish-to-start (blocked by)"
"DK-0178","Build DkViewerBar with all variants and states","Design system & components","DK-0076","Build DkIconButton with all variants and states","Design system & components","finish-to-start (blocked by)"
"DK-0178","Build DkViewerBar with all variants and states","Design system & components","DK-0048","Integrate Material Symbols Rounded (material_symbols_icons) with size tokens","Design system & components","finish-to-start (blocked by)"
"DK-0179","Golden + accessibility tests for DkViewerBar","Design system & components","DK-0178","Build DkViewerBar with all variants and states","Design system & components","finish-to-start (blocked by)"
"DK-0180","Build DkCameraTopBar with all variants and states","Design system & components","DK-0024","Create the DkTokens ThemeExtension (Sogda DpTokens architecture) with light and dark sets","Design system & components","finish-to-start (blocked by)"
"DK-0180","Build DkCameraTopBar with all variants and states","Design system & components","DK-0036","Implement the 11 typography tokens with system fonts (SF Pro / Roboto)","Design system & components","finish-to-start (blocked by)"
"DK-0180","Build DkCameraTopBar with all variants and states","Design system & components","DK-0038","Implement spacing, radius, elevation and border tokens","Design system & components","finish-to-start (blocked by)"
"DK-0180","Build DkCameraTopBar with all variants and states","Design system & components","DK-0076","Build DkIconButton with all variants and states","Design system & components","finish-to-start (blocked by)"
"DK-0180","Build DkCameraTopBar with all variants and states","Design system & components","DK-0048","Integrate Material Symbols Rounded (material_symbols_icons) with size tokens","Design system & components","finish-to-start (blocked by)"
"DK-0181","Golden + accessibility tests for DkCameraTopBar","Design system & components","DK-0180","Build DkCameraTopBar with all variants and states","Design system & components","finish-to-start (blocked by)"
"DK-0182","Build DkSheet with all variants and states","Design system & components","DK-0024","Create the DkTokens ThemeExtension (Sogda DpTokens architecture) with light and dark sets","Design system & components","finish-to-start (blocked by)"
"DK-0182","Build DkSheet with all variants and states","Design system & components","DK-0036","Implement the 11 typography tokens with system fonts (SF Pro / Roboto)","Design system & components","finish-to-start (blocked by)"
"DK-0182","Build DkSheet with all variants and states","Design system & components","DK-0038","Implement spacing, radius, elevation and border tokens","Design system & components","finish-to-start (blocked by)"
"DK-0182","Build DkSheet with all variants and states","Design system & components","DK-0048","Integrate Material Symbols Rounded (material_symbols_icons) with size tokens","Design system & components","finish-to-start (blocked by)"
"DK-0183","Golden + accessibility tests for DkSheet","Design system & components","DK-0182","Build DkSheet with all variants and states","Design system & components","finish-to-start (blocked by)"
"DK-0184","Build DkActionSheet with all variants and states","Design system & components","DK-0024","Create the DkTokens ThemeExtension (Sogda DpTokens architecture) with light and dark sets","Design system & components","finish-to-start (blocked by)"
"DK-0184","Build DkActionSheet with all variants and states","Design system & components","DK-0036","Implement the 11 typography tokens with system fonts (SF Pro / Roboto)","Design system & components","finish-to-start (blocked by)"
"DK-0184","Build DkActionSheet with all variants and states","Design system & components","DK-0038","Implement spacing, radius, elevation and border tokens","Design system & components","finish-to-start (blocked by)"
"DK-0184","Build DkActionSheet with all variants and states","Design system & components","DK-0182","Build DkSheet with all variants and states","Design system & components","finish-to-start (blocked by)"
"DK-0184","Build DkActionSheet with all variants and states","Design system & components","DK-0048","Integrate Material Symbols Rounded (material_symbols_icons) with size tokens","Design system & components","finish-to-start (blocked by)"
"DK-0185","Golden + accessibility tests for DkActionSheet","Design system & components","DK-0184","Build DkActionSheet with all variants and states","Design system & components","finish-to-start (blocked by)"
"DK-0186","Build DkConfirmDialog with all variants and states","Design system & components","DK-0024","Create the DkTokens ThemeExtension (Sogda DpTokens architecture) with light and dark sets","Design system & components","finish-to-start (blocked by)"
"DK-0186","Build DkConfirmDialog with all variants and states","Design system & components","DK-0036","Implement the 11 typography tokens with system fonts (SF Pro / Roboto)","Design system & components","finish-to-start (blocked by)"
"DK-0186","Build DkConfirmDialog with all variants and states","Design system & components","DK-0038","Implement spacing, radius, elevation and border tokens","Design system & components","finish-to-start (blocked by)"
"DK-0186","Build DkConfirmDialog with all variants and states","Design system & components","DK-0074","Build DkButton with all variants and states","Design system & components","finish-to-start (blocked by)"
"DK-0186","Build DkConfirmDialog with all variants and states","Design system & components","DK-0048","Integrate Material Symbols Rounded (material_symbols_icons) with size tokens","Design system & components","finish-to-start (blocked by)"
"DK-0187","Golden + accessibility tests for DkConfirmDialog","Design system & components","DK-0186","Build DkConfirmDialog with all variants and states","Design system & components","finish-to-start (blocked by)"
"DK-0188","Build DkMenu with all variants and states","Design system & components","DK-0024","Create the DkTokens ThemeExtension (Sogda DpTokens architecture) with light and dark sets","Design system & components","finish-to-start (blocked by)"
"DK-0188","Build DkMenu with all variants and states","Design system & components","DK-0036","Implement the 11 typography tokens with system fonts (SF Pro / Roboto)","Design system & components","finish-to-start (blocked by)"
"DK-0188","Build DkMenu with all variants and states","Design system & components","DK-0038","Implement spacing, radius, elevation and border tokens","Design system & components","finish-to-start (blocked by)"
"DK-0188","Build DkMenu with all variants and states","Design system & components","DK-0048","Integrate Material Symbols Rounded (material_symbols_icons) with size tokens","Design system & components","finish-to-start (blocked by)"
"DK-0189","Golden + accessibility tests for DkMenu","Design system & components","DK-0188","Build DkMenu with all variants and states","Design system & components","finish-to-start (blocked by)"
"DK-0190","Build DkToast with all variants and states","Design system & components","DK-0024","Create the DkTokens ThemeExtension (Sogda DpTokens architecture) with light and dark sets","Design system & components","finish-to-start (blocked by)"
"DK-0190","Build DkToast with all variants and states","Design system & components","DK-0036","Implement the 11 typography tokens with system fonts (SF Pro / Roboto)","Design system & components","finish-to-start (blocked by)"
"DK-0190","Build DkToast with all variants and states","Design system & components","DK-0038","Implement spacing, radius, elevation and border tokens","Design system & components","finish-to-start (blocked by)"
"DK-0190","Build DkToast with all variants and states","Design system & components","DK-0048","Integrate Material Symbols Rounded (material_symbols_icons) with size tokens","Design system & components","finish-to-start (blocked by)"
"DK-0191","Golden + accessibility tests for DkToast","Design system & components","DK-0190","Build DkToast with all variants and states","Design system & components","finish-to-start (blocked by)"
"DK-0192","Build DkBanner with all variants and states","Design system & components","DK-0024","Create the DkTokens ThemeExtension (Sogda DpTokens architecture) with light and dark sets","Design system & components","finish-to-start (blocked by)"
"DK-0192","Build DkBanner with all variants and states","Design system & components","DK-0036","Implement the 11 typography tokens with system fonts (SF Pro / Roboto)","Design system & components","finish-to-start (blocked by)"
"DK-0192","Build DkBanner with all variants and states","Design system & components","DK-0038","Implement spacing, radius, elevation and border tokens","Design system & components","finish-to-start (blocked by)"
"DK-0192","Build DkBanner with all variants and states","Design system & components","DK-0074","Build DkButton with all variants and states","Design system & components","finish-to-start (blocked by)"
"DK-0192","Build DkBanner with all variants and states","Design system & components","DK-0048","Integrate Material Symbols Rounded (material_symbols_icons) with size tokens","Design system & components","finish-to-start (blocked by)"
"DK-0193","Golden + accessibility tests for DkBanner","Design system & components","DK-0192","Build DkBanner with all variants and states","Design system & components","finish-to-start (blocked by)"
"DK-0194","Build DkProgressSheet with all variants and states","Design system & components","DK-0024","Create the DkTokens ThemeExtension (Sogda DpTokens architecture) with light and dark sets","Design system & components","finish-to-start (blocked by)"
"DK-0194","Build DkProgressSheet with all variants and states","Design system & components","DK-0036","Implement the 11 typography tokens with system fonts (SF Pro / Roboto)","Design system & components","finish-to-start (blocked by)"
"DK-0194","Build DkProgressSheet with all variants and states","Design system & components","DK-0038","Implement spacing, radius, elevation and border tokens","Design system & components","finish-to-start (blocked by)"
"DK-0194","Build DkProgressSheet with all variants and states","Design system & components","DK-0182","Build DkSheet with all variants and states","Design system & components","finish-to-start (blocked by)"
"DK-0194","Build DkProgressSheet with all variants and states","Design system & components","DK-0074","Build DkButton with all variants and states","Design system & components","finish-to-start (blocked by)"
"DK-0194","Build DkProgressSheet with all variants and states","Design system & components","DK-0048","Integrate Material Symbols Rounded (material_symbols_icons) with size tokens","Design system & components","finish-to-start (blocked by)"
"DK-0194","Build DkProgressSheet with all variants and states","Design system & components","DK-0069","Ship ILL-20 illustration (Generic error) as light and dark vector assets","Design system & components","finish-to-start (blocked by)"
"DK-0195","Golden + accessibility tests for DkProgressSheet","Design system & components","DK-0194","Build DkProgressSheet with all variants and states","Design system & components","finish-to-start (blocked by)"
"DK-0196","Build DkEmptyState with all variants and states","Design system & components","DK-0024","Create the DkTokens ThemeExtension (Sogda DpTokens architecture) with light and dark sets","Design system & components","finish-to-start (blocked by)"
"DK-0196","Build DkEmptyState with all variants and states","Design system & components","DK-0036","Implement the 11 typography tokens with system fonts (SF Pro / Roboto)","Design system & components","finish-to-start (blocked by)"
"DK-0196","Build DkEmptyState with all variants and states","Design system & components","DK-0038","Implement spacing, radius, elevation and border tokens","Design system & components","finish-to-start (blocked by)"
"DK-0196","Build DkEmptyState with all variants and states","Design system & components","DK-0074","Build DkButton with all variants and states","Design system & components","finish-to-start (blocked by)"
"DK-0196","Build DkEmptyState with all variants and states","Design system & components","DK-0048","Integrate Material Symbols Rounded (material_symbols_icons) with size tokens","Design system & components","finish-to-start (blocked by)"
"DK-0197","Golden + accessibility tests for DkEmptyState","Design system & components","DK-0196","Build DkEmptyState with all variants and states","Design system & components","finish-to-start (blocked by)"
"DK-0198","Build DkSkeleton with all variants and states","Design system & components","DK-0024","Create the DkTokens ThemeExtension (Sogda DpTokens architecture) with light and dark sets","Design system & components","finish-to-start (blocked by)"
"DK-0198","Build DkSkeleton with all variants and states","Design system & components","DK-0036","Implement the 11 typography tokens with system fonts (SF Pro / Roboto)","Design system & components","finish-to-start (blocked by)"
"DK-0198","Build DkSkeleton with all variants and states","Design system & components","DK-0038","Implement spacing, radius, elevation and border tokens","Design system & components","finish-to-start (blocked by)"
"DK-0198","Build DkSkeleton with all variants and states","Design system & components","DK-0048","Integrate Material Symbols Rounded (material_symbols_icons) with size tokens","Design system & components","finish-to-start (blocked by)"
"DK-0199","Golden + accessibility tests for DkSkeleton","Design system & components","DK-0198","Build DkSkeleton with all variants and states","Design system & components","finish-to-start (blocked by)"
"DK-0200","Build DkLoadingSpinner with all variants and states","Design system & components","DK-0024","Create the DkTokens ThemeExtension (Sogda DpTokens architecture) with light and dark sets","Design system & components","finish-to-start (blocked by)"
"DK-0200","Build DkLoadingSpinner with all variants and states","Design system & components","DK-0036","Implement the 11 typography tokens with system fonts (SF Pro / Roboto)","Design system & components","finish-to-start (blocked by)"
"DK-0200","Build DkLoadingSpinner with all variants and states","Design system & components","DK-0038","Implement spacing, radius, elevation and border tokens","Design system & components","finish-to-start (blocked by)"
"DK-0200","Build DkLoadingSpinner with all variants and states","Design system & components","DK-0048","Integrate Material Symbols Rounded (material_symbols_icons) with size tokens","Design system & components","finish-to-start (blocked by)"
"DK-0201","Golden + accessibility tests for DkLoadingSpinner","Design system & components","DK-0200","Build DkLoadingSpinner with all variants and states","Design system & components","finish-to-start (blocked by)"
"DK-0202","Build DkMarkupBar with all variants and states","Design system & components","DK-0024","Create the DkTokens ThemeExtension (Sogda DpTokens architecture) with light and dark sets","Design system & components","finish-to-start (blocked by)"
"DK-0202","Build DkMarkupBar with all variants and states","Design system & components","DK-0036","Implement the 11 typography tokens with system fonts (SF Pro / Roboto)","Design system & components","finish-to-start (blocked by)"
"DK-0202","Build DkMarkupBar with all variants and states","Design system & components","DK-0038","Implement spacing, radius, elevation and border tokens","Design system & components","finish-to-start (blocked by)"
"DK-0202","Build DkMarkupBar with all variants and states","Design system & components","DK-0076","Build DkIconButton with all variants and states","Design system & components","finish-to-start (blocked by)"
"DK-0202","Build DkMarkupBar with all variants and states","Design system & components","DK-0048","Integrate Material Symbols Rounded (material_symbols_icons) with size tokens","Design system & components","finish-to-start (blocked by)"
"DK-0203","Golden + accessibility tests for DkMarkupBar","Design system & components","DK-0202","Build DkMarkupBar with all variants and states","Design system & components","finish-to-start (blocked by)"
"DK-0204","Build DkToolOptionsSheet with all variants and states","Design system & components","DK-0024","Create the DkTokens ThemeExtension (Sogda DpTokens architecture) with light and dark sets","Design system & components","finish-to-start (blocked by)"
"DK-0204","Build DkToolOptionsSheet with all variants and states","Design system & components","DK-0036","Implement the 11 typography tokens with system fonts (SF Pro / Roboto)","Design system & components","finish-to-start (blocked by)"
"DK-0204","Build DkToolOptionsSheet with all variants and states","Design system & components","DK-0038","Implement spacing, radius, elevation and border tokens","Design system & components","finish-to-start (blocked by)"
"DK-0204","Build DkToolOptionsSheet with all variants and states","Design system & components","DK-0182","Build DkSheet with all variants and states","Design system & components","finish-to-start (blocked by)"
"DK-0204","Build DkToolOptionsSheet with all variants and states","Design system & components","DK-0142","Build DkColorRow with all variants and states","Design system & components","finish-to-start (blocked by)"
"DK-0204","Build DkToolOptionsSheet with all variants and states","Design system & components","DK-0132","Build DkSlider with all variants and states","Design system & components","finish-to-start (blocked by)"
"DK-0204","Build DkToolOptionsSheet with all variants and states","Design system & components","DK-0130","Build DkSegmented with all variants and states","Design system & components","finish-to-start (blocked by)"
"DK-0204","Build DkToolOptionsSheet with all variants and states","Design system & components","DK-0134","Build DkStepper with all variants and states","Design system & components","finish-to-start (blocked by)"
"DK-0204","Build DkToolOptionsSheet with all variants and states","Design system & components","DK-0048","Integrate Material Symbols Rounded (material_symbols_icons) with size tokens","Design system & components","finish-to-start (blocked by)"
"DK-0205","Golden + accessibility tests for DkToolOptionsSheet","Design system & components","DK-0204","Build DkToolOptionsSheet with all variants and states","Design system & components","finish-to-start (blocked by)"
"DK-0206","Build DkSignaturePad with all variants and states","Design system & components","DK-0024","Create the DkTokens ThemeExtension (Sogda DpTokens architecture) with light and dark sets","Design system & components","finish-to-start (blocked by)"
"DK-0206","Build DkSignaturePad with all variants and states","Design system & components","DK-0036","Implement the 11 typography tokens with system fonts (SF Pro / Roboto)","Design system & components","finish-to-start (blocked by)"
"DK-0206","Build DkSignaturePad with all variants and states","Design system & components","DK-0038","Implement spacing, radius, elevation and border tokens","Design system & components","finish-to-start (blocked by)"
"DK-0206","Build DkSignaturePad with all variants and states","Design system & components","DK-0130","Build DkSegmented with all variants and states","Design system & components","finish-to-start (blocked by)"
"DK-0206","Build DkSignaturePad with all variants and states","Design system & components","DK-0074","Build DkButton with all variants and states","Design system & components","finish-to-start (blocked by)"
"DK-0206","Build DkSignaturePad with all variants and states","Design system & components","DK-0048","Integrate Material Symbols Rounded (material_symbols_icons) with size tokens","Design system & components","finish-to-start (blocked by)"
"DK-0207","Golden + accessibility tests for DkSignaturePad","Design system & components","DK-0206","Build DkSignaturePad with all variants and states","Design system & components","finish-to-start (blocked by)"
"DK-0208","Build DkSignatureCard with all variants and states","Design system & components","DK-0024","Create the DkTokens ThemeExtension (Sogda DpTokens architecture) with light and dark sets","Design system & components","finish-to-start (blocked by)"
"DK-0208","Build DkSignatureCard with all variants and states","Design system & components","DK-0036","Implement the 11 typography tokens with system fonts (SF Pro / Roboto)","Design system & components","finish-to-start (blocked by)"
"DK-0208","Build DkSignatureCard with all variants and states","Design system & components","DK-0038","Implement spacing, radius, elevation and border tokens","Design system & components","finish-to-start (blocked by)"
"DK-0208","Build DkSignatureCard with all variants and states","Design system & components","DK-0048","Integrate Material Symbols Rounded (material_symbols_icons) with size tokens","Design system & components","finish-to-start (blocked by)"
"DK-0209","Golden + accessibility tests for DkSignatureCard","Design system & components","DK-0208","Build DkSignatureCard with all variants and states","Design system & components","finish-to-start (blocked by)"
"DK-0210","Build DkChatBubble with all variants and states","Design system & components","DK-0024","Create the DkTokens ThemeExtension (Sogda DpTokens architecture) with light and dark sets","Design system & components","finish-to-start (blocked by)"
"DK-0210","Build DkChatBubble with all variants and states","Design system & components","DK-0036","Implement the 11 typography tokens with system fonts (SF Pro / Roboto)","Design system & components","finish-to-start (blocked by)"
"DK-0210","Build DkChatBubble with all variants and states","Design system & components","DK-0038","Implement spacing, radius, elevation and border tokens","Design system & components","finish-to-start (blocked by)"
"DK-0210","Build DkChatBubble with all variants and states","Design system & components","DK-0108","Build DkPageChip with all variants and states","Design system & components","finish-to-start (blocked by)"
"DK-0210","Build DkChatBubble with all variants and states","Design system & components","DK-0048","Integrate Material Symbols Rounded (material_symbols_icons) with size tokens","Design system & components","finish-to-start (blocked by)"
"DK-0211","Golden + accessibility tests for DkChatBubble","Design system & components","DK-0210","Build DkChatBubble with all variants and states","Design system & components","finish-to-start (blocked by)"
"DK-0212","Build DkSuggestionChip with all variants and states","Design system & components","DK-0024","Create the DkTokens ThemeExtension (Sogda DpTokens architecture) with light and dark sets","Design system & components","finish-to-start (blocked by)"
"DK-0212","Build DkSuggestionChip with all variants and states","Design system & components","DK-0036","Implement the 11 typography tokens with system fonts (SF Pro / Roboto)","Design system & components","finish-to-start (blocked by)"
"DK-0212","Build DkSuggestionChip with all variants and states","Design system & components","DK-0038","Implement spacing, radius, elevation and border tokens","Design system & components","finish-to-start (blocked by)"
"DK-0212","Build DkSuggestionChip with all variants and states","Design system & components","DK-0048","Integrate Material Symbols Rounded (material_symbols_icons) with size tokens","Design system & components","finish-to-start (blocked by)"
"DK-0213","Golden + accessibility tests for DkSuggestionChip","Design system & components","DK-0212","Build DkSuggestionChip with all variants and states","Design system & components","finish-to-start (blocked by)"
"DK-0214","Build DkAIFooter with all variants and states","Design system & components","DK-0024","Create the DkTokens ThemeExtension (Sogda DpTokens architecture) with light and dark sets","Design system & components","finish-to-start (blocked by)"
"DK-0214","Build DkAIFooter with all variants and states","Design system & components","DK-0036","Implement the 11 typography tokens with system fonts (SF Pro / Roboto)","Design system & components","finish-to-start (blocked by)"
"DK-0214","Build DkAIFooter with all variants and states","Design system & components","DK-0038","Implement spacing, radius, elevation and border tokens","Design system & components","finish-to-start (blocked by)"
"DK-0214","Build DkAIFooter with all variants and states","Design system & components","DK-0048","Integrate Material Symbols Rounded (material_symbols_icons) with size tokens","Design system & components","finish-to-start (blocked by)"
"DK-0215","Golden + accessibility tests for DkAIFooter","Design system & components","DK-0214","Build DkAIFooter with all variants and states","Design system & components","finish-to-start (blocked by)"
"DK-0216","Build DkSplitMarker with all variants and states","Design system & components","DK-0024","Create the DkTokens ThemeExtension (Sogda DpTokens architecture) with light and dark sets","Design system & components","finish-to-start (blocked by)"
"DK-0216","Build DkSplitMarker with all variants and states","Design system & components","DK-0036","Implement the 11 typography tokens with system fonts (SF Pro / Roboto)","Design system & components","finish-to-start (blocked by)"
"DK-0216","Build DkSplitMarker with all variants and states","Design system & components","DK-0038","Implement spacing, radius, elevation and border tokens","Design system & components","finish-to-start (blocked by)"
"DK-0216","Build DkSplitMarker with all variants and states","Design system & components","DK-0048","Integrate Material Symbols Rounded (material_symbols_icons) with size tokens","Design system & components","finish-to-start (blocked by)"
"DK-0217","Golden + accessibility tests for DkSplitMarker","Design system & components","DK-0216","Build DkSplitMarker with all variants and states","Design system & components","finish-to-start (blocked by)"
"DK-0218","Build DkDiffRow with all variants and states","Design system & components","DK-0024","Create the DkTokens ThemeExtension (Sogda DpTokens architecture) with light and dark sets","Design system & components","finish-to-start (blocked by)"
"DK-0218","Build DkDiffRow with all variants and states","Design system & components","DK-0036","Implement the 11 typography tokens with system fonts (SF Pro / Roboto)","Design system & components","finish-to-start (blocked by)"
"DK-0218","Build DkDiffRow with all variants and states","Design system & components","DK-0038","Implement spacing, radius, elevation and border tokens","Design system & components","finish-to-start (blocked by)"
"DK-0218","Build DkDiffRow with all variants and states","Design system & components","DK-0108","Build DkPageChip with all variants and states","Design system & components","finish-to-start (blocked by)"
"DK-0218","Build DkDiffRow with all variants and states","Design system & components","DK-0048","Integrate Material Symbols Rounded (material_symbols_icons) with size tokens","Design system & components","finish-to-start (blocked by)"
"DK-0219","Golden + accessibility tests for DkDiffRow","Design system & components","DK-0218","Build DkDiffRow with all variants and states","Design system & components","finish-to-start (blocked by)"
"DK-0220","Build DkDetectionGroup with all variants and states","Design system & components","DK-0024","Create the DkTokens ThemeExtension (Sogda DpTokens architecture) with light and dark sets","Design system & components","finish-to-start (blocked by)"
"DK-0220","Build DkDetectionGroup with all variants and states","Design system & components","DK-0036","Implement the 11 typography tokens with system fonts (SF Pro / Roboto)","Design system & components","finish-to-start (blocked by)"
"DK-0220","Build DkDetectionGroup with all variants and states","Design system & components","DK-0038","Implement spacing, radius, elevation and border tokens","Design system & components","finish-to-start (blocked by)"
"DK-0220","Build DkDetectionGroup with all variants and states","Design system & components","DK-0144","Build DkCheckboxRow with all variants and states","Design system & components","finish-to-start (blocked by)"
"DK-0220","Build DkDetectionGroup with all variants and states","Design system & components","DK-0108","Build DkPageChip with all variants and states","Design system & components","finish-to-start (blocked by)"
"DK-0220","Build DkDetectionGroup with all variants and states","Design system & components","DK-0048","Integrate Material Symbols Rounded (material_symbols_icons) with size tokens","Design system & components","finish-to-start (blocked by)"
"DK-0221","Golden + accessibility tests for DkDetectionGroup","Design system & components","DK-0220","Build DkDetectionGroup with all variants and states","Design system & components","finish-to-start (blocked by)"
"DK-0222","Implement the selection mode pattern as a reusable behaviour","Design system & components","DK-0172","Build DkSelectionBar with all variants and states","Design system & components","finish-to-start (blocked by)"
"DK-0222","Implement the selection mode pattern as a reusable behaviour","Design system & components","DK-0086","Build DkFileCard with all variants and states","Design system & components","finish-to-start (blocked by)"
"DK-0223","Implement the drag and drop pattern as a reusable behaviour","Design system & components","DK-0154","Build DkPageGrid with all variants and states","Design system & components","finish-to-start (blocked by)"
"DK-0223","Implement the drag and drop pattern as a reusable behaviour","Design system & components","DK-0190","Build DkToast with all variants and states","Design system & components","finish-to-start (blocked by)"
"DK-0224","Implement the swipe actions pattern as a reusable behaviour","Design system & components","DK-0086","Build DkFileCard with all variants and states","Design system & components","finish-to-start (blocked by)"
"DK-0224","Implement the swipe actions pattern as a reusable behaviour","Design system & components","DK-0190","Build DkToast with all variants and states","Design system & components","finish-to-start (blocked by)"
"DK-0225","Implement the confirmations pattern as a reusable behaviour","Design system & components","DK-0186","Build DkConfirmDialog with all variants and states","Design system & components","finish-to-start (blocked by)"
"DK-0226","Implement the undo pattern as a reusable behaviour","Design system & components","DK-0190","Build DkToast with all variants and states","Design system & components","finish-to-start (blocked by)"
"DK-0227","Implement the keyboard pattern as a reusable behaviour","Design system & components","DK-0170","Build DkActionBar with all variants and states","Design system & components","finish-to-start (blocked by)"
"DK-0227","Implement the keyboard pattern as a reusable behaviour","Design system & components","DK-0182","Build DkSheet with all variants and states","Design system & components","finish-to-start (blocked by)"
"DK-0228","Implement the pull to refresh pattern as a reusable behaviour","Design system & components","DK-0200","Build DkLoadingSpinner with all variants and states","Design system & components","finish-to-start (blocked by)"
"DK-0229","Build the app shell: 4 tabs + raised centre Scan button","Platform & architecture","DK-0004","Implement go_router with StatefulShellRoute.indexedStack for the four tabs","Platform & architecture","finish-to-start (blocked by)"
"DK-0229","Build the app shell: 4 tabs + raised centre Scan button","Platform & architecture","DK-0166","Build DkTabBar with all variants and states","Design system & components","finish-to-start (blocked by)"
"DK-0229","Build the app shell: 4 tabs + raised centre Scan button","Platform & architecture","DK-0078","Build DkScanButton with all variants and states","Design system & components","finish-to-start (blocked by)"
"DK-0230","Long-press on the Scan button opens the scan-mode popover","Platform & architecture","DK-0229","Build the app shell: 4 tabs + raised centre Scan button","Platform & architecture","finish-to-start (blocked by)"
"DK-0230","Long-press on the Scan button opens the scan-mode popover","Platform & architecture","DK-0188","Build DkMenu with all variants and states","Design system & components","finish-to-start (blocked by)"
"DK-0230","Long-press on the Scan button opens the scan-mode popover","Platform & architecture","DK-0078","Build DkScanButton with all variants and states","Design system & components","finish-to-start (blocked by)"
"DK-0231","Implement iOS vs Android shell differences","Platform & architecture","DK-0229","Build the app shell: 4 tabs + raised centre Scan button","Platform & architecture","finish-to-start (blocked by)"
"DK-0231","Implement iOS vs Android shell differences","Platform & architecture","DK-0164","Build DkTopBar with all variants and states","Design system & components","finish-to-start (blocked by)"
"DK-0231","Implement iOS vs Android shell differences","Platform & architecture","DK-0128","Build DkSwitch with all variants and states","Design system & components","finish-to-start (blocked by)"
"DK-0231","Implement iOS vs Android shell differences","Platform & architecture","DK-0182","Build DkSheet with all variants and states","Design system & components","finish-to-start (blocked by)"
"DK-0231","Implement iOS vs Android shell differences","Platform & architecture","DK-0186","Build DkConfirmDialog with all variants and states","Design system & components","finish-to-start (blocked by)"
"DK-0232","Tablet (≥ 840 dp): replace tab bar with DkNavRail","Platform & architecture","DK-0229","Build the app shell: 4 tabs + raised centre Scan button","Platform & architecture","finish-to-start (blocked by)"
"DK-0232","Tablet (≥ 840 dp): replace tab bar with DkNavRail","Platform & architecture","DK-0168","Build DkNavRail with all variants and states","Design system & components","finish-to-start (blocked by)"
"DK-0233","Global overlay host: mini job bar and toast queue above any screen","Platform & architecture","DK-0229","Build the app shell: 4 tabs + raised centre Scan button","Platform & architecture","finish-to-start (blocked by)"
"DK-0233","Global overlay host: mini job bar and toast queue above any screen","Platform & architecture","DK-0174","Build DkMiniJobBar with all variants and states","Design system & components","finish-to-start (blocked by)"
"DK-0233","Global overlay host: mini job bar and toast queue above any screen","Platform & architecture","DK-0190","Build DkToast with all variants and states","Design system & components","finish-to-start (blocked by)"
"DK-0233","Global overlay host: mini job bar and toast queue above any screen","Platform & architecture","DK-0008","Define the ToolJob interface, job queue and progress model in doc_tools","Platform & architecture","finish-to-start (blocked by)"
"DK-0234","Show a privacy cover in the app switcher when locked content is open or ""Hide previews"" is on","Platform & architecture","DK-0229","Build the app shell: 4 tabs + raised centre Scan button","Platform & architecture","finish-to-start (blocked by)"
"DK-0234","Show a privacy cover in the app switcher when locked content is open or ""Hide previews"" is on","Platform & architecture","DK-0070","Integrate the Dokulo symbol, wordmark and lockups (monochrome, minimum sizes, clear space)","Design system & components","finish-to-start (blocked by)"
"DK-0235","Receive files from the share sheet / ""Open with"" (receive_sharing_intent 1.9.0)","Platform & architecture","DK-0004","Implement go_router with StatefulShellRoute.indexedStack for the four tabs","Platform & architecture","finish-to-start (blocked by)"
"DK-0235","Receive files from the share sheet / ""Open with"" (receive_sharing_intent 1.9.0)","Platform & architecture","DK-0006","Store user files in a visible app folder (iOS Files, Android Documents)","Platform & architecture","finish-to-start (blocked by)"
"DK-0235","Receive files from the share sheet / ""Open with"" (receive_sharing_intent 1.9.0)","Platform & architecture","DK-0016","Declare platform capabilities: iOS Info.plist usage strings (EN/DE), document types; Android manifest permissions and intent filters","Platform & architecture","finish-to-start (blocked by)"
"DK-0236","Deep-link scheme for widgets, shortcuts, notifications and extensions","Platform & architecture","DK-0004","Implement go_router with StatefulShellRoute.indexedStack for the four tabs","Platform & architecture","finish-to-start (blocked by)"
"DK-0237","Implement route transitions per spec","Platform & architecture","DK-0004","Implement go_router with StatefulShellRoute.indexedStack for the four tabs","Platform & architecture","finish-to-start (blocked by)"
"DK-0237","Implement route transitions per spec","Platform & architecture","DK-0039","Implement motion tokens, reduce-motion handling and the haptics service","Design system & components","finish-to-start (blocked by)"
"DK-0238","Build the onboarding pager (/welcome) shown once, skippable","Home, Files & security","DK-0004","Implement go_router with StatefulShellRoute.indexedStack for the four tabs","Platform & architecture","finish-to-start (blocked by)"
"DK-0238","Build the onboarding pager (/welcome) shown once, skippable","Home, Files & security","DK-0074","Build DkButton with all variants and states","Design system & components","finish-to-start (blocked by)"
"DK-0239","O1 Onboarding: implement the ""content"" state","Home, Files & security","DK-0238","Build the onboarding pager (/welcome) shown once, skippable","Home, Files & security","finish-to-start (blocked by)"
"DK-0239","O1 Onboarding: implement the ""content"" state","Home, Files & security","DK-0050","Ship ILL-01 illustration (Onboarding 1) as light and dark vector assets","Design system & components","finish-to-start (blocked by)"
"DK-0240","O2 Onboarding: implement the ""content"" state","Home, Files & security","DK-0238","Build the onboarding pager (/welcome) shown once, skippable","Home, Files & security","finish-to-start (blocked by)"
"DK-0240","O2 Onboarding: implement the ""content"" state","Home, Files & security","DK-0051","Ship ILL-02 illustration (Onboarding 2) as light and dark vector assets","Design system & components","finish-to-start (blocked by)"
"DK-0241","O3 Onboarding: implement the ""start-with cards"" state","Home, Files & security","DK-0238","Build the onboarding pager (/welcome) shown once, skippable","Home, Files & security","finish-to-start (blocked by)"
"DK-0242","Build H1 Home layout (regions 1–10)","Home, Files & security","DK-0229","Build the app shell: 4 tabs + raised centre Scan button","Platform & architecture","finish-to-start (blocked by)"
"DK-0242","Build H1 Home layout (regions 1–10)","Home, Files & security","DK-0082","Build DkToolTile with all variants and states","Design system & components","finish-to-start (blocked by)"
"DK-0242","Build H1 Home layout (regions 1–10)","Home, Files & security","DK-0086","Build DkFileCard with all variants and states","Design system & components","finish-to-start (blocked by)"
"DK-0242","Build H1 Home layout (regions 1–10)","Home, Files & security","DK-0110","Build DkPrivacyLine with all variants and states","Design system & components","finish-to-start (blocked by)"
"DK-0242","Build H1 Home layout (regions 1–10)","Home, Files & security","DK-0005","Create the drift database: files index, recents, folders, favourites, versions, OCR text (FTS5)","Platform & architecture","finish-to-start (blocked by)"
"DK-0242","Build H1 Home layout (regions 1–10)","Home, Files & security","DK-0164","Build DkTopBar with all variants and states","Design system & components","finish-to-start (blocked by)"
"DK-0242","Build H1 Home layout (regions 1–10)","Home, Files & security","DK-0166","Build DkTabBar with all variants and states","Design system & components","finish-to-start (blocked by)"
"DK-0242","Build H1 Home layout (regions 1–10)","Home, Files & security","DK-0096","Build DkContinueCard with all variants and states","Design system & components","finish-to-start (blocked by)"
"DK-0242","Build H1 Home layout (regions 1–10)","Home, Files & security","DK-0098","Build DkProCard with all variants and states","Design system & components","finish-to-start (blocked by)"
"DK-0242","Build H1 Home layout (regions 1–10)","Home, Files & security","DK-0074","Build DkButton with all variants and states","Design system & components","finish-to-start (blocked by)"
"DK-0243","Recent files data: last 20 opened or created files with swipe quick actions","Home, Files & security","DK-0242","Build H1 Home layout (regions 1–10)","Home, Files & security","finish-to-start (blocked by)"
"DK-0243","Recent files data: last 20 opened or created files with swipe quick actions","Home, Files & security","DK-0005","Create the drift database: files index, recents, folders, favourites, versions, OCR text (FTS5)","Platform & architecture","finish-to-start (blocked by)"
"DK-0243","Recent files data: last 20 opened or created files with swipe quick actions","Home, Files & security","DK-0224","Implement the swipe actions pattern as a reusable behaviour","Design system & components","finish-to-start (blocked by)"
"DK-0243","Recent files data: last 20 opened or created files with swipe quick actions","Home, Files & security","DK-0086","Build DkFileCard with all variants and states","Design system & components","finish-to-start (blocked by)"
"DK-0244","Pinned tools: default 8, persisted order, tap → T2, long-press menu","Home, Files & security","DK-0242","Build H1 Home layout (regions 1–10)","Home, Files & security","finish-to-start (blocked by)"
"DK-0244","Pinned tools: default 8, persisted order, tap → T2, long-press menu","Home, Files & security","DK-0049","Create the tool icon registry: one icon per tool used everywhere","Design system & components","finish-to-start (blocked by)"
"DK-0244","Pinned tools: default 8, persisted order, tap → T2, long-press menu","Home, Files & security","DK-0082","Build DkToolTile with all variants and states","Design system & components","finish-to-start (blocked by)"
"DK-0244","Pinned tools: default 8, persisted order, tap → T2, long-press menu","Home, Files & security","DK-0188","Build DkMenu with all variants and states","Design system & components","finish-to-start (blocked by)"
"DK-0244","Pinned tools: default 8, persisted order, tap → T2, long-press menu","Home, Files & security","DK-0702","Decision: Default pinned tools","Product & decisions","finish-to-start (blocked by)"
"DK-0245","H1 Home: implement the ""First launch"" state","Home, Files & security","DK-0242","Build H1 Home layout (regions 1–10)","Home, Files & security","finish-to-start (blocked by)"
"DK-0245","H1 Home: implement the ""First launch"" state","Home, Files & security","DK-0053","Ship ILL-04 illustration (Home empty) as light and dark vector assets","Design system & components","finish-to-start (blocked by)"
"DK-0246","H1 Home: implement the ""Continue: unsaved scan"" state","Home, Files & security","DK-0242","Build H1 Home layout (regions 1–10)","Home, Files & security","finish-to-start (blocked by)"
"DK-0246","H1 Home: implement the ""Continue: unsaved scan"" state","Home, Files & security","DK-0096","Build DkContinueCard with all variants and states","Design system & components","finish-to-start (blocked by)"
"DK-0247","H1 Home: implement the ""Continue: job finished"" state","Home, Files & security","DK-0242","Build H1 Home layout (regions 1–10)","Home, Files & security","finish-to-start (blocked by)"
"DK-0247","H1 Home: implement the ""Continue: job finished"" state","Home, Files & security","DK-0096","Build DkContinueCard with all variants and states","Design system & components","finish-to-start (blocked by)"
"DK-0248","H1 Home: implement the ""Edit pinned tools"" state","Home, Files & security","DK-0242","Build H1 Home layout (regions 1–10)","Home, Files & security","finish-to-start (blocked by)"
"DK-0249","H1 Home: implement the ""Add-tool sheet"" state","Home, Files & security","DK-0242","Build H1 Home layout (regions 1–10)","Home, Files & security","finish-to-start (blocked by)"
"DK-0249","H1 Home: implement the ""Add-tool sheet"" state","Home, Files & security","DK-0182","Build DkSheet with all variants and states","Design system & components","finish-to-start (blocked by)"
"DK-0249","H1 Home: implement the ""Add-tool sheet"" state","Home, Files & security","DK-0084","Build DkToolRow with all variants and states","Design system & components","finish-to-start (blocked by)"
"DK-0250","H1 Home: implement the ""Job running"" state","Home, Files & security","DK-0242","Build H1 Home layout (regions 1–10)","Home, Files & security","finish-to-start (blocked by)"
"DK-0250","H1 Home: implement the ""Job running"" state","Home, Files & security","DK-0174","Build DkMiniJobBar with all variants and states","Design system & components","finish-to-start (blocked by)"
"DK-0251","H1 Home: implement the ""Pro card visible"" state","Home, Files & security","DK-0242","Build H1 Home layout (regions 1–10)","Home, Files & security","finish-to-start (blocked by)"
"DK-0251","H1 Home: implement the ""Pro card visible"" state","Home, Files & security","DK-0098","Build DkProCard with all variants and states","Design system & components","finish-to-start (blocked by)"
"DK-0252","H1 Home: implement the ""Find documents banner"" state","Home, Files & security","DK-0242","Build H1 Home layout (regions 1–10)","Home, Files & security","finish-to-start (blocked by)"
"DK-0252","H1 Home: implement the ""Find documents banner"" state","Home, Files & security","DK-0192","Build DkBanner with all variants and states","Design system & components","finish-to-start (blocked by)"
"DK-0253","H1 Home: implement the ""Rating prompt"" state","Home, Files & security","DK-0242","Build H1 Home layout (regions 1–10)","Home, Files & security","finish-to-start (blocked by)"
"DK-0254","H1 at 200 % text and screen-reader order","Home, Files & security","DK-0242","Build H1 Home layout (regions 1–10)","Home, Files & security","finish-to-start (blocked by)"
"DK-0255","Quick drop: pick, paste or drag files straight into a tool","Home, Files & security","DK-0242","Build H1 Home layout (regions 1–10)","Home, Files & security","finish-to-start (blocked by)"
"DK-0255","Quick drop: pick, paste or drag files straight into a tool","Home, Files & security","DK-0387","X1 tool picker (share sheet / viewer Tools)","Tools & tool shell","finish-to-start (blocked by)"
"DK-0256","Build T1 Tools: large title, search, category chips, sectioned 4-column grid","Home, Files & security","DK-0229","Build the app shell: 4 tabs + raised centre Scan button","Platform & architecture","finish-to-start (blocked by)"
"DK-0256","Build T1 Tools: large title, search, category chips, sectioned 4-column grid","Home, Files & security","DK-0049","Create the tool icon registry: one icon per tool used everywhere","Design system & components","finish-to-start (blocked by)"
"DK-0256","Build T1 Tools: large title, search, category chips, sectioned 4-column grid","Home, Files & security","DK-0104","Build DkChip with all variants and states","Design system & components","finish-to-start (blocked by)"
"DK-0256","Build T1 Tools: large title, search, category chips, sectioned 4-column grid","Home, Files & security","DK-0082","Build DkToolTile with all variants and states","Design system & components","finish-to-start (blocked by)"
"DK-0256","Build T1 Tools: large title, search, category chips, sectioned 4-column grid","Home, Files & security","DK-0126","Build DkSearchField with all variants and states","Design system & components","finish-to-start (blocked by)"
"DK-0256","Build T1 Tools: large title, search, category chips, sectioned 4-column grid","Home, Files & security","DK-0164","Build DkTopBar with all variants and states","Design system & components","finish-to-start (blocked by)"
"DK-0257","Tool search with synonyms (EN + DE) and result rows","Home, Files & security","DK-0256","Build T1 Tools: large title, search, category chips, sectioned 4-column grid","Home, Files & security","finish-to-start (blocked by)"
"DK-0257","Tool search with synonyms (EN + DE) and result rows","Home, Files & security","DK-0084","Build DkToolRow with all variants and states","Design system & components","finish-to-start (blocked by)"
"DK-0258","T1 Tools grid: implement the ""Search empty"" state","Home, Files & security","DK-0256","Build T1 Tools: large title, search, category chips, sectioned 4-column grid","Home, Files & security","finish-to-start (blocked by)"
"DK-0258","T1 Tools grid: implement the ""Search empty"" state","Home, Files & security","DK-0056","Ship ILL-07 illustration (Search no results) as light and dark vector assets","Design system & components","finish-to-start (blocked by)"
"DK-0259","About this tool sheet (from tile long-press and T2 overflow)","Home, Files & security","DK-0049","Create the tool icon registry: one icon per tool used everywhere","Design system & components","finish-to-start (blocked by)"
"DK-0259","About this tool sheet (from tile long-press and T2 overflow)","Home, Files & security","DK-0182","Build DkSheet with all variants and states","Design system & components","finish-to-start (blocked by)"
"DK-0259","About this tool sheet (from tile long-press and T2 overflow)","Home, Files & security","DK-0102","Build DkProBadge with all variants and states","Design system & components","finish-to-start (blocked by)"
"DK-0260","Build F1 Files root: top bar actions, search, special rows, folders, files","Home, Files & security","DK-0229","Build the app shell: 4 tabs + raised centre Scan button","Platform & architecture","finish-to-start (blocked by)"
"DK-0260","Build F1 Files root: top bar actions, search, special rows, folders, files","Home, Files & security","DK-0005","Create the drift database: files index, recents, folders, favourites, versions, OCR text (FTS5)","Platform & architecture","finish-to-start (blocked by)"
"DK-0260","Build F1 Files root: top bar actions, search, special rows, folders, files","Home, Files & security","DK-0006","Store user files in a visible app folder (iOS Files, Android Documents)","Platform & architecture","finish-to-start (blocked by)"
"DK-0260","Build F1 Files root: top bar actions, search, special rows, folders, files","Home, Files & security","DK-0086","Build DkFileCard with all variants and states","Design system & components","finish-to-start (blocked by)"
"DK-0260","Build F1 Files root: top bar actions, search, special rows, folders, files","Home, Files & security","DK-0088","Build DkFolderCard with all variants and states","Design system & components","finish-to-start (blocked by)"
"DK-0260","Build F1 Files root: top bar actions, search, special rows, folders, files","Home, Files & security","DK-0164","Build DkTopBar with all variants and states","Design system & components","finish-to-start (blocked by)"
"DK-0260","Build F1 Files root: top bar actions, search, special rows, folders, files","Home, Files & security","DK-0172","Build DkSelectionBar with all variants and states","Design system & components","finish-to-start (blocked by)"
"DK-0260","Build F1 Files root: top bar actions, search, special rows, folders, files","Home, Files & security","DK-0126","Build DkSearchField with all variants and states","Design system & components","finish-to-start (blocked by)"
"DK-0261","Sort menu: date modified/name/size/date created + ascending/descending","Home, Files & security","DK-0260","Build F1 Files root: top bar actions, search, special rows, folders, files","Home, Files & security","finish-to-start (blocked by)"
"DK-0261","Sort menu: date modified/name/size/date created + ascending/descending","Home, Files & security","DK-0188","Build DkMenu with all variants and states","Design system & components","finish-to-start (blocked by)"
"DK-0262","Folder screen with breadcrumb and overflow (rename, colour, delete)","Home, Files & security","DK-0260","Build F1 Files root: top bar actions, search, special rows, folders, files","Home, Files & security","finish-to-start (blocked by)"
"DK-0262","Folder screen with breadcrumb and overflow (rename, colour, delete)","Home, Files & security","DK-0188","Build DkMenu with all variants and states","Design system & components","finish-to-start (blocked by)"
"DK-0262","Folder screen with breadcrumb and overflow (rename, colour, delete)","Home, Files & security","DK-0164","Build DkTopBar with all variants and states","Design system & components","finish-to-start (blocked by)"
"DK-0263","Files multi-select with selection bar actions","Home, Files & security","DK-0260","Build F1 Files root: top bar actions, search, special rows, folders, files","Home, Files & security","finish-to-start (blocked by)"
"DK-0263","Files multi-select with selection bar actions","Home, Files & security","DK-0222","Implement the selection mode pattern as a reusable behaviour","Design system & components","finish-to-start (blocked by)"
"DK-0263","Files multi-select with selection bar actions","Home, Files & security","DK-0188","Build DkMenu with all variants and states","Design system & components","finish-to-start (blocked by)"
"DK-0263","Files multi-select with selection bar actions","Home, Files & security","DK-0172","Build DkSelectionBar with all variants and states","Design system & components","finish-to-start (blocked by)"
"DK-0264","Grid view: drag a file onto a folder card to move it","Home, Files & security","DK-0260","Build F1 Files root: top bar actions, search, special rows, folders, files","Home, Files & security","finish-to-start (blocked by)"
"DK-0264","Grid view: drag a file onto a folder card to move it","Home, Files & security","DK-0223","Implement the drag and drop pattern as a reusable behaviour","Design system & components","finish-to-start (blocked by)"
"DK-0265","F1 Files: implement the ""Empty root"" state","Home, Files & security","DK-0260","Build F1 Files root: top bar actions, search, special rows, folders, files","Home, Files & security","finish-to-start (blocked by)"
"DK-0265","F1 Files: implement the ""Empty root"" state","Home, Files & security","DK-0054","Ship ILL-05 illustration (Files empty) as light and dark vector assets","Design system & components","finish-to-start (blocked by)"
"DK-0266","F1 Files: implement the ""Empty folder"" state","Home, Files & security","DK-0260","Build F1 Files root: top bar actions, search, special rows, folders, files","Home, Files & security","finish-to-start (blocked by)"
"DK-0266","F1 Files: implement the ""Empty folder"" state","Home, Files & security","DK-0055","Ship ILL-06 illustration (Folder empty) as light and dark vector assets","Design system & components","finish-to-start (blocked by)"
"DK-0267","F1 Files: implement the ""Loading"" state","Home, Files & security","DK-0260","Build F1 Files root: top bar actions, search, special rows, folders, files","Home, Files & security","finish-to-start (blocked by)"
"DK-0267","F1 Files: implement the ""Loading"" state","Home, Files & security","DK-0198","Build DkSkeleton with all variants and states","Design system & components","finish-to-start (blocked by)"
"DK-0268","F1 Files: implement the ""Swipe actions"" state","Home, Files & security","DK-0260","Build F1 Files root: top bar actions, search, special rows, folders, files","Home, Files & security","finish-to-start (blocked by)"
"DK-0269","Search names + OCR text + PDF text (FTS5) with grouped results","Home, Files & security","DK-0260","Build F1 Files root: top bar actions, search, special rows, folders, files","Home, Files & security","finish-to-start (blocked by)"
"DK-0269","Search names + OCR text + PDF text (FTS5) with grouped results","Home, Files & security","DK-0005","Create the drift database: files index, recents, folders, favourites, versions, OCR text (FTS5)","Platform & architecture","finish-to-start (blocked by)"
"DK-0269","Search names + OCR text + PDF text (FTS5) with grouped results","Home, Files & security","DK-0086","Build DkFileCard with all variants and states","Design system & components","finish-to-start (blocked by)"
"DK-0269","Search names + OCR text + PDF text (FTS5) with grouped results","Home, Files & security","DK-0192","Build DkBanner with all variants and states","Design system & components","finish-to-start (blocked by)"
"DK-0269","Search names + OCR text + PDF text (FTS5) with grouped results","Home, Files & security","DK-0126","Build DkSearchField with all variants and states","Design system & components","finish-to-start (blocked by)"
"DK-0269","Search names + OCR text + PDF text (FTS5) with grouped results","Home, Files & security","DK-0108","Build DkPageChip with all variants and states","Design system & components","finish-to-start (blocked by)"
"DK-0269","Search names + OCR text + PDF text (FTS5) with grouped results","Home, Files & security","DK-0056","Ship ILL-07 illustration (Search no results) as light and dark vector assets","Design system & components","finish-to-start (blocked by)"
"DK-0270","Index updater: extract PDF text and OCR text into FTS5 after every tool job","Home, Files & security","DK-0005","Create the drift database: files index, recents, folders, favourites, versions, OCR text (FTS5)","Platform & architecture","finish-to-start (blocked by)"
"DK-0270","Index updater: extract PDF text and OCR text into FTS5 after every tool job","Home, Files & security","DK-0008","Define the ToolJob interface, job queue and progress model in doc_tools","Platform & architecture","finish-to-start (blocked by)"
"DK-0271","File action sheet (medium): header, Open/Share, suggested tools, All tools…, file actions, Delete","Home, Files & security","DK-0260","Build F1 Files root: top bar actions, search, special rows, folders, files","Home, Files & security","finish-to-start (blocked by)"
"DK-0271","File action sheet (medium): header, Open/Share, suggested tools, All tools…, file actions, Delete","Home, Files & security","DK-0184","Build DkActionSheet with all variants and states","Design system & components","finish-to-start (blocked by)"
"DK-0271","File action sheet (medium): header, Open/Share, suggested tools, All tools…, file actions, Delete","Home, Files & security","DK-0084","Build DkToolRow with all variants and states","Design system & components","finish-to-start (blocked by)"
"DK-0271","File action sheet (medium): header, Open/Share, suggested tools, All tools…, file actions, Delete","Home, Files & security","DK-0022","Local tool-usage tracking (never uploaded) for suggestions and shortcuts","Platform & architecture","finish-to-start (blocked by)"
"DK-0272","F1 Files: implement the ""Rename dialog"" state","Home, Files & security","DK-0260","Build F1 Files root: top bar actions, search, special rows, folders, files","Home, Files & security","finish-to-start (blocked by)"
"DK-0272","F1 Files: implement the ""Rename dialog"" state","Home, Files & security","DK-0186","Build DkConfirmDialog with all variants and states","Design system & components","finish-to-start (blocked by)"
"DK-0272","F1 Files: implement the ""Rename dialog"" state","Home, Files & security","DK-0182","Build DkSheet with all variants and states","Design system & components","finish-to-start (blocked by)"
"DK-0272","F1 Files: implement the ""Rename dialog"" state","Home, Files & security","DK-0120","Build DkTextField with all variants and states","Design system & components","finish-to-start (blocked by)"
"DK-0273","F1 Files: implement the ""New folder dialog"" state","Home, Files & security","DK-0260","Build F1 Files root: top bar actions, search, special rows, folders, files","Home, Files & security","finish-to-start (blocked by)"
"DK-0273","F1 Files: implement the ""New folder dialog"" state","Home, Files & security","DK-0186","Build DkConfirmDialog with all variants and states","Design system & components","finish-to-start (blocked by)"
"DK-0273","F1 Files: implement the ""New folder dialog"" state","Home, Files & security","DK-0182","Build DkSheet with all variants and states","Design system & components","finish-to-start (blocked by)"
"DK-0274","F1 Files: implement the ""Move sheet"" state","Home, Files & security","DK-0260","Build F1 Files root: top bar actions, search, special rows, folders, files","Home, Files & security","finish-to-start (blocked by)"
"DK-0274","F1 Files: implement the ""Move sheet"" state","Home, Files & security","DK-0186","Build DkConfirmDialog with all variants and states","Design system & components","finish-to-start (blocked by)"
"DK-0274","F1 Files: implement the ""Move sheet"" state","Home, Files & security","DK-0182","Build DkSheet with all variants and states","Design system & components","finish-to-start (blocked by)"
"DK-0275","F1 Files: implement the ""Info sheet"" state","Home, Files & security","DK-0260","Build F1 Files root: top bar actions, search, special rows, folders, files","Home, Files & security","finish-to-start (blocked by)"
"DK-0275","F1 Files: implement the ""Info sheet"" state","Home, Files & security","DK-0186","Build DkConfirmDialog with all variants and states","Design system & components","finish-to-start (blocked by)"
"DK-0275","F1 Files: implement the ""Info sheet"" state","Home, Files & security","DK-0182","Build DkSheet with all variants and states","Design system & components","finish-to-start (blocked by)"
"DK-0276","F1 Files: implement the ""Duplicate"" state","Home, Files & security","DK-0260","Build F1 Files root: top bar actions, search, special rows, folders, files","Home, Files & security","finish-to-start (blocked by)"
"DK-0276","F1 Files: implement the ""Duplicate"" state","Home, Files & security","DK-0186","Build DkConfirmDialog with all variants and states","Design system & components","finish-to-start (blocked by)"
"DK-0276","F1 Files: implement the ""Duplicate"" state","Home, Files & security","DK-0182","Build DkSheet with all variants and states","Design system & components","finish-to-start (blocked by)"
"DK-0277","Version history: keep last 5 versions per file (edits, replace original)","Home, Files & security","DK-0005","Create the drift database: files index, recents, folders, favourites, versions, OCR text (FTS5)","Platform & architecture","finish-to-start (blocked by)"
"DK-0278","Recently deleted (trash): 30-day retention, restore, delete for good, empty","Home, Files & security","DK-0260","Build F1 Files root: top bar actions, search, special rows, folders, files","Home, Files & security","finish-to-start (blocked by)"
"DK-0278","Recently deleted (trash): 30-day retention, restore, delete for good, empty","Home, Files & security","DK-0186","Build DkConfirmDialog with all variants and states","Design system & components","finish-to-start (blocked by)"
"DK-0278","Recently deleted (trash): 30-day retention, restore, delete for good, empty","Home, Files & security","DK-0196","Build DkEmptyState with all variants and states","Design system & components","finish-to-start (blocked by)"
"DK-0278","Recently deleted (trash): 30-day retention, restore, delete for good, empty","Home, Files & security","DK-0192","Build DkBanner with all variants and states","Design system & components","finish-to-start (blocked by)"
"DK-0278","Recently deleted (trash): 30-day retention, restore, delete for good, empty","Home, Files & security","DK-0057","Ship ILL-08 illustration (Trash empty) as light and dark vector assets","Design system & components","finish-to-start (blocked by)"
"DK-0279","Files two-pane on tablets: list (360) + preview pane","Home, Files & security","DK-0260","Build F1 Files root: top bar actions, search, special rows, folders, files","Home, Files & security","finish-to-start (blocked by)"
"DK-0279","Files two-pane on tablets: list (360) + preview pane","Home, Files & security","DK-0232","Tablet (≥ 840 dp): replace tab bar with DkNavRail","Platform & architecture","finish-to-start (blocked by)"
"DK-0280","Favourites: mark files as favourite and filter by them","Home, Files & security","DK-0260","Build F1 Files root: top bar actions, search, special rows, folders, files","Home, Files & security","finish-to-start (blocked by)"
"DK-0280","Favourites: mark files as favourite and filter by them","Home, Files & security","DK-0271","File action sheet (medium): header, Open/Share, suggested tools, All tools…, file actions, Delete","Home, Files & security","finish-to-start (blocked by)"
"DK-0281","Storage info: space used by files vs AI models (file info + Me → Files & storage bar chart)","Home, Files & security","DK-0260","Build F1 Files root: top bar actions, search, special rows, folders, files","Home, Files & security","finish-to-start (blocked by)"
"DK-0282","Encrypt locked files at rest with AES-256-GCM; keys in Keychain/Keystore released by biometrics/PIN","Home, Files & security","DK-0005","Create the drift database: files index, recents, folders, favourites, versions, OCR text (FTS5)","Platform & architecture","finish-to-start (blocked by)"
"DK-0282","Encrypt locked files at rest with AES-256-GCM; keys in Keychain/Keystore released by biometrics/PIN","Home, Files & security","DK-0016","Declare platform capabilities: iOS Info.plist usage strings (EN/DE), document types; Android manifest permissions and intent filters","Platform & architecture","finish-to-start (blocked by)"
"DK-0283","F2 Locked folder: implement the ""L1 Intro"" state","Home, Files & security","DK-0282","Encrypt locked files at rest with AES-256-GCM; keys in Keychain/Keystore released by biometrics/PIN","Home, Files & security","finish-to-start (blocked by)"
"DK-0283","F2 Locked folder: implement the ""L1 Intro"" state","Home, Files & security","DK-0148","Build DkPinPad with all variants and states","Design system & components","finish-to-start (blocked by)"
"DK-0283","F2 Locked folder: implement the ""L1 Intro"" state","Home, Files & security","DK-0192","Build DkBanner with all variants and states","Design system & components","finish-to-start (blocked by)"
"DK-0283","F2 Locked folder: implement the ""L1 Intro"" state","Home, Files & security","DK-0058","Ship ILL-09 illustration (Locked folder intro) as light and dark vector assets","Design system & components","finish-to-start (blocked by)"
"DK-0284","F2 Locked folder: implement the ""L2 Create PIN"" state","Home, Files & security","DK-0282","Encrypt locked files at rest with AES-256-GCM; keys in Keychain/Keystore released by biometrics/PIN","Home, Files & security","finish-to-start (blocked by)"
"DK-0284","F2 Locked folder: implement the ""L2 Create PIN"" state","Home, Files & security","DK-0148","Build DkPinPad with all variants and states","Design system & components","finish-to-start (blocked by)"
"DK-0285","F2 Locked folder: implement the ""L3 Confirm PIN"" state","Home, Files & security","DK-0282","Encrypt locked files at rest with AES-256-GCM; keys in Keychain/Keystore released by biometrics/PIN","Home, Files & security","finish-to-start (blocked by)"
"DK-0285","F2 Locked folder: implement the ""L3 Confirm PIN"" state","Home, Files & security","DK-0148","Build DkPinPad with all variants and states","Design system & components","finish-to-start (blocked by)"
"DK-0286","F2 Locked folder: implement the ""L4 Biometrics"" state","Home, Files & security","DK-0282","Encrypt locked files at rest with AES-256-GCM; keys in Keychain/Keystore released by biometrics/PIN","Home, Files & security","finish-to-start (blocked by)"
"DK-0286","F2 Locked folder: implement the ""L4 Biometrics"" state","Home, Files & security","DK-0148","Build DkPinPad with all variants and states","Design system & components","finish-to-start (blocked by)"
"DK-0287","F2 Locked folder: implement the ""Unlock screen"" state","Home, Files & security","DK-0282","Encrypt locked files at rest with AES-256-GCM; keys in Keychain/Keystore released by biometrics/PIN","Home, Files & security","finish-to-start (blocked by)"
"DK-0287","F2 Locked folder: implement the ""Unlock screen"" state","Home, Files & security","DK-0148","Build DkPinPad with all variants and states","Design system & components","finish-to-start (blocked by)"
"DK-0288","F2 Locked folder: implement the ""Content"" state","Home, Files & security","DK-0282","Encrypt locked files at rest with AES-256-GCM; keys in Keychain/Keystore released by biometrics/PIN","Home, Files & security","finish-to-start (blocked by)"
"DK-0288","F2 Locked folder: implement the ""Content"" state","Home, Files & security","DK-0148","Build DkPinPad with all variants and states","Design system & components","finish-to-start (blocked by)"
"DK-0289","Move files into and out of the locked folder (encrypt/decrypt jobs)","Home, Files & security","DK-0282","Encrypt locked files at rest with AES-256-GCM; keys in Keychain/Keystore released by biometrics/PIN","Home, Files & security","finish-to-start (blocked by)"
"DK-0289","Move files into and out of the locked folder (encrypt/decrypt jobs)","Home, Files & security","DK-0260","Build F1 Files root: top bar actions, search, special rows, folders, files","Home, Files & security","finish-to-start (blocked by)"
"DK-0290","Global app lock (optional): lock on resume after timeout","Home, Files & security","DK-0282","Encrypt locked files at rest with AES-256-GCM; keys in Keychain/Keystore released by biometrics/PIN","Home, Files & security","finish-to-start (blocked by)"
"DK-0290","Global app lock (optional): lock on resume after timeout","Home, Files & security","DK-0234","Show a privacy cover in the app switcher when locked content is open or ""Hide previews"" is on","Platform & architecture","finish-to-start (blocked by)"
"DK-0290","Global app lock (optional): lock on resume after timeout","Home, Files & security","DK-0148","Build DkPinPad with all variants and states","Design system & components","finish-to-start (blocked by)"
"DK-0291","Security tests for the locked folder","Home, Files & security","DK-0282","Encrypt locked files at rest with AES-256-GCM; keys in Keychain/Keystore released by biometrics/PIN","Home, Files & security","finish-to-start (blocked by)"
"DK-0292","Change locked-folder PIN (Settings → Security)","Home, Files & security","DK-0282","Encrypt locked files at rest with AES-256-GCM; keys in Keychain/Keystore released by biometrics/PIN","Home, Files & security","finish-to-start (blocked by)"
"DK-0292","Change locked-folder PIN (Settings → Security)","Home, Files & security","DK-0148","Build DkPinPad with all variants and states","Design system & components","finish-to-start (blocked by)"
"DK-0293","Viewer core with pdfrx PdfViewer: continuous scroll, pinch zoom, double-tap fit width, progressive render","Viewer & editor","DK-0004","Implement go_router with StatefulShellRoute.indexedStack for the four tabs","Platform & architecture","finish-to-start (blocked by)"
"DK-0293","Viewer core with pdfrx PdfViewer: continuous scroll, pinch zoom, double-tap fit width, progressive render","Viewer & editor","DK-0007","Implement the worker-isolate model (PDFium serialised on one isolate; qpdf/OpenCV/ONNX on their own)","Platform & architecture","finish-to-start (blocked by)"
"DK-0294","Viewer chrome: top bar, page pill, bottom bar, auto-hide behaviour","Viewer & editor","DK-0293","Viewer core with pdfrx PdfViewer: continuous scroll, pinch zoom, double-tap fit width, progressive render","Viewer & editor","finish-to-start (blocked by)"
"DK-0294","Viewer chrome: top bar, page pill, bottom bar, auto-hide behaviour","Viewer & editor","DK-0178","Build DkViewerBar with all variants and states","Design system & components","finish-to-start (blocked by)"
"DK-0294","Viewer chrome: top bar, page pill, bottom bar, auto-hide behaviour","Viewer & editor","DK-0118","Build DkPagePill with all variants and states","Design system & components","finish-to-start (blocked by)"
"DK-0294","Viewer chrome: top bar, page pill, bottom bar, auto-hide behaviour","Viewer & editor","DK-0164","Build DkTopBar with all variants and states","Design system & components","finish-to-start (blocked by)"
"DK-0295","Viewer overflow menu (10 items)","Viewer & editor","DK-0294","Viewer chrome: top bar, page pill, bottom bar, auto-hide behaviour","Viewer & editor","finish-to-start (blocked by)"
"DK-0295","Viewer overflow menu (10 items)","Viewer & editor","DK-0188","Build DkMenu with all variants and states","Design system & components","finish-to-start (blocked by)"
"DK-0296","V1 Viewer: implement the ""Thumbnail strip"" state","Viewer & editor","DK-0293","Viewer core with pdfrx PdfViewer: continuous scroll, pinch zoom, double-tap fit width, progressive render","Viewer & editor","finish-to-start (blocked by)"
"DK-0296","V1 Viewer: implement the ""Thumbnail strip"" state","Viewer & editor","DK-0294","Viewer chrome: top bar, page pill, bottom bar, auto-hide behaviour","Viewer & editor","finish-to-start (blocked by)"
"DK-0296","V1 Viewer: implement the ""Thumbnail strip"" state","Viewer & editor","DK-0150","Build DkPageThumb with all variants and states","Design system & components","finish-to-start (blocked by)"
"DK-0297","V1 Viewer: implement the ""Loading"" state","Viewer & editor","DK-0293","Viewer core with pdfrx PdfViewer: continuous scroll, pinch zoom, double-tap fit width, progressive render","Viewer & editor","finish-to-start (blocked by)"
"DK-0297","V1 Viewer: implement the ""Loading"" state","Viewer & editor","DK-0294","Viewer chrome: top bar, page pill, bottom bar, auto-hide behaviour","Viewer & editor","finish-to-start (blocked by)"
"DK-0298","V1 Viewer: implement the ""Search active"" state","Viewer & editor","DK-0293","Viewer core with pdfrx PdfViewer: continuous scroll, pinch zoom, double-tap fit width, progressive render","Viewer & editor","finish-to-start (blocked by)"
"DK-0298","V1 Viewer: implement the ""Search active"" state","Viewer & editor","DK-0294","Viewer chrome: top bar, page pill, bottom bar, auto-hide behaviour","Viewer & editor","finish-to-start (blocked by)"
"DK-0299","V1 Viewer: implement the ""Search on scan without text"" state","Viewer & editor","DK-0293","Viewer core with pdfrx PdfViewer: continuous scroll, pinch zoom, double-tap fit width, progressive render","Viewer & editor","finish-to-start (blocked by)"
"DK-0299","V1 Viewer: implement the ""Search on scan without text"" state","Viewer & editor","DK-0294","Viewer chrome: top bar, page pill, bottom bar, auto-hide behaviour","Viewer & editor","finish-to-start (blocked by)"
"DK-0299","V1 Viewer: implement the ""Search on scan without text"" state","Viewer & editor","DK-0192","Build DkBanner with all variants and states","Design system & components","finish-to-start (blocked by)"
"DK-0300","V1 Viewer: implement the ""Text selected"" state","Viewer & editor","DK-0293","Viewer core with pdfrx PdfViewer: continuous scroll, pinch zoom, double-tap fit width, progressive render","Viewer & editor","finish-to-start (blocked by)"
"DK-0300","V1 Viewer: implement the ""Text selected"" state","Viewer & editor","DK-0294","Viewer chrome: top bar, page pill, bottom bar, auto-hide behaviour","Viewer & editor","finish-to-start (blocked by)"
"DK-0300","V1 Viewer: implement the ""Text selected"" state","Viewer & editor","DK-0202","Build DkMarkupBar with all variants and states","Design system & components","finish-to-start (blocked by)"
"DK-0301","V1 Viewer: implement the ""Locked PDF"" state","Viewer & editor","DK-0293","Viewer core with pdfrx PdfViewer: continuous scroll, pinch zoom, double-tap fit width, progressive render","Viewer & editor","finish-to-start (blocked by)"
"DK-0301","V1 Viewer: implement the ""Locked PDF"" state","Viewer & editor","DK-0294","Viewer chrome: top bar, page pill, bottom bar, auto-hide behaviour","Viewer & editor","finish-to-start (blocked by)"
"DK-0301","V1 Viewer: implement the ""Locked PDF"" state","Viewer & editor","DK-0122","Build DkPasswordField with all variants and states","Design system & components","finish-to-start (blocked by)"
"DK-0302","V1 Viewer: implement the ""Wrong password"" state","Viewer & editor","DK-0293","Viewer core with pdfrx PdfViewer: continuous scroll, pinch zoom, double-tap fit width, progressive render","Viewer & editor","finish-to-start (blocked by)"
"DK-0302","V1 Viewer: implement the ""Wrong password"" state","Viewer & editor","DK-0294","Viewer chrome: top bar, page pill, bottom bar, auto-hide behaviour","Viewer & editor","finish-to-start (blocked by)"
"DK-0303","V1 Viewer: implement the ""After unlock"" state","Viewer & editor","DK-0293","Viewer core with pdfrx PdfViewer: continuous scroll, pinch zoom, double-tap fit width, progressive render","Viewer & editor","finish-to-start (blocked by)"
"DK-0303","V1 Viewer: implement the ""After unlock"" state","Viewer & editor","DK-0294","Viewer chrome: top bar, page pill, bottom bar, auto-hide behaviour","Viewer & editor","finish-to-start (blocked by)"
"DK-0304","V1 Viewer: implement the ""Night mode"" state","Viewer & editor","DK-0293","Viewer core with pdfrx PdfViewer: continuous scroll, pinch zoom, double-tap fit width, progressive render","Viewer & editor","finish-to-start (blocked by)"
"DK-0304","V1 Viewer: implement the ""Night mode"" state","Viewer & editor","DK-0294","Viewer chrome: top bar, page pill, bottom bar, auto-hide behaviour","Viewer & editor","finish-to-start (blocked by)"
"DK-0305","V1 Viewer: implement the ""Damaged file"" state","Viewer & editor","DK-0293","Viewer core with pdfrx PdfViewer: continuous scroll, pinch zoom, double-tap fit width, progressive render","Viewer & editor","finish-to-start (blocked by)"
"DK-0305","V1 Viewer: implement the ""Damaged file"" state","Viewer & editor","DK-0294","Viewer chrome: top bar, page pill, bottom bar, auto-hide behaviour","Viewer & editor","finish-to-start (blocked by)"
"DK-0305","V1 Viewer: implement the ""Damaged file"" state","Viewer & editor","DK-0063","Ship ILL-14 illustration (Damaged file) as light and dark vector assets","Design system & components","finish-to-start (blocked by)"
"DK-0306","V1 Viewer: implement the ""Form detected"" state","Viewer & editor","DK-0293","Viewer core with pdfrx PdfViewer: continuous scroll, pinch zoom, double-tap fit width, progressive render","Viewer & editor","finish-to-start (blocked by)"
"DK-0306","V1 Viewer: implement the ""Form detected"" state","Viewer & editor","DK-0294","Viewer chrome: top bar, page pill, bottom bar, auto-hide behaviour","Viewer & editor","finish-to-start (blocked by)"
"DK-0306","V1 Viewer: implement the ""Form detected"" state","Viewer & editor","DK-0192","Build DkBanner with all variants and states","Design system & components","finish-to-start (blocked by)"
"DK-0307","V1 Viewer: implement the ""Go to page"" state","Viewer & editor","DK-0293","Viewer core with pdfrx PdfViewer: continuous scroll, pinch zoom, double-tap fit width, progressive render","Viewer & editor","finish-to-start (blocked by)"
"DK-0307","V1 Viewer: implement the ""Go to page"" state","Viewer & editor","DK-0294","Viewer chrome: top bar, page pill, bottom bar, auto-hide behaviour","Viewer & editor","finish-to-start (blocked by)"
"DK-0308","V1 Viewer: implement the ""External link dialog"" state","Viewer & editor","DK-0293","Viewer core with pdfrx PdfViewer: continuous scroll, pinch zoom, double-tap fit width, progressive render","Viewer & editor","finish-to-start (blocked by)"
"DK-0308","V1 Viewer: implement the ""External link dialog"" state","Viewer & editor","DK-0294","Viewer chrome: top bar, page pill, bottom bar, auto-hide behaviour","Viewer & editor","finish-to-start (blocked by)"
"DK-0309","Document outline (bookmarks) navigation","Viewer & editor","DK-0293","Viewer core with pdfrx PdfViewer: continuous scroll, pinch zoom, double-tap fit width, progressive render","Viewer & editor","finish-to-start (blocked by)"
"DK-0310","Tablet viewer: thumbnail sidebar (120) + pages + AI pane (400), inline actions","Viewer & editor","DK-0293","Viewer core with pdfrx PdfViewer: continuous scroll, pinch zoom, double-tap fit width, progressive render","Viewer & editor","finish-to-start (blocked by)"
"DK-0311","Viewer overflow actions: Share as images, Share text, Print","Viewer & editor","DK-0293","Viewer core with pdfrx PdfViewer: continuous scroll, pinch zoom, double-tap fit width, progressive render","Viewer & editor","finish-to-start (blocked by)"
"DK-0311","Viewer overflow actions: Share as images, Share text, Print","Viewer & editor","DK-0390","Build `doc_core`: Document core API","PDF engine & native","finish-to-start (blocked by)"
"DK-0312","Annotation editor core: tool palette, hit testing, selection, undo/redo, save as real PDF annotations","Viewer & editor","DK-0293","Viewer core with pdfrx PdfViewer: continuous scroll, pinch zoom, double-tap fit width, progressive render","Viewer & editor","finish-to-start (blocked by)"
"DK-0312","Annotation editor core: tool palette, hit testing, selection, undo/redo, save as real PDF annotations","Viewer & editor","DK-0007","Implement the worker-isolate model (PDFium serialised on one isolate; qpdf/OpenCV/ONNX on their own)","Platform & architecture","finish-to-start (blocked by)"
"DK-0313","V2 edit-mode shell: editing top bar, tool strip, 2 dp primary canvas border","Viewer & editor","DK-0312","Annotation editor core: tool palette, hit testing, selection, undo/redo, save as real PDF annotations","Viewer & editor","finish-to-start (blocked by)"
"DK-0313","V2 edit-mode shell: editing top bar, tool strip, 2 dp primary canvas border","Viewer & editor","DK-0176","Build DkToolStrip with all variants and states","Design system & components","finish-to-start (blocked by)"
"DK-0313","V2 edit-mode shell: editing top bar, tool strip, 2 dp primary canvas border","Viewer & editor","DK-0277","Version history: keep last 5 versions per file (edits, replace original)","Home, Files & security","finish-to-start (blocked by)"
"DK-0313","V2 edit-mode shell: editing top bar, tool strip, 2 dp primary canvas border","Viewer & editor","DK-0164","Build DkTopBar with all variants and states","Design system & components","finish-to-start (blocked by)"
"DK-0313","V2 edit-mode shell: editing top bar, tool strip, 2 dp primary canvas border","Viewer & editor","DK-0186","Build DkConfirmDialog with all variants and states","Design system & components","finish-to-start (blocked by)"
"DK-0314","V2 Pan tool with its options sheet","Viewer & editor","DK-0313","V2 edit-mode shell: editing top bar, tool strip, 2 dp primary canvas border","Viewer & editor","finish-to-start (blocked by)"
"DK-0314","V2 Pan tool with its options sheet","Viewer & editor","DK-0204","Build DkToolOptionsSheet with all variants and states","Design system & components","finish-to-start (blocked by)"
"DK-0314","V2 Pan tool with its options sheet","Viewer & editor","DK-0132","Build DkSlider with all variants and states","Design system & components","finish-to-start (blocked by)"
"DK-0314","V2 Pan tool with its options sheet","Viewer & editor","DK-0142","Build DkColorRow with all variants and states","Design system & components","finish-to-start (blocked by)"
"DK-0314","V2 Pan tool with its options sheet","Viewer & editor","DK-0176","Build DkToolStrip with all variants and states","Design system & components","finish-to-start (blocked by)"
"DK-0315","V2 Pen tool with its options sheet","Viewer & editor","DK-0313","V2 edit-mode shell: editing top bar, tool strip, 2 dp primary canvas border","Viewer & editor","finish-to-start (blocked by)"
"DK-0315","V2 Pen tool with its options sheet","Viewer & editor","DK-0204","Build DkToolOptionsSheet with all variants and states","Design system & components","finish-to-start (blocked by)"
"DK-0315","V2 Pen tool with its options sheet","Viewer & editor","DK-0132","Build DkSlider with all variants and states","Design system & components","finish-to-start (blocked by)"
"DK-0315","V2 Pen tool with its options sheet","Viewer & editor","DK-0142","Build DkColorRow with all variants and states","Design system & components","finish-to-start (blocked by)"
"DK-0315","V2 Pen tool with its options sheet","Viewer & editor","DK-0176","Build DkToolStrip with all variants and states","Design system & components","finish-to-start (blocked by)"
"DK-0316","V2 Highlighter tool with its options sheet","Viewer & editor","DK-0313","V2 edit-mode shell: editing top bar, tool strip, 2 dp primary canvas border","Viewer & editor","finish-to-start (blocked by)"
"DK-0316","V2 Highlighter tool with its options sheet","Viewer & editor","DK-0204","Build DkToolOptionsSheet with all variants and states","Design system & components","finish-to-start (blocked by)"
"DK-0316","V2 Highlighter tool with its options sheet","Viewer & editor","DK-0132","Build DkSlider with all variants and states","Design system & components","finish-to-start (blocked by)"
"DK-0316","V2 Highlighter tool with its options sheet","Viewer & editor","DK-0142","Build DkColorRow with all variants and states","Design system & components","finish-to-start (blocked by)"
"DK-0316","V2 Highlighter tool with its options sheet","Viewer & editor","DK-0176","Build DkToolStrip with all variants and states","Design system & components","finish-to-start (blocked by)"
"DK-0317","V2 Text tool with its options sheet","Viewer & editor","DK-0313","V2 edit-mode shell: editing top bar, tool strip, 2 dp primary canvas border","Viewer & editor","finish-to-start (blocked by)"
"DK-0317","V2 Text tool with its options sheet","Viewer & editor","DK-0204","Build DkToolOptionsSheet with all variants and states","Design system & components","finish-to-start (blocked by)"
"DK-0317","V2 Text tool with its options sheet","Viewer & editor","DK-0132","Build DkSlider with all variants and states","Design system & components","finish-to-start (blocked by)"
"DK-0317","V2 Text tool with its options sheet","Viewer & editor","DK-0142","Build DkColorRow with all variants and states","Design system & components","finish-to-start (blocked by)"
"DK-0317","V2 Text tool with its options sheet","Viewer & editor","DK-0176","Build DkToolStrip with all variants and states","Design system & components","finish-to-start (blocked by)"
"DK-0318","V2 Shapes tool with its options sheet","Viewer & editor","DK-0313","V2 edit-mode shell: editing top bar, tool strip, 2 dp primary canvas border","Viewer & editor","finish-to-start (blocked by)"
"DK-0318","V2 Shapes tool with its options sheet","Viewer & editor","DK-0204","Build DkToolOptionsSheet with all variants and states","Design system & components","finish-to-start (blocked by)"
"DK-0318","V2 Shapes tool with its options sheet","Viewer & editor","DK-0132","Build DkSlider with all variants and states","Design system & components","finish-to-start (blocked by)"
"DK-0318","V2 Shapes tool with its options sheet","Viewer & editor","DK-0142","Build DkColorRow with all variants and states","Design system & components","finish-to-start (blocked by)"
"DK-0318","V2 Shapes tool with its options sheet","Viewer & editor","DK-0176","Build DkToolStrip with all variants and states","Design system & components","finish-to-start (blocked by)"
"DK-0319","V2 Note tool with its options sheet","Viewer & editor","DK-0313","V2 edit-mode shell: editing top bar, tool strip, 2 dp primary canvas border","Viewer & editor","finish-to-start (blocked by)"
"DK-0319","V2 Note tool with its options sheet","Viewer & editor","DK-0204","Build DkToolOptionsSheet with all variants and states","Design system & components","finish-to-start (blocked by)"
"DK-0319","V2 Note tool with its options sheet","Viewer & editor","DK-0132","Build DkSlider with all variants and states","Design system & components","finish-to-start (blocked by)"
"DK-0319","V2 Note tool with its options sheet","Viewer & editor","DK-0142","Build DkColorRow with all variants and states","Design system & components","finish-to-start (blocked by)"
"DK-0319","V2 Note tool with its options sheet","Viewer & editor","DK-0176","Build DkToolStrip with all variants and states","Design system & components","finish-to-start (blocked by)"
"DK-0320","V2 Eraser tool with its options sheet","Viewer & editor","DK-0313","V2 edit-mode shell: editing top bar, tool strip, 2 dp primary canvas border","Viewer & editor","finish-to-start (blocked by)"
"DK-0320","V2 Eraser tool with its options sheet","Viewer & editor","DK-0204","Build DkToolOptionsSheet with all variants and states","Design system & components","finish-to-start (blocked by)"
"DK-0320","V2 Eraser tool with its options sheet","Viewer & editor","DK-0132","Build DkSlider with all variants and states","Design system & components","finish-to-start (blocked by)"
"DK-0320","V2 Eraser tool with its options sheet","Viewer & editor","DK-0142","Build DkColorRow with all variants and states","Design system & components","finish-to-start (blocked by)"
"DK-0320","V2 Eraser tool with its options sheet","Viewer & editor","DK-0176","Build DkToolStrip with all variants and states","Design system & components","finish-to-start (blocked by)"
"DK-0321","Highlight / Underline / Strike from text selection","Viewer & editor","DK-0312","Annotation editor core: tool palette, hit testing, selection, undo/redo, save as real PDF annotations","Viewer & editor","finish-to-start (blocked by)"
"DK-0321","Highlight / Underline / Strike from text selection","Viewer & editor","DK-0202","Build DkMarkupBar with all variants and states","Design system & components","finish-to-start (blocked by)"
"DK-0322","Selected annotation: handles + mini bar (Colour · Duplicate · Note · Delete)","Viewer & editor","DK-0312","Annotation editor core: tool palette, hit testing, selection, undo/redo, save as real PDF annotations","Viewer & editor","finish-to-start (blocked by)"
"DK-0322","Selected annotation: handles + mini bar (Colour · Duplicate · Note · Delete)","Viewer & editor","DK-0202","Build DkMarkupBar with all variants and states","Design system & components","finish-to-start (blocked by)"
"DK-0323","AcroForm filling with PDFium form environment; flatten option; XFA detection","Viewer & editor","DK-0293","Viewer core with pdfrx PdfViewer: continuous scroll, pinch zoom, double-tap fit width, progressive render","Viewer & editor","finish-to-start (blocked by)"
"DK-0323","AcroForm filling with PDFium form environment; flatten option; XFA detection","Viewer & editor","DK-0007","Implement the worker-isolate model (PDFium serialised on one isolate; qpdf/OpenCV/ONNX on their own)","Platform & architecture","finish-to-start (blocked by)"
"DK-0324","Form filling UI: field highlight, accessory bar, dropdown sheet, field list for long forms","Viewer & editor","DK-0323","AcroForm filling with PDFium form environment; flatten option; XFA detection","Viewer & editor","finish-to-start (blocked by)"
"DK-0324","Form filling UI: field highlight, accessory bar, dropdown sheet, field list for long forms","Viewer & editor","DK-0313","V2 edit-mode shell: editing top bar, tool strip, 2 dp primary canvas border","Viewer & editor","finish-to-start (blocked by)"
"DK-0324","Form filling UI: field highlight, accessory bar, dropdown sheet, field list for long forms","Viewer & editor","DK-0227","Implement the keyboard pattern as a reusable behaviour","Design system & components","finish-to-start (blocked by)"
"DK-0325","Encrypted signature store (images + initials) with Me → Signatures management","Viewer & editor","DK-0282","Encrypt locked files at rest with AES-256-GCM; keys in Keychain/Keystore released by biometrics/PIN","Home, Files & security","finish-to-start (blocked by)"
"DK-0326","Signatures sheet: grid of saved signatures, Add signature, date/initials toggles, empty state","Viewer & editor","DK-0325","Encrypted signature store (images + initials) with Me → Signatures management","Viewer & editor","finish-to-start (blocked by)"
"DK-0326","Signatures sheet: grid of saved signatures, Add signature, date/initials toggles, empty state","Viewer & editor","DK-0208","Build DkSignatureCard with all variants and states","Design system & components","finish-to-start (blocked by)"
"DK-0326","Signatures sheet: grid of saved signatures, Add signature, date/initials toggles, empty state","Viewer & editor","DK-0182","Build DkSheet with all variants and states","Design system & components","finish-to-start (blocked by)"
"DK-0326","Signatures sheet: grid of saved signatures, Add signature, date/initials toggles, empty state","Viewer & editor","DK-0064","Ship ILL-15 illustration (No signatures yet) as light and dark vector assets","Design system & components","finish-to-start (blocked by)"
"DK-0327","Signature pad (landscape full screen): Draw / Type / Image","Viewer & editor","DK-0325","Encrypted signature store (images + initials) with Me → Signatures management","Viewer & editor","finish-to-start (blocked by)"
"DK-0327","Signature pad (landscape full screen): Draw / Type / Image","Viewer & editor","DK-0206","Build DkSignaturePad with all variants and states","Design system & components","finish-to-start (blocked by)"
"DK-0328","Signature placement: centred stamp, drag/resize, date stamp, ""Sign here"" pills","Viewer & editor","DK-0312","Annotation editor core: tool palette, hit testing, selection, undo/redo, save as real PDF annotations","Viewer & editor","finish-to-start (blocked by)"
"DK-0328","Signature placement: centred stamp, drag/resize, date stamp, ""Sign here"" pills","Viewer & editor","DK-0325","Encrypted signature store (images + initials) with Me → Signatures management","Viewer & editor","finish-to-start (blocked by)"
"DK-0328","Signature placement: centred stamp, drag/resize, date stamp, ""Sign here"" pills","Viewer & editor","DK-0162","Build DkSignatureStamp with all variants and states","Design system & components","finish-to-start (blocked by)"
"DK-0329","P1 Organize pages screen: top bar, sub-bar, page grid, FAB, selection bar","Viewer & editor","DK-0154","Build DkPageGrid with all variants and states","Design system & components","finish-to-start (blocked by)"
"DK-0329","P1 Organize pages screen: top bar, sub-bar, page grid, FAB, selection bar","Viewer & editor","DK-0293","Viewer core with pdfrx PdfViewer: continuous scroll, pinch zoom, double-tap fit width, progressive render","Viewer & editor","finish-to-start (blocked by)"
"DK-0329","P1 Organize pages screen: top bar, sub-bar, page grid, FAB, selection bar","Viewer & editor","DK-0164","Build DkTopBar with all variants and states","Design system & components","finish-to-start (blocked by)"
"DK-0329","P1 Organize pages screen: top bar, sub-bar, page grid, FAB, selection bar","Viewer & editor","DK-0172","Build DkSelectionBar with all variants and states","Design system & components","finish-to-start (blocked by)"
"DK-0330","Page operations engine: move, delete, duplicate, rotate, insert blank/from file (PDFium)","Viewer & editor","DK-0007","Implement the worker-isolate model (PDFium serialised on one isolate; qpdf/OpenCV/ONNX on their own)","Platform & architecture","finish-to-start (blocked by)"
"DK-0331","P1 Organize pages: implement the ""Dragging"" state","Viewer & editor","DK-0329","P1 Organize pages screen: top bar, sub-bar, page grid, FAB, selection bar","Viewer & editor","finish-to-start (blocked by)"
"DK-0331","P1 Organize pages: implement the ""Dragging"" state","Viewer & editor","DK-0330","Page operations engine: move, delete, duplicate, rotate, insert blank/from file (PDFium)","Viewer & editor","finish-to-start (blocked by)"
"DK-0332","P1 Organize pages: implement the ""Insert sheet"" state","Viewer & editor","DK-0329","P1 Organize pages screen: top bar, sub-bar, page grid, FAB, selection bar","Viewer & editor","finish-to-start (blocked by)"
"DK-0332","P1 Organize pages: implement the ""Insert sheet"" state","Viewer & editor","DK-0330","Page operations engine: move, delete, duplicate, rotate, insert blank/from file (PDFium)","Viewer & editor","finish-to-start (blocked by)"
"DK-0333","P1 Organize pages: implement the ""After delete"" state","Viewer & editor","DK-0329","P1 Organize pages screen: top bar, sub-bar, page grid, FAB, selection bar","Viewer & editor","finish-to-start (blocked by)"
"DK-0333","P1 Organize pages: implement the ""After delete"" state","Viewer & editor","DK-0330","Page operations engine: move, delete, duplicate, rotate, insert blank/from file (PDFium)","Viewer & editor","finish-to-start (blocked by)"
"DK-0334","P1 Organize pages: implement the ""Pinch to 5 columns"" state","Viewer & editor","DK-0329","P1 Organize pages screen: top bar, sub-bar, page grid, FAB, selection bar","Viewer & editor","finish-to-start (blocked by)"
"DK-0334","P1 Organize pages: implement the ""Pinch to 5 columns"" state","Viewer & editor","DK-0330","Page operations engine: move, delete, duplicate, rotate, insert blank/from file (PDFium)","Viewer & editor","finish-to-start (blocked by)"
"DK-0335","P1 Organize pages: implement the ""300-page document"" state","Viewer & editor","DK-0329","P1 Organize pages screen: top bar, sub-bar, page grid, FAB, selection bar","Viewer & editor","finish-to-start (blocked by)"
"DK-0335","P1 Organize pages: implement the ""300-page document"" state","Viewer & editor","DK-0330","Page operations engine: move, delete, duplicate, rotate, insert blank/from file (PDFium)","Viewer & editor","finish-to-start (blocked by)"
"DK-0336","iOS scanner engine with VisionKit / Vision (VNDetectDocumentSegmentationRequest on our own camera view)","Scanner","DK-0007","Implement the worker-isolate model (PDFium serialised on one isolate; qpdf/OpenCV/ONNX on their own)","Platform & architecture","finish-to-start (blocked by)"
"DK-0337","Android doc_scanner: CameraX + OpenCV pipeline (Canny, morphology, findContours, approxPolyDP, scoring)","Scanner","DK-0007","Implement the worker-isolate model (PDFium serialised on one isolate; qpdf/OpenCV/ONNX on their own)","Platform & architecture","finish-to-start (blocked by)"
"DK-0337","Android doc_scanner: CameraX + OpenCV pipeline (Canny, morphology, findContours, approxPolyDP, scoring)","Scanner","DK-0677","Compliance: ML Kit scanner decision","Compliance & legal","finish-to-start (blocked by)"
"DK-0338","Separate auto-capture and auto-crop: stability-based capture (~0.5 s steady quad)","Scanner","DK-0336","iOS scanner engine with VisionKit / Vision (VNDetectDocumentSegmentationRequest on our own camera view)","Scanner","finish-to-start (blocked by)"
"DK-0338","Separate auto-capture and auto-crop: stability-based capture (~0.5 s steady quad)","Scanner","DK-0337","Android doc_scanner: CameraX + OpenCV pipeline (Canny, morphology, findContours, approxPolyDP, scoring)","Scanner","finish-to-start (blocked by)"
"DK-0338","Separate auto-capture and auto-crop: stability-based capture (~0.5 s steady quad)","Scanner","DK-0080","Build DkShutterButton with all variants and states","Design system & components","finish-to-start (blocked by)"
"DK-0339","Image filters: Original, Auto colour (CLAHE), Greyscale, B/W (adaptive threshold), Remove shadows, brightness/contrast","Scanner","DK-0007","Implement the worker-isolate model (PDFium serialised on one isolate; qpdf/OpenCV/ONNX on their own)","Platform & architecture","finish-to-start (blocked by)"
"DK-0340","ID card mode engine: crop to ID-1 (85.6 × 54 mm), front + back on one A4 at true size","Scanner","DK-0336","iOS scanner engine with VisionKit / Vision (VNDetectDocumentSegmentationRequest on our own camera view)","Scanner","finish-to-start (blocked by)"
"DK-0340","ID card mode engine: crop to ID-1 (85.6 × 54 mm), front + back on one A4 at true size","Scanner","DK-0337","Android doc_scanner: CameraX + OpenCV pipeline (Canny, morphology, findContours, approxPolyDP, scoring)","Scanner","finish-to-start (blocked by)"
"DK-0341","Book mode engine: spine detection (projection profile + Hough), split into two pages, deskew each","Scanner","DK-0336","iOS scanner engine with VisionKit / Vision (VNDetectDocumentSegmentationRequest on our own camera view)","Scanner","finish-to-start (blocked by)"
"DK-0341","Book mode engine: spine detection (projection profile + Hough), split into two pages, deskew each","Scanner","DK-0337","Android doc_scanner: CameraX + OpenCV pipeline (Canny, morphology, findContours, approxPolyDP, scoring)","Scanner","finish-to-start (blocked by)"
"DK-0342","Camera permission pre-prompt sheet and denied state","Scanner","DK-0182","Build DkSheet with all variants and states","Design system & components","finish-to-start (blocked by)"
"DK-0342","Camera permission pre-prompt sheet and denied state","Scanner","DK-0059","Ship ILL-10 illustration (Camera permission denied) as light and dark vector assets","Design system & components","finish-to-start (blocked by)"
"DK-0342","Camera permission pre-prompt sheet and denied state","Scanner","DK-0016","Declare platform capabilities: iOS Info.plist usage strings (EN/DE), document types; Android manifest permissions and intent filters","Platform & architecture","finish-to-start (blocked by)"
"DK-0343","S1 camera UI: top bar, hint pill, viewfinder quad, mode switcher, bottom row","Scanner","DK-0336","iOS scanner engine with VisionKit / Vision (VNDetectDocumentSegmentationRequest on our own camera view)","Scanner","finish-to-start (blocked by)"
"DK-0343","S1 camera UI: top bar, hint pill, viewfinder quad, mode switcher, bottom row","Scanner","DK-0337","Android doc_scanner: CameraX + OpenCV pipeline (Canny, morphology, findContours, approxPolyDP, scoring)","Scanner","finish-to-start (blocked by)"
"DK-0343","S1 camera UI: top bar, hint pill, viewfinder quad, mode switcher, bottom row","Scanner","DK-0180","Build DkCameraTopBar with all variants and states","Design system & components","finish-to-start (blocked by)"
"DK-0343","S1 camera UI: top bar, hint pill, viewfinder quad, mode switcher, bottom row","Scanner","DK-0080","Build DkShutterButton with all variants and states","Design system & components","finish-to-start (blocked by)"
"DK-0343","S1 camera UI: top bar, hint pill, viewfinder quad, mode switcher, bottom row","Scanner","DK-0342","Camera permission pre-prompt sheet and denied state","Scanner","finish-to-start (blocked by)"
"DK-0343","S1 camera UI: top bar, hint pill, viewfinder quad, mode switcher, bottom row","Scanner","DK-0114","Build DkCountBadge with all variants and states","Design system & components","finish-to-start (blocked by)"
"DK-0343","S1 camera UI: top bar, hint pill, viewfinder quad, mode switcher, bottom row","Scanner","DK-0116","Build DkHintPill with all variants and states","Design system & components","finish-to-start (blocked by)"
"DK-0344","Hint pill logic with priority order and spoken guidance","Scanner","DK-0343","S1 camera UI: top bar, hint pill, viewfinder quad, mode switcher, bottom row","Scanner","finish-to-start (blocked by)"
"DK-0345","S1 Scanner: implement the ""Flash menu"" state","Scanner","DK-0343","S1 camera UI: top bar, hint pill, viewfinder quad, mode switcher, bottom row","Scanner","finish-to-start (blocked by)"
"DK-0346","S1 Scanner: implement the ""ID card mode"" state","Scanner","DK-0343","S1 camera UI: top bar, hint pill, viewfinder quad, mode switcher, bottom row","Scanner","finish-to-start (blocked by)"
"DK-0347","S1 Scanner: implement the ""Book mode"" state","Scanner","DK-0343","S1 camera UI: top bar, hint pill, viewfinder quad, mode switcher, bottom row","Scanner","finish-to-start (blocked by)"
"DK-0348","S1 Scanner: implement the ""Batch mode"" state","Scanner","DK-0343","S1 camera UI: top bar, hint pill, viewfinder quad, mode switcher, bottom row","Scanner","finish-to-start (blocked by)"
"DK-0349","S1 Scanner: implement the ""Capture feedback"" state","Scanner","DK-0343","S1 camera UI: top bar, hint pill, viewfinder quad, mode switcher, bottom row","Scanner","finish-to-start (blocked by)"
"DK-0350","S1 Scanner: implement the ""Retake label"" state","Scanner","DK-0343","S1 camera UI: top bar, hint pill, viewfinder quad, mode switcher, bottom row","Scanner","finish-to-start (blocked by)"
"DK-0351","Import from photos or files with the same processing pipeline","Scanner","DK-0343","S1 camera UI: top bar, hint pill, viewfinder quad, mode switcher, bottom row","Scanner","finish-to-start (blocked by)"
"DK-0352","S2 Review: top bar, large preview, edit row, context area, page tray","Scanner","DK-0343","S1 camera UI: top bar, hint pill, viewfinder quad, mode switcher, bottom row","Scanner","finish-to-start (blocked by)"
"DK-0352","S2 Review: top bar, large preview, edit row, context area, page tray","Scanner","DK-0152","Build DkPageTray with all variants and states","Design system & components","finish-to-start (blocked by)"
"DK-0352","S2 Review: top bar, large preview, edit row, context area, page tray","Scanner","DK-0164","Build DkTopBar with all variants and states","Design system & components","finish-to-start (blocked by)"
"DK-0353","S2 Scanner: implement the ""Crop mode"" state","Scanner","DK-0352","S2 Review: top bar, large preview, edit row, context area, page tray","Scanner","finish-to-start (blocked by)"
"DK-0353","S2 Scanner: implement the ""Crop mode"" state","Scanner","DK-0339","Image filters: Original, Auto colour (CLAHE), Greyscale, B/W (adaptive threshold), Remove shadows, brightness/contrast","Scanner","finish-to-start (blocked by)"
"DK-0353","S2 Scanner: implement the ""Crop mode"" state","Scanner","DK-0156","Build DkCropOverlay with all variants and states","Design system & components","finish-to-start (blocked by)"
"DK-0353","S2 Scanner: implement the ""Crop mode"" state","Scanner","DK-0158","Build DkMagnifier with all variants and states","Design system & components","finish-to-start (blocked by)"
"DK-0354","S2 Scanner: implement the ""Filter mode"" state","Scanner","DK-0352","S2 Review: top bar, large preview, edit row, context area, page tray","Scanner","finish-to-start (blocked by)"
"DK-0354","S2 Scanner: implement the ""Filter mode"" state","Scanner","DK-0339","Image filters: Original, Auto colour (CLAHE), Greyscale, B/W (adaptive threshold), Remove shadows, brightness/contrast","Scanner","finish-to-start (blocked by)"
"DK-0354","S2 Scanner: implement the ""Filter mode"" state","Scanner","DK-0156","Build DkCropOverlay with all variants and states","Design system & components","finish-to-start (blocked by)"
"DK-0354","S2 Scanner: implement the ""Filter mode"" state","Scanner","DK-0158","Build DkMagnifier with all variants and states","Design system & components","finish-to-start (blocked by)"
"DK-0355","S2 Scanner: implement the ""Apply-to-all chip"" state","Scanner","DK-0352","S2 Review: top bar, large preview, edit row, context area, page tray","Scanner","finish-to-start (blocked by)"
"DK-0355","S2 Scanner: implement the ""Apply-to-all chip"" state","Scanner","DK-0339","Image filters: Original, Auto colour (CLAHE), Greyscale, B/W (adaptive threshold), Remove shadows, brightness/contrast","Scanner","finish-to-start (blocked by)"
"DK-0355","S2 Scanner: implement the ""Apply-to-all chip"" state","Scanner","DK-0156","Build DkCropOverlay with all variants and states","Design system & components","finish-to-start (blocked by)"
"DK-0355","S2 Scanner: implement the ""Apply-to-all chip"" state","Scanner","DK-0158","Build DkMagnifier with all variants and states","Design system & components","finish-to-start (blocked by)"
"DK-0356","S2 Scanner: implement the ""Rotate"" state","Scanner","DK-0352","S2 Review: top bar, large preview, edit row, context area, page tray","Scanner","finish-to-start (blocked by)"
"DK-0356","S2 Scanner: implement the ""Rotate"" state","Scanner","DK-0339","Image filters: Original, Auto colour (CLAHE), Greyscale, B/W (adaptive threshold), Remove shadows, brightness/contrast","Scanner","finish-to-start (blocked by)"
"DK-0356","S2 Scanner: implement the ""Rotate"" state","Scanner","DK-0156","Build DkCropOverlay with all variants and states","Design system & components","finish-to-start (blocked by)"
"DK-0356","S2 Scanner: implement the ""Rotate"" state","Scanner","DK-0158","Build DkMagnifier with all variants and states","Design system & components","finish-to-start (blocked by)"
"DK-0357","S2 Scanner: implement the ""Delete page"" state","Scanner","DK-0352","S2 Review: top bar, large preview, edit row, context area, page tray","Scanner","finish-to-start (blocked by)"
"DK-0357","S2 Scanner: implement the ""Delete page"" state","Scanner","DK-0339","Image filters: Original, Auto colour (CLAHE), Greyscale, B/W (adaptive threshold), Remove shadows, brightness/contrast","Scanner","finish-to-start (blocked by)"
"DK-0357","S2 Scanner: implement the ""Delete page"" state","Scanner","DK-0156","Build DkCropOverlay with all variants and states","Design system & components","finish-to-start (blocked by)"
"DK-0357","S2 Scanner: implement the ""Delete page"" state","Scanner","DK-0158","Build DkMagnifier with all variants and states","Design system & components","finish-to-start (blocked by)"
"DK-0358","S2 Scanner: implement the ""Discard dialog"" state","Scanner","DK-0352","S2 Review: top bar, large preview, edit row, context area, page tray","Scanner","finish-to-start (blocked by)"
"DK-0358","S2 Scanner: implement the ""Discard dialog"" state","Scanner","DK-0339","Image filters: Original, Auto colour (CLAHE), Greyscale, B/W (adaptive threshold), Remove shadows, brightness/contrast","Scanner","finish-to-start (blocked by)"
"DK-0358","S2 Scanner: implement the ""Discard dialog"" state","Scanner","DK-0156","Build DkCropOverlay with all variants and states","Design system & components","finish-to-start (blocked by)"
"DK-0358","S2 Scanner: implement the ""Discard dialog"" state","Scanner","DK-0158","Build DkMagnifier with all variants and states","Design system & components","finish-to-start (blocked by)"
"DK-0359","Save sheet: name, format, page size, quality, folder, Make text searchable","Scanner","DK-0352","S2 Review: top bar, large preview, edit row, context area, page tray","Scanner","finish-to-start (blocked by)"
"DK-0359","Save sheet: name, format, page size, quality, folder, Make text searchable","Scanner","DK-0092","Build DkLevelCard with all variants and states","Design system & components","finish-to-start (blocked by)"
"DK-0359","Save sheet: name, format, page size, quality, folder, Make text searchable","Scanner","DK-0120","Build DkTextField with all variants and states","Design system & components","finish-to-start (blocked by)"
"DK-0359","Save sheet: name, format, page size, quality, folder, Make text searchable","Scanner","DK-0182","Build DkSheet with all variants and states","Design system & components","finish-to-start (blocked by)"
"DK-0359","Save sheet: name, format, page size, quality, folder, Make text searchable","Scanner","DK-0102","Build DkProBadge with all variants and states","Design system & components","finish-to-start (blocked by)"
"DK-0359","Save sheet: name, format, page size, quality, folder, Make text searchable","Scanner","DK-0128","Build DkSwitch with all variants and states","Design system & components","finish-to-start (blocked by)"
"DK-0359","Save sheet: name, format, page size, quality, folder, Make text searchable","Scanner","DK-0130","Build DkSegmented with all variants and states","Design system & components","finish-to-start (blocked by)"
"DK-0360","Scan result screen with Next chips (Compress · Add password · Sign · Summarize · Share)","Scanner","DK-0359","Save sheet: name, format, page size, quality, folder, Make text searchable","Scanner","finish-to-start (blocked by)"
"DK-0361","Scanning defaults: filter, crop mode, page size, file-name pattern (""Save as default"")","Scanner","DK-0352","S2 Review: top bar, large preview, edit row, context area, page tray","Scanner","finish-to-start (blocked by)"
"DK-0362","Find documents in photos: on-device scoring (text-area ratio + quad + aspect), background, cached","Scanner","DK-0007","Implement the worker-isolate model (PDFium serialised on one isolate; qpdf/OpenCV/ONNX on their own)","Platform & architecture","finish-to-start (blocked by)"
"DK-0362","Find documents in photos: on-device scoring (text-area ratio + quad + aspect), background, cached","Scanner","DK-0005","Create the drift database: files index, recents, folders, favourites, versions, OCR text (FTS5)","Platform & architecture","finish-to-start (blocked by)"
"DK-0362","Find documents in photos: on-device scoring (text-area ratio + quad + aspect), background, cached","Scanner","DK-0016","Declare platform capabilities: iOS Info.plist usage strings (EN/DE), document types; Android manifest permissions and intent filters","Platform & architecture","finish-to-start (blocked by)"
"DK-0363","Photo finder: implement the ""Intro sheet"" state","Scanner","DK-0362","Find documents in photos: on-device scoring (text-area ratio + quad + aspect), background, cached","Scanner","finish-to-start (blocked by)"
"DK-0363","Photo finder: implement the ""Intro sheet"" state","Scanner","DK-0066","Ship ILL-17 illustration (Find documents in photos intro) as light and dark vector assets","Design system & components","finish-to-start (blocked by)"
"DK-0364","Photo finder: implement the ""Scanning card"" state","Scanner","DK-0362","Find documents in photos: on-device scoring (text-area ratio + quad + aspect), background, cached","Scanner","finish-to-start (blocked by)"
"DK-0365","Photo finder: implement the ""Results grid"" state","Scanner","DK-0362","Find documents in photos: on-device scoring (text-area ratio + quad + aspect), background, cached","Scanner","finish-to-start (blocked by)"
"DK-0366","Photo finder: implement the ""Convert options"" state","Scanner","DK-0362","Find documents in photos: on-device scoring (text-area ratio + quad + aspect), background, cached","Scanner","finish-to-start (blocked by)"
"DK-0367","Photo finder: implement the ""Not a document"" state","Scanner","DK-0362","Find documents in photos: on-device scoring (text-area ratio + quad + aspect), background, cached","Scanner","finish-to-start (blocked by)"
"DK-0368","Photo finder: implement the ""Empty"" state","Scanner","DK-0362","Find documents in photos: on-device scoring (text-area ratio + quad + aspect), background, cached","Scanner","finish-to-start (blocked by)"
"DK-0369","Scanner quick settings sheet from the top-bar settings (tune) button","Scanner","DK-0343","S1 camera UI: top bar, hint pill, viewfinder quad, mode switcher, bottom row","Scanner","finish-to-start (blocked by)"
"DK-0369","Scanner quick settings sheet from the top-bar settings (tune) button","Scanner","DK-0338","Separate auto-capture and auto-crop: stability-based capture (~0.5 s steady quad)","Scanner","finish-to-start (blocked by)"
"DK-0370","Generic T2 tool options shell (one shell for all 30 tools)","Tools & tool shell","DK-0004","Implement go_router with StatefulShellRoute.indexedStack for the four tabs","Platform & architecture","finish-to-start (blocked by)"
"DK-0370","Generic T2 tool options shell (one shell for all 30 tools)","Tools & tool shell","DK-0008","Define the ToolJob interface, job queue and progress model in doc_tools","Platform & architecture","finish-to-start (blocked by)"
"DK-0370","Generic T2 tool options shell (one shell for all 30 tools)","Tools & tool shell","DK-0170","Build DkActionBar with all variants and states","Design system & components","finish-to-start (blocked by)"
"DK-0370","Generic T2 tool options shell (one shell for all 30 tools)","Tools & tool shell","DK-0138","Build DkOptionRow with all variants and states","Design system & components","finish-to-start (blocked by)"
"DK-0370","Generic T2 tool options shell (one shell for all 30 tools)","Tools & tool shell","DK-0049","Create the tool icon registry: one icon per tool used everywhere","Design system & components","finish-to-start (blocked by)"
"DK-0370","Generic T2 tool options shell (one shell for all 30 tools)","Tools & tool shell","DK-0164","Build DkTopBar with all variants and states","Design system & components","finish-to-start (blocked by)"
"DK-0370","Generic T2 tool options shell (one shell for all 30 tools)","Tools & tool shell","DK-0122","Build DkPasswordField with all variants and states","Design system & components","finish-to-start (blocked by)"
"DK-0370","Generic T2 tool options shell (one shell for all 30 tools)","Tools & tool shell","DK-0086","Build DkFileCard with all variants and states","Design system & components","finish-to-start (blocked by)"
"DK-0370","Generic T2 tool options shell (one shell for all 30 tools)","Tools & tool shell","DK-0110","Build DkPrivacyLine with all variants and states","Design system & components","finish-to-start (blocked by)"
"DK-0371","T2 empty input state: picker card with recent compatible files, Browse device, Choose photos","Tools & tool shell","DK-0370","Generic T2 tool options shell (one shell for all 30 tools)","Tools & tool shell","finish-to-start (blocked by)"
"DK-0372","Inline password row for locked input files","Tools & tool shell","DK-0370","Generic T2 tool options shell (one shell for all 30 tools)","Tools & tool shell","finish-to-start (blocked by)"
"DK-0372","Inline password row for locked input files","Tools & tool shell","DK-0122","Build DkPasswordField with all variants and states","Design system & components","finish-to-start (blocked by)"
"DK-0373","Live estimate caption (""About 1.8 MB · 12 pages"")","Tools & tool shell","DK-0370","Generic T2 tool options shell (one shell for all 30 tools)","Tools & tool shell","finish-to-start (blocked by)"
"DK-0374","Pro gating in T2: header badge, free-try caption, paywall before run on second use","Tools & tool shell","DK-0370","Generic T2 tool options shell (one shell for all 30 tools)","Tools & tool shell","finish-to-start (blocked by)"
"DK-0374","Pro gating in T2: header badge, free-try caption, paywall before run on second use","Tools & tool shell","DK-0580","X3 paywall sheet: close, ILL-18, headline, context line, 5 benefits, reassurance, price button, footer","Me, Pro & system surfaces","finish-to-start (blocked by)"
"DK-0374","Pro gating in T2: header badge, free-try caption, paywall before run on second use","Tools & tool shell","DK-0579","One-time Pro unlock with in_app_purchase (StoreKit 2 / Play Billing), entitlement cache, restore, Family Sharing","Me, Pro & system surfaces","finish-to-start (blocked by)"
"DK-0375","X2 progress: none < 2 s, button loading 2–10 s, progress sheet > 10 s","Tools & tool shell","DK-0370","Generic T2 tool options shell (one shell for all 30 tools)","Tools & tool shell","finish-to-start (blocked by)"
"DK-0375","X2 progress: none < 2 s, button loading 2–10 s, progress sheet > 10 s","Tools & tool shell","DK-0194","Build DkProgressSheet with all variants and states","Design system & components","finish-to-start (blocked by)"
"DK-0375","X2 progress: none < 2 s, button loading 2–10 s, progress sheet > 10 s","Tools & tool shell","DK-0233","Global overlay host: mini job bar and toast queue above any screen","Platform & architecture","finish-to-start (blocked by)"
"DK-0375","X2 progress: none < 2 s, button loading 2–10 s, progress sheet > 10 s","Tools & tool shell","DK-0174","Build DkMiniJobBar with all variants and states","Design system & components","finish-to-start (blocked by)"
"DK-0375","X2 progress: none < 2 s, button loading 2–10 s, progress sheet > 10 s","Tools & tool shell","DK-0074","Build DkButton with all variants and states","Design system & components","finish-to-start (blocked by)"
"DK-0376","Cancel a running job (confirm if > 30 s done)","Tools & tool shell","DK-0375","X2 progress: none < 2 s, button loading 2–10 s, progress sheet > 10 s","Tools & tool shell","finish-to-start (blocked by)"
"DK-0377","Job failure state inside the progress sheet with one recovery action","Tools & tool shell","DK-0375","X2 progress: none < 2 s, button loading 2–10 s, progress sheet > 10 s","Tools & tool shell","finish-to-start (blocked by)"
"DK-0377","Job failure state inside the progress sheet with one recovery action","Tools & tool shell","DK-0069","Ship ILL-20 illustration (Generic error) as light and dark vector assets","Design system & components","finish-to-start (blocked by)"
"DK-0378","Notifications permission pre-prompt the first time a job runs > 30 s in the background","Tools & tool shell","DK-0375","X2 progress: none < 2 s, button loading 2–10 s, progress sheet > 10 s","Tools & tool shell","finish-to-start (blocked by)"
"DK-0379","Generic T3 result: result card, preview strip, name, save location, Next chips, action bar","Tools & tool shell","DK-0370","Generic T2 tool options shell (one shell for all 30 tools)","Tools & tool shell","finish-to-start (blocked by)"
"DK-0379","Generic T3 result: result card, preview strip, name, save location, Next chips, action bar","Tools & tool shell","DK-0090","Build DkResultCard with all variants and states","Design system & components","finish-to-start (blocked by)"
"DK-0379","Generic T3 result: result card, preview strip, name, save location, Next chips, action bar","Tools & tool shell","DK-0106","Build DkNextChip with all variants and states","Design system & components","finish-to-start (blocked by)"
"DK-0379","Generic T3 result: result card, preview strip, name, save location, Next chips, action bar","Tools & tool shell","DK-0170","Build DkActionBar with all variants and states","Design system & components","finish-to-start (blocked by)"
"DK-0379","Generic T3 result: result card, preview strip, name, save location, Next chips, action bar","Tools & tool shell","DK-0120","Build DkTextField with all variants and states","Design system & components","finish-to-start (blocked by)"
"DK-0379","Generic T3 result: result card, preview strip, name, save location, Next chips, action bar","Tools & tool shell","DK-0086","Build DkFileCard with all variants and states","Design system & components","finish-to-start (blocked by)"
"DK-0380","T3 result: implement the ""Replace original"" state","Tools & tool shell","DK-0379","Generic T3 result: result card, preview strip, name, save location, Next chips, action bar","Tools & tool shell","finish-to-start (blocked by)"
"DK-0380","T3 result: implement the ""Replace original"" state","Tools & tool shell","DK-0277","Version history: keep last 5 versions per file (edits, replace original)","Home, Files & security","finish-to-start (blocked by)"
"DK-0381","T3 result: implement the ""After save"" state","Tools & tool shell","DK-0379","Generic T3 result: result card, preview strip, name, save location, Next chips, action bar","Tools & tool shell","finish-to-start (blocked by)"
"DK-0382","T3 result: implement the ""Discard result"" state","Tools & tool shell","DK-0379","Generic T3 result: result card, preview strip, name, save location, Next chips, action bar","Tools & tool shell","finish-to-start (blocked by)"
"DK-0383","T3 result: implement the ""Partial success"" state","Tools & tool shell","DK-0379","Generic T3 result: result card, preview strip, name, save location, Next chips, action bar","Tools & tool shell","finish-to-start (blocked by)"
"DK-0384","T3 result: implement the ""Multi-file result"" state","Tools & tool shell","DK-0379","Generic T3 result: result card, preview strip, name, save location, Next chips, action bar","Tools & tool shell","finish-to-start (blocked by)"
"DK-0385","T3 result: implement the ""Save to…"" state","Tools & tool shell","DK-0379","Generic T3 result: result card, preview strip, name, save location, Next chips, action bar","Tools & tool shell","finish-to-start (blocked by)"
"DK-0386","Chaining via Next chips and ""Save as workflow""","Tools & tool shell","DK-0379","Generic T3 result: result card, preview strip, name, save location, Next chips, action bar","Tools & tool shell","finish-to-start (blocked by)"
"DK-0387","X1 tool picker (share sheet / viewer Tools)","Tools & tool shell","DK-0370","Generic T2 tool options shell (one shell for all 30 tools)","Tools & tool shell","finish-to-start (blocked by)"
"DK-0387","X1 tool picker (share sheet / viewer Tools)","Tools & tool shell","DK-0235","Receive files from the share sheet / ""Open with"" (receive_sharing_intent 1.9.0)","Platform & architecture","finish-to-start (blocked by)"
"DK-0387","X1 tool picker (share sheet / viewer Tools)","Tools & tool shell","DK-0084","Build DkToolRow with all variants and states","Design system & components","finish-to-start (blocked by)"
"DK-0387","X1 tool picker (share sheet / viewer Tools)","Tools & tool shell","DK-0082","Build DkToolTile with all variants and states","Design system & components","finish-to-start (blocked by)"
"DK-0387","X1 tool picker (share sheet / viewer Tools)","Tools & tool shell","DK-0182","Build DkSheet with all variants and states","Design system & components","finish-to-start (blocked by)"
"DK-0387","X1 tool picker (share sheet / viewer Tools)","Tools & tool shell","DK-0126","Build DkSearchField with all variants and states","Design system & components","finish-to-start (blocked by)"
"DK-0387","X1 tool picker (share sheet / viewer Tools)","Tools & tool shell","DK-0022","Local tool-usage tracking (never uploaded) for suggestions and shortcuts","Platform & architecture","finish-to-start (blocked by)"
"DK-0388","Tablet T2/T3: options left (480) + live preview right; medium: max width 640","Tools & tool shell","DK-0370","Generic T2 tool options shell (one shell for all 30 tools)","Tools & tool shell","finish-to-start (blocked by)"
"DK-0388","Tablet T2/T3: options left (480) + live preview right; medium: max width 640","Tools & tool shell","DK-0379","Generic T3 result: result card, preview strip, name, save location, Next chips, action bar","Tools & tool shell","finish-to-start (blocked by)"
"DK-0389","T2 Compress and T3 at 200 % text","Tools & tool shell","DK-0370","Generic T2 tool options shell (one shell for all 30 tools)","Tools & tool shell","finish-to-start (blocked by)"
"DK-0389","T2 Compress and T3 at 200 % text","Tools & tool shell","DK-0379","Generic T3 result: result card, preview strip, name, save location, Next chips, action bar","Tools & tool shell","finish-to-start (blocked by)"
"DK-0390","Build `doc_core`: Document core API","PDF engine & native","DK-0007","Implement the worker-isolate model (PDFium serialised on one isolate; qpdf/OpenCV/ONNX on their own)","Platform & architecture","finish-to-start (blocked by)"
"DK-0391","Build `qpdf_ffi`: qpdf binding (1 wk)","PDF engine & native","DK-0007","Implement the worker-isolate model (PDFium serialised on one isolate; qpdf/OpenCV/ONNX on their own)","Platform & architecture","finish-to-start (blocked by)"
"DK-0391","Build `qpdf_ffi`: qpdf binding (1 wk)","PDF engine & native","DK-0010","Set up CI: analyze, unit/widget/golden tests, native builds, licence scan, privacy network check","Platform & architecture","finish-to-start (blocked by)"
"DK-0392","Build `pdf_compress`: Compression pipeline (1.5 wk)","PDF engine & native","DK-0390","Build `doc_core`: Document core API","PDF engine & native","finish-to-start (blocked by)"
"DK-0392","Build `pdf_compress`: Compression pipeline (1.5 wk)","PDF engine & native","DK-0391","Build `qpdf_ffi`: qpdf binding (1 wk)","PDF engine & native","finish-to-start (blocked by)"
"DK-0393","Build `pdf_redact`: True redaction library (2 wk)","PDF engine & native","DK-0390","Build `doc_core`: Document core API","PDF engine & native","finish-to-start (blocked by)"
"DK-0393","Build `pdf_redact`: True redaction library (2 wk)","PDF engine & native","DK-0391","Build `qpdf_ffi`: qpdf binding (1 wk)","PDF engine & native","finish-to-start (blocked by)"
"DK-0393","Build `pdf_redact`: True redaction library (2 wk)","PDF engine & native","DK-0394","Build `ocr_text_layer`: Invisible OCR text layer (1 wk)","PDF engine & native","finish-to-start (blocked by)"
"DK-0394","Build `ocr_text_layer`: Invisible OCR text layer (1 wk)","PDF engine & native","DK-0390","Build `doc_core`: Document core API","PDF engine & native","finish-to-start (blocked by)"
"DK-0394","Build `ocr_text_layer`: Invisible OCR text layer (1 wk)","PDF engine & native","DK-0391","Build `qpdf_ffi`: qpdf binding (1 wk)","PDF engine & native","finish-to-start (blocked by)"
"DK-0395","Build `pdfa_writer`: PDF/A-2b writer (2 wk)","PDF engine & native","DK-0390","Build `doc_core`: Document core API","PDF engine & native","finish-to-start (blocked by)"
"DK-0395","Build `pdfa_writer`: PDF/A-2b writer (2 wk)","PDF engine & native","DK-0391","Build `qpdf_ffi`: qpdf binding (1 wk)","PDF engine & native","finish-to-start (blocked by)"
"DK-0395","Build `pdfa_writer`: PDF/A-2b writer (2 wk)","PDF engine & native","DK-0678","Compliance: sRGB ICC profile","Compliance & legal","finish-to-start (blocked by)"
"DK-0396","Build `pdf_structure`: Structure extraction (1.5 wk)","PDF engine & native","DK-0390","Build `doc_core`: Document core API","PDF engine & native","finish-to-start (blocked by)"
"DK-0397","Build `vision_ocr`: iOS Vision OCR bridge (2 days)","PDF engine & native","DK-0007","Implement the worker-isolate model (PDFium serialised on one isolate; qpdf/OpenCV/ONNX on their own)","Platform & architecture","finish-to-start (blocked by)"
"DK-0398","Build `pp_ocr`: PP-OCRv5 pipeline (1 wk)","PDF engine & native","DK-0007","Implement the worker-isolate model (PDFium serialised on one isolate; qpdf/OpenCV/ONNX on their own)","Platform & architecture","finish-to-start (blocked by)"
"DK-0399","Build `web_to_pdf`: Web page to PDF plugin (3 days)","PDF engine & native","DK-0007","Implement the worker-isolate model (PDFium serialised on one isolate; qpdf/OpenCV/ONNX on their own)","Platform & architecture","finish-to-start (blocked by)"
"DK-0400","OCR facade: Apple Vision on iOS, PP-OCRv5 on Android/fallback; language handling","PDF engine & native","DK-0397","Build `vision_ocr`: iOS Vision OCR bridge (2 days)","PDF engine & native","finish-to-start (blocked by)"
"DK-0400","OCR facade: Apple Vision on iOS, PP-OCRv5 on Android/fallback; language handling","PDF engine & native","DK-0398","Build `pp_ocr`: PP-OCRv5 pipeline (1 wk)","PDF engine & native","finish-to-start (blocked by)"
"DK-0401","Evaluate PP-DocLayout (small) for pdf_structure and Smart Split","PDF engine & native","DK-0396","Build `pdf_structure`: Structure extraction (1.5 wk)","PDF engine & native","finish-to-start (blocked by)"
"DK-0401","Evaluate PP-DocLayout (small) for pdf_structure and Smart Split","PDF engine & native","DK-0023","Create the fictional sample-document set for demos, tests and store screenshots","Platform & architecture","finish-to-start (blocked by)"
"DK-0402","Merge PDF: implement the merge ToolJob (engine)","PDF engine & native","DK-0390","Build `doc_core`: Document core API","PDF engine & native","finish-to-start (blocked by)"
"DK-0402","Merge PDF: implement the merge ToolJob (engine)","PDF engine & native","DK-0391","Build `qpdf_ffi`: qpdf binding (1 wk)","PDF engine & native","finish-to-start (blocked by)"
"DK-0402","Merge PDF: implement the merge ToolJob (engine)","PDF engine & native","DK-0008","Define the ToolJob interface, job queue and progress model in doc_tools","Platform & architecture","finish-to-start (blocked by)"
"DK-0403","Merge PDF: T2 options UI","Tools & tool shell","DK-0370","Generic T2 tool options shell (one shell for all 30 tools)","Tools & tool shell","finish-to-start (blocked by)"
"DK-0403","Merge PDF: T2 options UI","Tools & tool shell","DK-0402","Merge PDF: implement the merge ToolJob (engine)","PDF engine & native","finish-to-start (blocked by)"
"DK-0403","Merge PDF: T2 options UI","Tools & tool shell","DK-0124","Build DkRangeField with all variants and states","Design system & components","finish-to-start (blocked by)"
"DK-0404","Merge PDF: T3 result card, naming and Next chips","Tools & tool shell","DK-0379","Generic T3 result: result card, preview strip, name, save location, Next chips, action bar","Tools & tool shell","finish-to-start (blocked by)"
"DK-0404","Merge PDF: T3 result card, naming and Next chips","Tools & tool shell","DK-0403","Merge PDF: T2 options UI","Tools & tool shell","finish-to-start (blocked by)"
"DK-0405","Merge PDF: errors and edge states","Tools & tool shell","DK-0403","Merge PDF: T2 options UI","Tools & tool shell","finish-to-start (blocked by)"
"DK-0405","Merge PDF: errors and edge states","Tools & tool shell","DK-0609","Error model: typed DokuloError with codes, messages and one recovery action","Tools & tool shell","finish-to-start (blocked by)"
"DK-0405","Merge PDF: errors and edge states","Tools & tool shell","DK-0020","Preflight checks before every job: free storage, memory guard, encryption, file type","Platform & architecture","finish-to-start (blocked by)"
"DK-0406","Merge PDF: copy deck EN/DE and accessibility labels","Localisation & content","DK-0009","Set up flutter_localizations, intl and ARB files for EN and DE","Platform & architecture","finish-to-start (blocked by)"
"DK-0407","Merge PDF: golden-PDF and widget tests","Tools & tool shell","DK-0402","Merge PDF: implement the merge ToolJob (engine)","PDF engine & native","finish-to-start (blocked by)"
"DK-0407","Merge PDF: golden-PDF and widget tests","Tools & tool shell","DK-0658","Test suite: Golden PDF corpus","QA & accessibility","finish-to-start (blocked by)"
"DK-0408","Split PDF: implement the split ToolJob (engine)","PDF engine & native","DK-0391","Build `qpdf_ffi`: qpdf binding (1 wk)","PDF engine & native","finish-to-start (blocked by)"
"DK-0408","Split PDF: implement the split ToolJob (engine)","PDF engine & native","DK-0008","Define the ToolJob interface, job queue and progress model in doc_tools","Platform & architecture","finish-to-start (blocked by)"
"DK-0409","Split PDF: T2 options UI","Tools & tool shell","DK-0370","Generic T2 tool options shell (one shell for all 30 tools)","Tools & tool shell","finish-to-start (blocked by)"
"DK-0409","Split PDF: T2 options UI","Tools & tool shell","DK-0408","Split PDF: implement the split ToolJob (engine)","PDF engine & native","finish-to-start (blocked by)"
"DK-0409","Split PDF: T2 options UI","Tools & tool shell","DK-0124","Build DkRangeField with all variants and states","Design system & components","finish-to-start (blocked by)"
"DK-0409","Split PDF: T2 options UI","Tools & tool shell","DK-0216","Build DkSplitMarker with all variants and states","Design system & components","finish-to-start (blocked by)"
"DK-0409","Split PDF: T2 options UI","Tools & tool shell","DK-0134","Build DkStepper with all variants and states","Design system & components","finish-to-start (blocked by)"
"DK-0409","Split PDF: T2 options UI","Tools & tool shell","DK-0130","Build DkSegmented with all variants and states","Design system & components","finish-to-start (blocked by)"
"DK-0410","Split PDF: T3 result card, naming and Next chips","Tools & tool shell","DK-0379","Generic T3 result: result card, preview strip, name, save location, Next chips, action bar","Tools & tool shell","finish-to-start (blocked by)"
"DK-0410","Split PDF: T3 result card, naming and Next chips","Tools & tool shell","DK-0409","Split PDF: T2 options UI","Tools & tool shell","finish-to-start (blocked by)"
"DK-0411","Split PDF: errors and edge states","Tools & tool shell","DK-0409","Split PDF: T2 options UI","Tools & tool shell","finish-to-start (blocked by)"
"DK-0411","Split PDF: errors and edge states","Tools & tool shell","DK-0609","Error model: typed DokuloError with codes, messages and one recovery action","Tools & tool shell","finish-to-start (blocked by)"
"DK-0411","Split PDF: errors and edge states","Tools & tool shell","DK-0020","Preflight checks before every job: free storage, memory guard, encryption, file type","Platform & architecture","finish-to-start (blocked by)"
"DK-0412","Split PDF: copy deck EN/DE and accessibility labels","Localisation & content","DK-0009","Set up flutter_localizations, intl and ARB files for EN and DE","Platform & architecture","finish-to-start (blocked by)"
"DK-0413","Split PDF: golden-PDF and widget tests","Tools & tool shell","DK-0408","Split PDF: implement the split ToolJob (engine)","PDF engine & native","finish-to-start (blocked by)"
"DK-0413","Split PDF: golden-PDF and widget tests","Tools & tool shell","DK-0658","Test suite: Golden PDF corpus","QA & accessibility","finish-to-start (blocked by)"
"DK-0414","Extract pages: implement the extract ToolJob (engine)","PDF engine & native","DK-0391","Build `qpdf_ffi`: qpdf binding (1 wk)","PDF engine & native","finish-to-start (blocked by)"
"DK-0414","Extract pages: implement the extract ToolJob (engine)","PDF engine & native","DK-0008","Define the ToolJob interface, job queue and progress model in doc_tools","Platform & architecture","finish-to-start (blocked by)"
"DK-0415","Extract pages: T2 options UI","Tools & tool shell","DK-0370","Generic T2 tool options shell (one shell for all 30 tools)","Tools & tool shell","finish-to-start (blocked by)"
"DK-0415","Extract pages: T2 options UI","Tools & tool shell","DK-0414","Extract pages: implement the extract ToolJob (engine)","PDF engine & native","finish-to-start (blocked by)"
"DK-0415","Extract pages: T2 options UI","Tools & tool shell","DK-0154","Build DkPageGrid with all variants and states","Design system & components","finish-to-start (blocked by)"
"DK-0416","Extract pages: T3 result card, naming and Next chips","Tools & tool shell","DK-0379","Generic T3 result: result card, preview strip, name, save location, Next chips, action bar","Tools & tool shell","finish-to-start (blocked by)"
"DK-0416","Extract pages: T3 result card, naming and Next chips","Tools & tool shell","DK-0415","Extract pages: T2 options UI","Tools & tool shell","finish-to-start (blocked by)"
"DK-0417","Extract pages: errors and edge states","Tools & tool shell","DK-0415","Extract pages: T2 options UI","Tools & tool shell","finish-to-start (blocked by)"
"DK-0417","Extract pages: errors and edge states","Tools & tool shell","DK-0609","Error model: typed DokuloError with codes, messages and one recovery action","Tools & tool shell","finish-to-start (blocked by)"
"DK-0417","Extract pages: errors and edge states","Tools & tool shell","DK-0020","Preflight checks before every job: free storage, memory guard, encryption, file type","Platform & architecture","finish-to-start (blocked by)"
"DK-0418","Extract pages: copy deck EN/DE and accessibility labels","Localisation & content","DK-0009","Set up flutter_localizations, intl and ARB files for EN and DE","Platform & architecture","finish-to-start (blocked by)"
"DK-0419","Extract pages: golden-PDF and widget tests","Tools & tool shell","DK-0414","Extract pages: implement the extract ToolJob (engine)","PDF engine & native","finish-to-start (blocked by)"
"DK-0419","Extract pages: golden-PDF and widget tests","Tools & tool shell","DK-0658","Test suite: Golden PDF corpus","QA & accessibility","finish-to-start (blocked by)"
"DK-0420","Rotate PDF: implement the rotate ToolJob (engine)","PDF engine & native","DK-0390","Build `doc_core`: Document core API","PDF engine & native","finish-to-start (blocked by)"
"DK-0420","Rotate PDF: implement the rotate ToolJob (engine)","PDF engine & native","DK-0008","Define the ToolJob interface, job queue and progress model in doc_tools","Platform & architecture","finish-to-start (blocked by)"
"DK-0421","Rotate PDF: T2 options UI","Tools & tool shell","DK-0370","Generic T2 tool options shell (one shell for all 30 tools)","Tools & tool shell","finish-to-start (blocked by)"
"DK-0421","Rotate PDF: T2 options UI","Tools & tool shell","DK-0420","Rotate PDF: implement the rotate ToolJob (engine)","PDF engine & native","finish-to-start (blocked by)"
"DK-0421","Rotate PDF: T2 options UI","Tools & tool shell","DK-0154","Build DkPageGrid with all variants and states","Design system & components","finish-to-start (blocked by)"
"DK-0421","Rotate PDF: T2 options UI","Tools & tool shell","DK-0192","Build DkBanner with all variants and states","Design system & components","finish-to-start (blocked by)"
"DK-0422","Rotate PDF: T3 result card, naming and Next chips","Tools & tool shell","DK-0379","Generic T3 result: result card, preview strip, name, save location, Next chips, action bar","Tools & tool shell","finish-to-start (blocked by)"
"DK-0422","Rotate PDF: T3 result card, naming and Next chips","Tools & tool shell","DK-0421","Rotate PDF: T2 options UI","Tools & tool shell","finish-to-start (blocked by)"
"DK-0423","Rotate PDF: errors and edge states","Tools & tool shell","DK-0421","Rotate PDF: T2 options UI","Tools & tool shell","finish-to-start (blocked by)"
"DK-0423","Rotate PDF: errors and edge states","Tools & tool shell","DK-0609","Error model: typed DokuloError with codes, messages and one recovery action","Tools & tool shell","finish-to-start (blocked by)"
"DK-0423","Rotate PDF: errors and edge states","Tools & tool shell","DK-0020","Preflight checks before every job: free storage, memory guard, encryption, file type","Platform & architecture","finish-to-start (blocked by)"
"DK-0424","Rotate PDF: copy deck EN/DE and accessibility labels","Localisation & content","DK-0009","Set up flutter_localizations, intl and ARB files for EN and DE","Platform & architecture","finish-to-start (blocked by)"
"DK-0425","Rotate PDF: golden-PDF and widget tests","Tools & tool shell","DK-0420","Rotate PDF: implement the rotate ToolJob (engine)","PDF engine & native","finish-to-start (blocked by)"
"DK-0425","Rotate PDF: golden-PDF and widget tests","Tools & tool shell","DK-0658","Test suite: Golden PDF corpus","QA & accessibility","finish-to-start (blocked by)"
"DK-0426","Smart Split: implement the smartsplit ToolJob (engine)","PDF engine & native","DK-0391","Build `qpdf_ffi`: qpdf binding (1 wk)","PDF engine & native","finish-to-start (blocked by)"
"DK-0426","Smart Split: implement the smartsplit ToolJob (engine)","PDF engine & native","DK-0396","Build `pdf_structure`: Structure extraction (1.5 wk)","PDF engine & native","finish-to-start (blocked by)"
"DK-0426","Smart Split: implement the smartsplit ToolJob (engine)","PDF engine & native","DK-0008","Define the ToolJob interface, job queue and progress model in doc_tools","Platform & architecture","finish-to-start (blocked by)"
"DK-0427","Smart Split: T2 options UI","Tools & tool shell","DK-0370","Generic T2 tool options shell (one shell for all 30 tools)","Tools & tool shell","finish-to-start (blocked by)"
"DK-0427","Smart Split: T2 options UI","Tools & tool shell","DK-0426","Smart Split: implement the smartsplit ToolJob (engine)","PDF engine & native","finish-to-start (blocked by)"
"DK-0427","Smart Split: T2 options UI","Tools & tool shell","DK-0216","Build DkSplitMarker with all variants and states","Design system & components","finish-to-start (blocked by)"
"DK-0428","Smart Split: T3 result card, naming and Next chips","Tools & tool shell","DK-0379","Generic T3 result: result card, preview strip, name, save location, Next chips, action bar","Tools & tool shell","finish-to-start (blocked by)"
"DK-0428","Smart Split: T3 result card, naming and Next chips","Tools & tool shell","DK-0427","Smart Split: T2 options UI","Tools & tool shell","finish-to-start (blocked by)"
"DK-0429","Smart Split: errors and edge states","Tools & tool shell","DK-0427","Smart Split: T2 options UI","Tools & tool shell","finish-to-start (blocked by)"
"DK-0429","Smart Split: errors and edge states","Tools & tool shell","DK-0192","Build DkBanner with all variants and states","Design system & components","finish-to-start (blocked by)"
"DK-0429","Smart Split: errors and edge states","Tools & tool shell","DK-0609","Error model: typed DokuloError with codes, messages and one recovery action","Tools & tool shell","finish-to-start (blocked by)"
"DK-0429","Smart Split: errors and edge states","Tools & tool shell","DK-0020","Preflight checks before every job: free storage, memory guard, encryption, file type","Platform & architecture","finish-to-start (blocked by)"
"DK-0430","Smart Split: copy deck EN/DE and accessibility labels","Localisation & content","DK-0009","Set up flutter_localizations, intl and ARB files for EN and DE","Platform & architecture","finish-to-start (blocked by)"
"DK-0431","Smart Split: golden-PDF and widget tests","Tools & tool shell","DK-0426","Smart Split: implement the smartsplit ToolJob (engine)","PDF engine & native","finish-to-start (blocked by)"
"DK-0431","Smart Split: golden-PDF and widget tests","Tools & tool shell","DK-0658","Test suite: Golden PDF corpus","QA & accessibility","finish-to-start (blocked by)"
"DK-0432","Image to PDF: implement the img2pdf ToolJob (engine)","PDF engine & native","DK-0390","Build `doc_core`: Document core API","PDF engine & native","finish-to-start (blocked by)"
"DK-0432","Image to PDF: implement the img2pdf ToolJob (engine)","PDF engine & native","DK-0339","Image filters: Original, Auto colour (CLAHE), Greyscale, B/W (adaptive threshold), Remove shadows, brightness/contrast","Scanner","finish-to-start (blocked by)"
"DK-0432","Image to PDF: implement the img2pdf ToolJob (engine)","PDF engine & native","DK-0008","Define the ToolJob interface, job queue and progress model in doc_tools","Platform & architecture","finish-to-start (blocked by)"
"DK-0433","Image to PDF: T2 options UI","Tools & tool shell","DK-0370","Generic T2 tool options shell (one shell for all 30 tools)","Tools & tool shell","finish-to-start (blocked by)"
"DK-0433","Image to PDF: T2 options UI","Tools & tool shell","DK-0432","Image to PDF: implement the img2pdf ToolJob (engine)","PDF engine & native","finish-to-start (blocked by)"
"DK-0433","Image to PDF: T2 options UI","Tools & tool shell","DK-0152","Build DkPageTray with all variants and states","Design system & components","finish-to-start (blocked by)"
"DK-0434","Image to PDF: T3 result card, naming and Next chips","Tools & tool shell","DK-0379","Generic T3 result: result card, preview strip, name, save location, Next chips, action bar","Tools & tool shell","finish-to-start (blocked by)"
"DK-0434","Image to PDF: T3 result card, naming and Next chips","Tools & tool shell","DK-0433","Image to PDF: T2 options UI","Tools & tool shell","finish-to-start (blocked by)"
"DK-0435","Image to PDF: errors and edge states","Tools & tool shell","DK-0433","Image to PDF: T2 options UI","Tools & tool shell","finish-to-start (blocked by)"
"DK-0435","Image to PDF: errors and edge states","Tools & tool shell","DK-0609","Error model: typed DokuloError with codes, messages and one recovery action","Tools & tool shell","finish-to-start (blocked by)"
"DK-0435","Image to PDF: errors and edge states","Tools & tool shell","DK-0020","Preflight checks before every job: free storage, memory guard, encryption, file type","Platform & architecture","finish-to-start (blocked by)"
"DK-0436","Image to PDF: copy deck EN/DE and accessibility labels","Localisation & content","DK-0009","Set up flutter_localizations, intl and ARB files for EN and DE","Platform & architecture","finish-to-start (blocked by)"
"DK-0437","Image to PDF: golden-PDF and widget tests","Tools & tool shell","DK-0432","Image to PDF: implement the img2pdf ToolJob (engine)","PDF engine & native","finish-to-start (blocked by)"
"DK-0437","Image to PDF: golden-PDF and widget tests","Tools & tool shell","DK-0658","Test suite: Golden PDF corpus","QA & accessibility","finish-to-start (blocked by)"
"DK-0438","PDF to images: implement the pdf2img ToolJob (engine)","PDF engine & native","DK-0390","Build `doc_core`: Document core API","PDF engine & native","finish-to-start (blocked by)"
"DK-0438","PDF to images: implement the pdf2img ToolJob (engine)","PDF engine & native","DK-0008","Define the ToolJob interface, job queue and progress model in doc_tools","Platform & architecture","finish-to-start (blocked by)"
"DK-0439","PDF to images: T2 options UI","Tools & tool shell","DK-0370","Generic T2 tool options shell (one shell for all 30 tools)","Tools & tool shell","finish-to-start (blocked by)"
"DK-0439","PDF to images: T2 options UI","Tools & tool shell","DK-0438","PDF to images: implement the pdf2img ToolJob (engine)","PDF engine & native","finish-to-start (blocked by)"
"DK-0439","PDF to images: T2 options UI","Tools & tool shell","DK-0092","Build DkLevelCard with all variants and states","Design system & components","finish-to-start (blocked by)"
"DK-0440","PDF to images: T3 result card, naming and Next chips","Tools & tool shell","DK-0379","Generic T3 result: result card, preview strip, name, save location, Next chips, action bar","Tools & tool shell","finish-to-start (blocked by)"
"DK-0440","PDF to images: T3 result card, naming and Next chips","Tools & tool shell","DK-0439","PDF to images: T2 options UI","Tools & tool shell","finish-to-start (blocked by)"
"DK-0441","PDF to images: errors and edge states","Tools & tool shell","DK-0439","PDF to images: T2 options UI","Tools & tool shell","finish-to-start (blocked by)"
"DK-0441","PDF to images: errors and edge states","Tools & tool shell","DK-0609","Error model: typed DokuloError with codes, messages and one recovery action","Tools & tool shell","finish-to-start (blocked by)"
"DK-0441","PDF to images: errors and edge states","Tools & tool shell","DK-0020","Preflight checks before every job: free storage, memory guard, encryption, file type","Platform & architecture","finish-to-start (blocked by)"
"DK-0442","PDF to images: copy deck EN/DE and accessibility labels","Localisation & content","DK-0009","Set up flutter_localizations, intl and ARB files for EN and DE","Platform & architecture","finish-to-start (blocked by)"
"DK-0443","PDF to images: golden-PDF and widget tests","Tools & tool shell","DK-0438","PDF to images: implement the pdf2img ToolJob (engine)","PDF engine & native","finish-to-start (blocked by)"
"DK-0443","PDF to images: golden-PDF and widget tests","Tools & tool shell","DK-0658","Test suite: Golden PDF corpus","QA & accessibility","finish-to-start (blocked by)"
"DK-0444","Web page to PDF: implement the web ToolJob (engine)","PDF engine & native","DK-0399","Build `web_to_pdf`: Web page to PDF plugin (3 days)","PDF engine & native","finish-to-start (blocked by)"
"DK-0444","Web page to PDF: implement the web ToolJob (engine)","PDF engine & native","DK-0012","Enforce ""no network traffic during any tool run"" and document allowed network uses","Platform & architecture","finish-to-start (blocked by)"
"DK-0444","Web page to PDF: implement the web ToolJob (engine)","PDF engine & native","DK-0008","Define the ToolJob interface, job queue and progress model in doc_tools","Platform & architecture","finish-to-start (blocked by)"
"DK-0445","Web page to PDF: T2 options UI","Tools & tool shell","DK-0370","Generic T2 tool options shell (one shell for all 30 tools)","Tools & tool shell","finish-to-start (blocked by)"
"DK-0445","Web page to PDF: T2 options UI","Tools & tool shell","DK-0444","Web page to PDF: implement the web ToolJob (engine)","PDF engine & native","finish-to-start (blocked by)"
"DK-0445","Web page to PDF: T2 options UI","Tools & tool shell","DK-0192","Build DkBanner with all variants and states","Design system & components","finish-to-start (blocked by)"
"DK-0446","Web page to PDF: T3 result card, naming and Next chips","Tools & tool shell","DK-0379","Generic T3 result: result card, preview strip, name, save location, Next chips, action bar","Tools & tool shell","finish-to-start (blocked by)"
"DK-0446","Web page to PDF: T3 result card, naming and Next chips","Tools & tool shell","DK-0445","Web page to PDF: T2 options UI","Tools & tool shell","finish-to-start (blocked by)"
"DK-0447","Web page to PDF: errors and edge states","Tools & tool shell","DK-0445","Web page to PDF: T2 options UI","Tools & tool shell","finish-to-start (blocked by)"
"DK-0447","Web page to PDF: errors and edge states","Tools & tool shell","DK-0068","Ship ILL-19 illustration (Offline (Web to PDF only)) as light and dark vector assets","Design system & components","finish-to-start (blocked by)"
"DK-0447","Web page to PDF: errors and edge states","Tools & tool shell","DK-0609","Error model: typed DokuloError with codes, messages and one recovery action","Tools & tool shell","finish-to-start (blocked by)"
"DK-0447","Web page to PDF: errors and edge states","Tools & tool shell","DK-0020","Preflight checks before every job: free storage, memory guard, encryption, file type","Platform & architecture","finish-to-start (blocked by)"
"DK-0448","Web page to PDF: copy deck EN/DE and accessibility labels","Localisation & content","DK-0009","Set up flutter_localizations, intl and ARB files for EN and DE","Platform & architecture","finish-to-start (blocked by)"
"DK-0449","Web page to PDF: golden-PDF and widget tests","Tools & tool shell","DK-0444","Web page to PDF: implement the web ToolJob (engine)","PDF engine & native","finish-to-start (blocked by)"
"DK-0449","Web page to PDF: golden-PDF and widget tests","Tools & tool shell","DK-0658","Test suite: Golden PDF corpus","QA & accessibility","finish-to-start (blocked by)"
"DK-0450","Convert to PDF/A: implement the pdfa ToolJob (engine)","PDF engine & native","DK-0395","Build `pdfa_writer`: PDF/A-2b writer (2 wk)","PDF engine & native","finish-to-start (blocked by)"
"DK-0450","Convert to PDF/A: implement the pdfa ToolJob (engine)","PDF engine & native","DK-0008","Define the ToolJob interface, job queue and progress model in doc_tools","Platform & architecture","finish-to-start (blocked by)"
"DK-0451","Convert to PDF/A: T2 options UI","Tools & tool shell","DK-0370","Generic T2 tool options shell (one shell for all 30 tools)","Tools & tool shell","finish-to-start (blocked by)"
"DK-0451","Convert to PDF/A: T2 options UI","Tools & tool shell","DK-0450","Convert to PDF/A: implement the pdfa ToolJob (engine)","PDF engine & native","finish-to-start (blocked by)"
"DK-0452","Convert to PDF/A: T3 result card, naming and Next chips","Tools & tool shell","DK-0379","Generic T3 result: result card, preview strip, name, save location, Next chips, action bar","Tools & tool shell","finish-to-start (blocked by)"
"DK-0452","Convert to PDF/A: T3 result card, naming and Next chips","Tools & tool shell","DK-0451","Convert to PDF/A: T2 options UI","Tools & tool shell","finish-to-start (blocked by)"
"DK-0453","Convert to PDF/A: errors and edge states","Tools & tool shell","DK-0451","Convert to PDF/A: T2 options UI","Tools & tool shell","finish-to-start (blocked by)"
"DK-0453","Convert to PDF/A: errors and edge states","Tools & tool shell","DK-0609","Error model: typed DokuloError with codes, messages and one recovery action","Tools & tool shell","finish-to-start (blocked by)"
"DK-0453","Convert to PDF/A: errors and edge states","Tools & tool shell","DK-0020","Preflight checks before every job: free storage, memory guard, encryption, file type","Platform & architecture","finish-to-start (blocked by)"
"DK-0454","Convert to PDF/A: copy deck EN/DE and accessibility labels","Localisation & content","DK-0009","Set up flutter_localizations, intl and ARB files for EN and DE","Platform & architecture","finish-to-start (blocked by)"
"DK-0455","Convert to PDF/A: golden-PDF and widget tests","Tools & tool shell","DK-0450","Convert to PDF/A: implement the pdfa ToolJob (engine)","PDF engine & native","finish-to-start (blocked by)"
"DK-0455","Convert to PDF/A: golden-PDF and widget tests","Tools & tool shell","DK-0658","Test suite: Golden PDF corpus","QA & accessibility","finish-to-start (blocked by)"
"DK-0456","PDF to text: implement the text ToolJob (engine)","PDF engine & native","DK-0396","Build `pdf_structure`: Structure extraction (1.5 wk)","PDF engine & native","finish-to-start (blocked by)"
"DK-0456","PDF to text: implement the text ToolJob (engine)","PDF engine & native","DK-0008","Define the ToolJob interface, job queue and progress model in doc_tools","Platform & architecture","finish-to-start (blocked by)"
"DK-0457","PDF to text: T2 options UI","Tools & tool shell","DK-0370","Generic T2 tool options shell (one shell for all 30 tools)","Tools & tool shell","finish-to-start (blocked by)"
"DK-0457","PDF to text: T2 options UI","Tools & tool shell","DK-0456","PDF to text: implement the text ToolJob (engine)","PDF engine & native","finish-to-start (blocked by)"
"DK-0458","PDF to text: T3 result card, naming and Next chips","Tools & tool shell","DK-0379","Generic T3 result: result card, preview strip, name, save location, Next chips, action bar","Tools & tool shell","finish-to-start (blocked by)"
"DK-0458","PDF to text: T3 result card, naming and Next chips","Tools & tool shell","DK-0457","PDF to text: T2 options UI","Tools & tool shell","finish-to-start (blocked by)"
"DK-0459","PDF to text: errors and edge states","Tools & tool shell","DK-0457","PDF to text: T2 options UI","Tools & tool shell","finish-to-start (blocked by)"
"DK-0459","PDF to text: errors and edge states","Tools & tool shell","DK-0609","Error model: typed DokuloError with codes, messages and one recovery action","Tools & tool shell","finish-to-start (blocked by)"
"DK-0459","PDF to text: errors and edge states","Tools & tool shell","DK-0020","Preflight checks before every job: free storage, memory guard, encryption, file type","Platform & architecture","finish-to-start (blocked by)"
"DK-0460","PDF to text: copy deck EN/DE and accessibility labels","Localisation & content","DK-0009","Set up flutter_localizations, intl and ARB files for EN and DE","Platform & architecture","finish-to-start (blocked by)"
"DK-0461","PDF to text: golden-PDF and widget tests","Tools & tool shell","DK-0456","PDF to text: implement the text ToolJob (engine)","PDF engine & native","finish-to-start (blocked by)"
"DK-0461","PDF to text: golden-PDF and widget tests","Tools & tool shell","DK-0658","Test suite: Golden PDF corpus","QA & accessibility","finish-to-start (blocked by)"
"DK-0462","Compress PDF: implement the compress ToolJob (engine)","PDF engine & native","DK-0392","Build `pdf_compress`: Compression pipeline (1.5 wk)","PDF engine & native","finish-to-start (blocked by)"
"DK-0462","Compress PDF: implement the compress ToolJob (engine)","PDF engine & native","DK-0008","Define the ToolJob interface, job queue and progress model in doc_tools","Platform & architecture","finish-to-start (blocked by)"
"DK-0463","Compress PDF: T2 options UI","Tools & tool shell","DK-0370","Generic T2 tool options shell (one shell for all 30 tools)","Tools & tool shell","finish-to-start (blocked by)"
"DK-0463","Compress PDF: T2 options UI","Tools & tool shell","DK-0462","Compress PDF: implement the compress ToolJob (engine)","PDF engine & native","finish-to-start (blocked by)"
"DK-0463","Compress PDF: T2 options UI","Tools & tool shell","DK-0092","Build DkLevelCard with all variants and states","Design system & components","finish-to-start (blocked by)"
"DK-0463","Compress PDF: T2 options UI","Tools & tool shell","DK-0104","Build DkChip with all variants and states","Design system & components","finish-to-start (blocked by)"
"DK-0464","Compress PDF: T3 result card, naming and Next chips","Tools & tool shell","DK-0379","Generic T3 result: result card, preview strip, name, save location, Next chips, action bar","Tools & tool shell","finish-to-start (blocked by)"
"DK-0464","Compress PDF: T3 result card, naming and Next chips","Tools & tool shell","DK-0463","Compress PDF: T2 options UI","Tools & tool shell","finish-to-start (blocked by)"
"DK-0465","Compress PDF: errors and edge states","Tools & tool shell","DK-0463","Compress PDF: T2 options UI","Tools & tool shell","finish-to-start (blocked by)"
"DK-0465","Compress PDF: errors and edge states","Tools & tool shell","DK-0609","Error model: typed DokuloError with codes, messages and one recovery action","Tools & tool shell","finish-to-start (blocked by)"
"DK-0465","Compress PDF: errors and edge states","Tools & tool shell","DK-0020","Preflight checks before every job: free storage, memory guard, encryption, file type","Platform & architecture","finish-to-start (blocked by)"
"DK-0466","Compress PDF: copy deck EN/DE and accessibility labels","Localisation & content","DK-0009","Set up flutter_localizations, intl and ARB files for EN and DE","Platform & architecture","finish-to-start (blocked by)"
"DK-0467","Compress PDF: golden-PDF and widget tests","Tools & tool shell","DK-0462","Compress PDF: implement the compress ToolJob (engine)","PDF engine & native","finish-to-start (blocked by)"
"DK-0467","Compress PDF: golden-PDF and widget tests","Tools & tool shell","DK-0658","Test suite: Golden PDF corpus","QA & accessibility","finish-to-start (blocked by)"
"DK-0468","Repair PDF: implement the repair ToolJob (engine)","PDF engine & native","DK-0391","Build `qpdf_ffi`: qpdf binding (1 wk)","PDF engine & native","finish-to-start (blocked by)"
"DK-0468","Repair PDF: implement the repair ToolJob (engine)","PDF engine & native","DK-0390","Build `doc_core`: Document core API","PDF engine & native","finish-to-start (blocked by)"
"DK-0468","Repair PDF: implement the repair ToolJob (engine)","PDF engine & native","DK-0008","Define the ToolJob interface, job queue and progress model in doc_tools","Platform & architecture","finish-to-start (blocked by)"
"DK-0469","Repair PDF: T2 options UI","Tools & tool shell","DK-0370","Generic T2 tool options shell (one shell for all 30 tools)","Tools & tool shell","finish-to-start (blocked by)"
"DK-0469","Repair PDF: T2 options UI","Tools & tool shell","DK-0468","Repair PDF: implement the repair ToolJob (engine)","PDF engine & native","finish-to-start (blocked by)"
"DK-0470","Repair PDF: T3 result card, naming and Next chips","Tools & tool shell","DK-0379","Generic T3 result: result card, preview strip, name, save location, Next chips, action bar","Tools & tool shell","finish-to-start (blocked by)"
"DK-0470","Repair PDF: T3 result card, naming and Next chips","Tools & tool shell","DK-0469","Repair PDF: T2 options UI","Tools & tool shell","finish-to-start (blocked by)"
"DK-0471","Repair PDF: errors and edge states","Tools & tool shell","DK-0469","Repair PDF: T2 options UI","Tools & tool shell","finish-to-start (blocked by)"
"DK-0471","Repair PDF: errors and edge states","Tools & tool shell","DK-0063","Ship ILL-14 illustration (Damaged file) as light and dark vector assets","Design system & components","finish-to-start (blocked by)"
"DK-0471","Repair PDF: errors and edge states","Tools & tool shell","DK-0609","Error model: typed DokuloError with codes, messages and one recovery action","Tools & tool shell","finish-to-start (blocked by)"
"DK-0471","Repair PDF: errors and edge states","Tools & tool shell","DK-0020","Preflight checks before every job: free storage, memory guard, encryption, file type","Platform & architecture","finish-to-start (blocked by)"
"DK-0472","Repair PDF: copy deck EN/DE and accessibility labels","Localisation & content","DK-0009","Set up flutter_localizations, intl and ARB files for EN and DE","Platform & architecture","finish-to-start (blocked by)"
"DK-0473","Repair PDF: golden-PDF and widget tests","Tools & tool shell","DK-0468","Repair PDF: implement the repair ToolJob (engine)","PDF engine & native","finish-to-start (blocked by)"
"DK-0473","Repair PDF: golden-PDF and widget tests","Tools & tool shell","DK-0658","Test suite: Golden PDF corpus","QA & accessibility","finish-to-start (blocked by)"
"DK-0474","Make text searchable: implement the ocr ToolJob (engine)","PDF engine & native","DK-0400","OCR facade: Apple Vision on iOS, PP-OCRv5 on Android/fallback; language handling","PDF engine & native","finish-to-start (blocked by)"
"DK-0474","Make text searchable: implement the ocr ToolJob (engine)","PDF engine & native","DK-0394","Build `ocr_text_layer`: Invisible OCR text layer (1 wk)","PDF engine & native","finish-to-start (blocked by)"
"DK-0474","Make text searchable: implement the ocr ToolJob (engine)","PDF engine & native","DK-0270","Index updater: extract PDF text and OCR text into FTS5 after every tool job","Home, Files & security","finish-to-start (blocked by)"
"DK-0474","Make text searchable: implement the ocr ToolJob (engine)","PDF engine & native","DK-0008","Define the ToolJob interface, job queue and progress model in doc_tools","Platform & architecture","finish-to-start (blocked by)"
"DK-0475","Make text searchable: T2 options UI","Tools & tool shell","DK-0370","Generic T2 tool options shell (one shell for all 30 tools)","Tools & tool shell","finish-to-start (blocked by)"
"DK-0475","Make text searchable: T2 options UI","Tools & tool shell","DK-0474","Make text searchable: implement the ocr ToolJob (engine)","PDF engine & native","finish-to-start (blocked by)"
"DK-0476","Make text searchable: T3 result card, naming and Next chips","Tools & tool shell","DK-0379","Generic T3 result: result card, preview strip, name, save location, Next chips, action bar","Tools & tool shell","finish-to-start (blocked by)"
"DK-0476","Make text searchable: T3 result card, naming and Next chips","Tools & tool shell","DK-0475","Make text searchable: T2 options UI","Tools & tool shell","finish-to-start (blocked by)"
"DK-0477","Make text searchable: errors and edge states","Tools & tool shell","DK-0475","Make text searchable: T2 options UI","Tools & tool shell","finish-to-start (blocked by)"
"DK-0477","Make text searchable: errors and edge states","Tools & tool shell","DK-0609","Error model: typed DokuloError with codes, messages and one recovery action","Tools & tool shell","finish-to-start (blocked by)"
"DK-0477","Make text searchable: errors and edge states","Tools & tool shell","DK-0020","Preflight checks before every job: free storage, memory guard, encryption, file type","Platform & architecture","finish-to-start (blocked by)"
"DK-0478","Make text searchable: copy deck EN/DE and accessibility labels","Localisation & content","DK-0009","Set up flutter_localizations, intl and ARB files for EN and DE","Platform & architecture","finish-to-start (blocked by)"
"DK-0479","Make text searchable: golden-PDF and widget tests","Tools & tool shell","DK-0474","Make text searchable: implement the ocr ToolJob (engine)","PDF engine & native","finish-to-start (blocked by)"
"DK-0479","Make text searchable: golden-PDF and widget tests","Tools & tool shell","DK-0658","Test suite: Golden PDF corpus","QA & accessibility","finish-to-start (blocked by)"
"DK-0480","Add page numbers: implement the pagenum ToolJob (engine)","PDF engine & native","DK-0391","Build `qpdf_ffi`: qpdf binding (1 wk)","PDF engine & native","finish-to-start (blocked by)"
"DK-0480","Add page numbers: implement the pagenum ToolJob (engine)","PDF engine & native","DK-0008","Define the ToolJob interface, job queue and progress model in doc_tools","Platform & architecture","finish-to-start (blocked by)"
"DK-0481","Add page numbers: T2 options UI","Tools & tool shell","DK-0370","Generic T2 tool options shell (one shell for all 30 tools)","Tools & tool shell","finish-to-start (blocked by)"
"DK-0481","Add page numbers: T2 options UI","Tools & tool shell","DK-0480","Add page numbers: implement the pagenum ToolJob (engine)","PDF engine & native","finish-to-start (blocked by)"
"DK-0481","Add page numbers: T2 options UI","Tools & tool shell","DK-0140","Build DkPositionPicker with all variants and states","Design system & components","finish-to-start (blocked by)"
"DK-0481","Add page numbers: T2 options UI","Tools & tool shell","DK-0134","Build DkStepper with all variants and states","Design system & components","finish-to-start (blocked by)"
"DK-0482","Add page numbers: T3 result card, naming and Next chips","Tools & tool shell","DK-0379","Generic T3 result: result card, preview strip, name, save location, Next chips, action bar","Tools & tool shell","finish-to-start (blocked by)"
"DK-0482","Add page numbers: T3 result card, naming and Next chips","Tools & tool shell","DK-0481","Add page numbers: T2 options UI","Tools & tool shell","finish-to-start (blocked by)"
"DK-0483","Add page numbers: errors and edge states","Tools & tool shell","DK-0481","Add page numbers: T2 options UI","Tools & tool shell","finish-to-start (blocked by)"
"DK-0483","Add page numbers: errors and edge states","Tools & tool shell","DK-0609","Error model: typed DokuloError with codes, messages and one recovery action","Tools & tool shell","finish-to-start (blocked by)"
"DK-0483","Add page numbers: errors and edge states","Tools & tool shell","DK-0020","Preflight checks before every job: free storage, memory guard, encryption, file type","Platform & architecture","finish-to-start (blocked by)"
"DK-0484","Add page numbers: copy deck EN/DE and accessibility labels","Localisation & content","DK-0009","Set up flutter_localizations, intl and ARB files for EN and DE","Platform & architecture","finish-to-start (blocked by)"
"DK-0485","Add page numbers: golden-PDF and widget tests","Tools & tool shell","DK-0480","Add page numbers: implement the pagenum ToolJob (engine)","PDF engine & native","finish-to-start (blocked by)"
"DK-0485","Add page numbers: golden-PDF and widget tests","Tools & tool shell","DK-0658","Test suite: Golden PDF corpus","QA & accessibility","finish-to-start (blocked by)"
"DK-0486","Add watermark: implement the watermark ToolJob (engine)","PDF engine & native","DK-0391","Build `qpdf_ffi`: qpdf binding (1 wk)","PDF engine & native","finish-to-start (blocked by)"
"DK-0486","Add watermark: implement the watermark ToolJob (engine)","PDF engine & native","DK-0008","Define the ToolJob interface, job queue and progress model in doc_tools","Platform & architecture","finish-to-start (blocked by)"
"DK-0487","Add watermark: T2 options UI","Tools & tool shell","DK-0370","Generic T2 tool options shell (one shell for all 30 tools)","Tools & tool shell","finish-to-start (blocked by)"
"DK-0487","Add watermark: T2 options UI","Tools & tool shell","DK-0486","Add watermark: implement the watermark ToolJob (engine)","PDF engine & native","finish-to-start (blocked by)"
"DK-0487","Add watermark: T2 options UI","Tools & tool shell","DK-0132","Build DkSlider with all variants and states","Design system & components","finish-to-start (blocked by)"
"DK-0488","Add watermark: T3 result card, naming and Next chips","Tools & tool shell","DK-0379","Generic T3 result: result card, preview strip, name, save location, Next chips, action bar","Tools & tool shell","finish-to-start (blocked by)"
"DK-0488","Add watermark: T3 result card, naming and Next chips","Tools & tool shell","DK-0487","Add watermark: T2 options UI","Tools & tool shell","finish-to-start (blocked by)"
"DK-0489","Add watermark: errors and edge states","Tools & tool shell","DK-0487","Add watermark: T2 options UI","Tools & tool shell","finish-to-start (blocked by)"
"DK-0489","Add watermark: errors and edge states","Tools & tool shell","DK-0609","Error model: typed DokuloError with codes, messages and one recovery action","Tools & tool shell","finish-to-start (blocked by)"
"DK-0489","Add watermark: errors and edge states","Tools & tool shell","DK-0020","Preflight checks before every job: free storage, memory guard, encryption, file type","Platform & architecture","finish-to-start (blocked by)"
"DK-0490","Add watermark: copy deck EN/DE and accessibility labels","Localisation & content","DK-0009","Set up flutter_localizations, intl and ARB files for EN and DE","Platform & architecture","finish-to-start (blocked by)"
"DK-0491","Add watermark: golden-PDF and widget tests","Tools & tool shell","DK-0486","Add watermark: implement the watermark ToolJob (engine)","PDF engine & native","finish-to-start (blocked by)"
"DK-0491","Add watermark: golden-PDF and widget tests","Tools & tool shell","DK-0658","Test suite: Golden PDF corpus","QA & accessibility","finish-to-start (blocked by)"
"DK-0492","Crop pages: implement the crop ToolJob (engine)","PDF engine & native","DK-0390","Build `doc_core`: Document core API","PDF engine & native","finish-to-start (blocked by)"
"DK-0492","Crop pages: implement the crop ToolJob (engine)","PDF engine & native","DK-0008","Define the ToolJob interface, job queue and progress model in doc_tools","Platform & architecture","finish-to-start (blocked by)"
"DK-0493","Crop pages: T2 options UI","Tools & tool shell","DK-0370","Generic T2 tool options shell (one shell for all 30 tools)","Tools & tool shell","finish-to-start (blocked by)"
"DK-0493","Crop pages: T2 options UI","Tools & tool shell","DK-0492","Crop pages: implement the crop ToolJob (engine)","PDF engine & native","finish-to-start (blocked by)"
"DK-0493","Crop pages: T2 options UI","Tools & tool shell","DK-0156","Build DkCropOverlay with all variants and states","Design system & components","finish-to-start (blocked by)"
"DK-0493","Crop pages: T2 options UI","Tools & tool shell","DK-0158","Build DkMagnifier with all variants and states","Design system & components","finish-to-start (blocked by)"
"DK-0494","Crop pages: T3 result card, naming and Next chips","Tools & tool shell","DK-0379","Generic T3 result: result card, preview strip, name, save location, Next chips, action bar","Tools & tool shell","finish-to-start (blocked by)"
"DK-0494","Crop pages: T3 result card, naming and Next chips","Tools & tool shell","DK-0493","Crop pages: T2 options UI","Tools & tool shell","finish-to-start (blocked by)"
"DK-0495","Crop pages: errors and edge states","Tools & tool shell","DK-0493","Crop pages: T2 options UI","Tools & tool shell","finish-to-start (blocked by)"
"DK-0495","Crop pages: errors and edge states","Tools & tool shell","DK-0609","Error model: typed DokuloError with codes, messages and one recovery action","Tools & tool shell","finish-to-start (blocked by)"
"DK-0495","Crop pages: errors and edge states","Tools & tool shell","DK-0020","Preflight checks before every job: free storage, memory guard, encryption, file type","Platform & architecture","finish-to-start (blocked by)"
"DK-0496","Crop pages: copy deck EN/DE and accessibility labels","Localisation & content","DK-0009","Set up flutter_localizations, intl and ARB files for EN and DE","Platform & architecture","finish-to-start (blocked by)"
"DK-0497","Crop pages: golden-PDF and widget tests","Tools & tool shell","DK-0492","Crop pages: implement the crop ToolJob (engine)","PDF engine & native","finish-to-start (blocked by)"
"DK-0497","Crop pages: golden-PDF and widget tests","Tools & tool shell","DK-0658","Test suite: Golden PDF corpus","QA & accessibility","finish-to-start (blocked by)"
"DK-0498","Add password: implement the protect ToolJob (engine)","PDF engine & native","DK-0391","Build `qpdf_ffi`: qpdf binding (1 wk)","PDF engine & native","finish-to-start (blocked by)"
"DK-0498","Add password: implement the protect ToolJob (engine)","PDF engine & native","DK-0008","Define the ToolJob interface, job queue and progress model in doc_tools","Platform & architecture","finish-to-start (blocked by)"
"DK-0499","Add password: T2 options UI","Tools & tool shell","DK-0370","Generic T2 tool options shell (one shell for all 30 tools)","Tools & tool shell","finish-to-start (blocked by)"
"DK-0499","Add password: T2 options UI","Tools & tool shell","DK-0498","Add password: implement the protect ToolJob (engine)","PDF engine & native","finish-to-start (blocked by)"
"DK-0499","Add password: T2 options UI","Tools & tool shell","DK-0122","Build DkPasswordField with all variants and states","Design system & components","finish-to-start (blocked by)"
"DK-0499","Add password: T2 options UI","Tools & tool shell","DK-0192","Build DkBanner with all variants and states","Design system & components","finish-to-start (blocked by)"
"DK-0500","Add password: T3 result card, naming and Next chips","Tools & tool shell","DK-0379","Generic T3 result: result card, preview strip, name, save location, Next chips, action bar","Tools & tool shell","finish-to-start (blocked by)"
"DK-0500","Add password: T3 result card, naming and Next chips","Tools & tool shell","DK-0499","Add password: T2 options UI","Tools & tool shell","finish-to-start (blocked by)"
"DK-0501","Add password: errors and edge states","Tools & tool shell","DK-0499","Add password: T2 options UI","Tools & tool shell","finish-to-start (blocked by)"
"DK-0501","Add password: errors and edge states","Tools & tool shell","DK-0609","Error model: typed DokuloError with codes, messages and one recovery action","Tools & tool shell","finish-to-start (blocked by)"
"DK-0501","Add password: errors and edge states","Tools & tool shell","DK-0020","Preflight checks before every job: free storage, memory guard, encryption, file type","Platform & architecture","finish-to-start (blocked by)"
"DK-0502","Add password: copy deck EN/DE and accessibility labels","Localisation & content","DK-0009","Set up flutter_localizations, intl and ARB files for EN and DE","Platform & architecture","finish-to-start (blocked by)"
"DK-0503","Add password: golden-PDF and widget tests","Tools & tool shell","DK-0498","Add password: implement the protect ToolJob (engine)","PDF engine & native","finish-to-start (blocked by)"
"DK-0503","Add password: golden-PDF and widget tests","Tools & tool shell","DK-0658","Test suite: Golden PDF corpus","QA & accessibility","finish-to-start (blocked by)"
"DK-0504","Remove password: implement the unlock ToolJob (engine)","PDF engine & native","DK-0391","Build `qpdf_ffi`: qpdf binding (1 wk)","PDF engine & native","finish-to-start (blocked by)"
"DK-0504","Remove password: implement the unlock ToolJob (engine)","PDF engine & native","DK-0008","Define the ToolJob interface, job queue and progress model in doc_tools","Platform & architecture","finish-to-start (blocked by)"
"DK-0505","Remove password: T2 options UI","Tools & tool shell","DK-0370","Generic T2 tool options shell (one shell for all 30 tools)","Tools & tool shell","finish-to-start (blocked by)"
"DK-0505","Remove password: T2 options UI","Tools & tool shell","DK-0504","Remove password: implement the unlock ToolJob (engine)","PDF engine & native","finish-to-start (blocked by)"
"DK-0506","Remove password: T3 result card, naming and Next chips","Tools & tool shell","DK-0379","Generic T3 result: result card, preview strip, name, save location, Next chips, action bar","Tools & tool shell","finish-to-start (blocked by)"
"DK-0506","Remove password: T3 result card, naming and Next chips","Tools & tool shell","DK-0505","Remove password: T2 options UI","Tools & tool shell","finish-to-start (blocked by)"
"DK-0507","Remove password: errors and edge states","Tools & tool shell","DK-0505","Remove password: T2 options UI","Tools & tool shell","finish-to-start (blocked by)"
"DK-0507","Remove password: errors and edge states","Tools & tool shell","DK-0609","Error model: typed DokuloError with codes, messages and one recovery action","Tools & tool shell","finish-to-start (blocked by)"
"DK-0507","Remove password: errors and edge states","Tools & tool shell","DK-0020","Preflight checks before every job: free storage, memory guard, encryption, file type","Platform & architecture","finish-to-start (blocked by)"
"DK-0508","Remove password: copy deck EN/DE and accessibility labels","Localisation & content","DK-0009","Set up flutter_localizations, intl and ARB files for EN and DE","Platform & architecture","finish-to-start (blocked by)"
"DK-0509","Remove password: golden-PDF and widget tests","Tools & tool shell","DK-0504","Remove password: implement the unlock ToolJob (engine)","PDF engine & native","finish-to-start (blocked by)"
"DK-0509","Remove password: golden-PDF and widget tests","Tools & tool shell","DK-0658","Test suite: Golden PDF corpus","QA & accessibility","finish-to-start (blocked by)"
"DK-0510","Extract images & text: implement the extractassets ToolJob (engine)","PDF engine & native","DK-0390","Build `doc_core`: Document core API","PDF engine & native","finish-to-start (blocked by)"
"DK-0510","Extract images & text: implement the extractassets ToolJob (engine)","PDF engine & native","DK-0008","Define the ToolJob interface, job queue and progress model in doc_tools","Platform & architecture","finish-to-start (blocked by)"
"DK-0511","Extract images & text: T2 options UI","Tools & tool shell","DK-0370","Generic T2 tool options shell (one shell for all 30 tools)","Tools & tool shell","finish-to-start (blocked by)"
"DK-0511","Extract images & text: T2 options UI","Tools & tool shell","DK-0510","Extract images & text: implement the extractassets ToolJob (engine)","PDF engine & native","finish-to-start (blocked by)"
"DK-0512","Extract images & text: T3 result card, naming and Next chips","Tools & tool shell","DK-0379","Generic T3 result: result card, preview strip, name, save location, Next chips, action bar","Tools & tool shell","finish-to-start (blocked by)"
"DK-0512","Extract images & text: T3 result card, naming and Next chips","Tools & tool shell","DK-0511","Extract images & text: T2 options UI","Tools & tool shell","finish-to-start (blocked by)"
"DK-0513","Extract images & text: errors and edge states","Tools & tool shell","DK-0511","Extract images & text: T2 options UI","Tools & tool shell","finish-to-start (blocked by)"
"DK-0513","Extract images & text: errors and edge states","Tools & tool shell","DK-0609","Error model: typed DokuloError with codes, messages and one recovery action","Tools & tool shell","finish-to-start (blocked by)"
"DK-0513","Extract images & text: errors and edge states","Tools & tool shell","DK-0020","Preflight checks before every job: free storage, memory guard, encryption, file type","Platform & architecture","finish-to-start (blocked by)"
"DK-0514","Extract images & text: copy deck EN/DE and accessibility labels","Localisation & content","DK-0009","Set up flutter_localizations, intl and ARB files for EN and DE","Platform & architecture","finish-to-start (blocked by)"
"DK-0515","Extract images & text: golden-PDF and widget tests","Tools & tool shell","DK-0510","Extract images & text: implement the extractassets ToolJob (engine)","PDF engine & native","finish-to-start (blocked by)"
"DK-0515","Extract images & text: golden-PDF and widget tests","Tools & tool shell","DK-0658","Test suite: Golden PDF corpus","QA & accessibility","finish-to-start (blocked by)"
"DK-0516","Organize pages tool entry: opens P1 directly (toast instead of T3)","Tools & tool shell","DK-0329","P1 Organize pages screen: top bar, sub-bar, page grid, FAB, selection bar","Viewer & editor","finish-to-start (blocked by)"
"DK-0517","Mark up tool entry: opens V2 with the Highlighter selected; saved as a new version","Tools & tool shell","DK-0313","V2 edit-mode shell: editing top bar, tool strip, 2 dp primary canvas border","Viewer & editor","finish-to-start (blocked by)"
"DK-0518","Fill form tool: V2 with form filling + ""Lock form values?"" dialog, no-fields and XFA dialogs","Tools & tool shell","DK-0323","AcroForm filling with PDFium form environment; flatten option; XFA detection","Viewer & editor","finish-to-start (blocked by)"
"DK-0518","Fill form tool: V2 with form filling + ""Lock form values?"" dialog, no-fields and XFA dialogs","Tools & tool shell","DK-0313","V2 edit-mode shell: editing top bar, tool strip, 2 dp primary canvas border","Viewer & editor","finish-to-start (blocked by)"
"DK-0519","Sign PDF tool: V2 with the signatures sheet; toast ""Signed on page 3 · Undo""","Tools & tool shell","DK-0313","V2 edit-mode shell: editing top bar, tool strip, 2 dp primary canvas border","Viewer & editor","finish-to-start (blocked by)"
"DK-0519","Sign PDF tool: V2 with the signatures sheet; toast ""Signed on page 3 · Undo""","Tools & tool shell","DK-0325","Encrypted signature store (images + initials) with Me → Signatures management","Viewer & editor","finish-to-start (blocked by)"
"DK-0520","Black out: detectors (IBAN mod-97, German Steuer-ID check digit, email, phone, DOB, US SSN, UK NI) + AI name/address suggestions","Tools & tool shell","DK-0393","Build `pdf_redact`: True redaction library (2 wk)","PDF engine & native","finish-to-start (blocked by)"
"DK-0520","Black out: detectors (IBAN mod-97, German Steuer-ID check digit, email, phone, DOB, US SSN, UK NI) + AI name/address suggestions","Tools & tool shell","DK-0400","OCR facade: Apple Vision on iOS, PP-OCRv5 on Android/fallback; language handling","PDF engine & native","finish-to-start (blocked by)"
"DK-0521","Black out: implement the ""Screen & step indicator"" state","Tools & tool shell","DK-0520","Black out: detectors (IBAN mod-97, German Steuer-ID check digit, email, phone, DOB, US SSN, UK NI) + AI name/address suggestions","Tools & tool shell","finish-to-start (blocked by)"
"DK-0521","Black out: implement the ""Screen & step indicator"" state","Tools & tool shell","DK-0220","Build DkDetectionGroup with all variants and states","Design system & components","finish-to-start (blocked by)"
"DK-0521","Black out: implement the ""Screen & step indicator"" state","Tools & tool shell","DK-0160","Build DkRedactionBox with all variants and states","Design system & components","finish-to-start (blocked by)"
"DK-0522","Black out: implement the ""Find panel"" state","Tools & tool shell","DK-0520","Black out: detectors (IBAN mod-97, German Steuer-ID check digit, email, phone, DOB, US SSN, UK NI) + AI name/address suggestions","Tools & tool shell","finish-to-start (blocked by)"
"DK-0522","Black out: implement the ""Find panel"" state","Tools & tool shell","DK-0220","Build DkDetectionGroup with all variants and states","Design system & components","finish-to-start (blocked by)"
"DK-0522","Black out: implement the ""Find panel"" state","Tools & tool shell","DK-0160","Build DkRedactionBox with all variants and states","Design system & components","finish-to-start (blocked by)"
"DK-0523","Black out: implement the ""Review"" state","Tools & tool shell","DK-0520","Black out: detectors (IBAN mod-97, German Steuer-ID check digit, email, phone, DOB, US SSN, UK NI) + AI name/address suggestions","Tools & tool shell","finish-to-start (blocked by)"
"DK-0523","Black out: implement the ""Review"" state","Tools & tool shell","DK-0220","Build DkDetectionGroup with all variants and states","Design system & components","finish-to-start (blocked by)"
"DK-0523","Black out: implement the ""Review"" state","Tools & tool shell","DK-0160","Build DkRedactionBox with all variants and states","Design system & components","finish-to-start (blocked by)"
"DK-0524","Black out: implement the ""Apply confirm"" state","Tools & tool shell","DK-0520","Black out: detectors (IBAN mod-97, German Steuer-ID check digit, email, phone, DOB, US SSN, UK NI) + AI name/address suggestions","Tools & tool shell","finish-to-start (blocked by)"
"DK-0524","Black out: implement the ""Apply confirm"" state","Tools & tool shell","DK-0220","Build DkDetectionGroup with all variants and states","Design system & components","finish-to-start (blocked by)"
"DK-0524","Black out: implement the ""Apply confirm"" state","Tools & tool shell","DK-0160","Build DkRedactionBox with all variants and states","Design system & components","finish-to-start (blocked by)"
"DK-0525","Black out: implement the ""Result verified"" state","Tools & tool shell","DK-0520","Black out: detectors (IBAN mod-97, German Steuer-ID check digit, email, phone, DOB, US SSN, UK NI) + AI name/address suggestions","Tools & tool shell","finish-to-start (blocked by)"
"DK-0525","Black out: implement the ""Result verified"" state","Tools & tool shell","DK-0220","Build DkDetectionGroup with all variants and states","Design system & components","finish-to-start (blocked by)"
"DK-0525","Black out: implement the ""Result verified"" state","Tools & tool shell","DK-0160","Build DkRedactionBox with all variants and states","Design system & components","finish-to-start (blocked by)"
"DK-0526","Black out: implement the ""OCR step for scans"" state","Tools & tool shell","DK-0520","Black out: detectors (IBAN mod-97, German Steuer-ID check digit, email, phone, DOB, US SSN, UK NI) + AI name/address suggestions","Tools & tool shell","finish-to-start (blocked by)"
"DK-0526","Black out: implement the ""OCR step for scans"" state","Tools & tool shell","DK-0220","Build DkDetectionGroup with all variants and states","Design system & components","finish-to-start (blocked by)"
"DK-0526","Black out: implement the ""OCR step for scans"" state","Tools & tool shell","DK-0160","Build DkRedactionBox with all variants and states","Design system & components","finish-to-start (blocked by)"
"DK-0527","Black out: implement the ""Verification failed"" state","Tools & tool shell","DK-0520","Black out: detectors (IBAN mod-97, German Steuer-ID check digit, email, phone, DOB, US SSN, UK NI) + AI name/address suggestions","Tools & tool shell","finish-to-start (blocked by)"
"DK-0527","Black out: implement the ""Verification failed"" state","Tools & tool shell","DK-0220","Build DkDetectionGroup with all variants and states","Design system & components","finish-to-start (blocked by)"
"DK-0527","Black out: implement the ""Verification failed"" state","Tools & tool shell","DK-0160","Build DkRedactionBox with all variants and states","Design system & components","finish-to-start (blocked by)"
"DK-0528","Redaction security test suite (release blocker)","Tools & tool shell","DK-0393","Build `pdf_redact`: True redaction library (2 wk)","PDF engine & native","finish-to-start (blocked by)"
"DK-0528","Redaction security test suite (release blocker)","Tools & tool shell","DK-0010","Set up CI: analyze, unit/widget/golden tests, native builds, licence scan, privacy network check","Platform & architecture","finish-to-start (blocked by)"
"DK-0529","Compare engine: text diff per page (Myers / diff_match_patch) + visual diff (OpenCV absdiff)","Tools & tool shell","DK-0390","Build `doc_core`: Document core API","PDF engine & native","finish-to-start (blocked by)"
"DK-0530","Compare: implement the ""Setup"" state","Tools & tool shell","DK-0529","Compare engine: text diff per page (Myers / diff_match_patch) + visual diff (OpenCV absdiff)","Tools & tool shell","finish-to-start (blocked by)"
"DK-0530","Compare: implement the ""Setup"" state","Tools & tool shell","DK-0218","Build DkDiffRow with all variants and states","Design system & components","finish-to-start (blocked by)"
"DK-0531","Compare: implement the ""Single view (phone)"" state","Tools & tool shell","DK-0529","Compare engine: text diff per page (Myers / diff_match_patch) + visual diff (OpenCV absdiff)","Tools & tool shell","finish-to-start (blocked by)"
"DK-0531","Compare: implement the ""Single view (phone)"" state","Tools & tool shell","DK-0218","Build DkDiffRow with all variants and states","Design system & components","finish-to-start (blocked by)"
"DK-0532","Compare: implement the ""Change list"" state","Tools & tool shell","DK-0529","Compare engine: text diff per page (Myers / diff_match_patch) + visual diff (OpenCV absdiff)","Tools & tool shell","finish-to-start (blocked by)"
"DK-0532","Compare: implement the ""Change list"" state","Tools & tool shell","DK-0218","Build DkDiffRow with all variants and states","Design system & components","finish-to-start (blocked by)"
"DK-0533","Compare: implement the ""Side by side"" state","Tools & tool shell","DK-0529","Compare engine: text diff per page (Myers / diff_match_patch) + visual diff (OpenCV absdiff)","Tools & tool shell","finish-to-start (blocked by)"
"DK-0533","Compare: implement the ""Side by side"" state","Tools & tool shell","DK-0218","Build DkDiffRow with all variants and states","Design system & components","finish-to-start (blocked by)"
"DK-0534","Compare: implement the ""Scans banner"" state","Tools & tool shell","DK-0529","Compare engine: text diff per page (Myers / diff_match_patch) + visual diff (OpenCV absdiff)","Tools & tool shell","finish-to-start (blocked by)"
"DK-0534","Compare: implement the ""Scans banner"" state","Tools & tool shell","DK-0218","Build DkDiffRow with all variants and states","Design system & components","finish-to-start (blocked by)"
"DK-0535","Batch: tool choice → file choice → shared options → queue → result","Tools & tool shell","DK-0008","Define the ToolJob interface, job queue and progress model in doc_tools","Platform & architecture","finish-to-start (blocked by)"
"DK-0535","Batch: tool choice → file choice → shared options → queue → result","Tools & tool shell","DK-0370","Generic T2 tool options shell (one shell for all 30 tools)","Tools & tool shell","finish-to-start (blocked by)"
"DK-0536","Workflow runner: typed chaining of ToolJobs, JSON storage, templates","Tools & tool shell","DK-0008","Define the ToolJob interface, job queue and progress model in doc_tools","Platform & architecture","finish-to-start (blocked by)"
"DK-0537","Workflows: implement the ""List"" state","Tools & tool shell","DK-0536","Workflow runner: typed chaining of ToolJobs, JSON storage, templates","Tools & tool shell","finish-to-start (blocked by)"
"DK-0537","Workflows: implement the ""List"" state","Tools & tool shell","DK-0065","Ship ILL-16 illustration (No workflows yet) as light and dark vector assets","Design system & components","finish-to-start (blocked by)"
"DK-0538","Workflows: implement the ""Builder"" state","Tools & tool shell","DK-0536","Workflow runner: typed chaining of ToolJobs, JSON storage, templates","Tools & tool shell","finish-to-start (blocked by)"
"DK-0539","Workflows: implement the ""Run"" state","Tools & tool shell","DK-0536","Workflow runner: typed chaining of ToolJobs, JSON storage, templates","Tools & tool shell","finish-to-start (blocked by)"
"DK-0540","Encode the Free/Pro split per tool and keep it configurable","Tools & tool shell","DK-0049","Create the tool icon registry: one icon per tool used everywhere","Design system & components","finish-to-start (blocked by)"
"DK-0540","Encode the Free/Pro split per tool and keep it configurable","Tools & tool shell","DK-0699","Decision: Free/Pro split and price","Product & decisions","finish-to-start (blocked by)"
"DK-0541","Summarize tool entry: file picker (if needed) → V1 with the AI panel on the Summary tab","Tools & tool shell","DK-0559","A1 AI panel: sheet over V1 (medium → large), Summary · Ask · Translate tabs, footer","AI","finish-to-start (blocked by)"
"DK-0542","Ask this PDF tool entry: file picker (if needed) → V1 with the AI panel on the Ask tab","Tools & tool shell","DK-0559","A1 AI panel: sheet over V1 (medium → large), Summary · Ask · Translate tabs, footer","AI","finish-to-start (blocked by)"
"DK-0543","Translate PDF tool entry: file picker (if needed) → V1 with the AI panel on the Translate tab","Tools & tool shell","DK-0559","A1 AI panel: sheet over V1 (medium → large), Summary · Ask · Translate tabs, footer","AI","finish-to-start (blocked by)"
"DK-0544","Workflows: edit, duplicate, rename and delete saved workflows","Tools & tool shell","DK-0536","Workflow runner: typed chaining of ToolJobs, JSON storage, templates","Tools & tool shell","finish-to-start (blocked by)"
"DK-0545","Integrate Sogda ai_core: ModelManager, LlmRuntimeArbiter, model catalogue JSON","AI","DK-0013","Implement device capability detection (RAM, arm64, free storage, OS version)","Platform & architecture","finish-to-start (blocked by)"
"DK-0545","Integrate Sogda ai_core: ModelManager, LlmRuntimeArbiter, model catalogue JSON","AI","DK-0012","Enforce ""no network traffic during any tool run"" and document allowed network uses","Platform & architecture","finish-to-start (blocked by)"
"DK-0545","Integrate Sogda ai_core: ModelManager, LlmRuntimeArbiter, model catalogue JSON","AI","DK-0683","Compliance: inference-only AI policy (no training or fine-tuning) and model intake checklist","Compliance & legal","finish-to-start (blocked by)"
"DK-0546","Gemma 4 E2B via llamadart (llama.cpp) incl. iOS SwiftPM package","AI","DK-0545","Integrate Sogda ai_core: ModelManager, LlmRuntimeArbiter, model catalogue JSON","AI","finish-to-start (blocked by)"
"DK-0546","Gemma 4 E2B via llamadart (llama.cpp) incl. iOS SwiftPM package","AI","DK-0674","Compliance: Gemma licence confirmation","Compliance & legal","finish-to-start (blocked by)"
"DK-0547","Bergamot translation engine via FFI (default translation engine)","AI","DK-0545","Integrate Sogda ai_core: ModelManager, LlmRuntimeArbiter, model catalogue JSON","AI","finish-to-start (blocked by)"
"DK-0547","Bergamot translation engine via FFI (default translation engine)","AI","DK-0675","Compliance: Bergamot models and language pairs","Compliance & legal","finish-to-start (blocked by)"
"DK-0548","AI text source: per-page text from PDFium or OCR with page anchors","AI","DK-0390","Build `doc_core`: Document core API","PDF engine & native","finish-to-start (blocked by)"
"DK-0548","AI text source: per-page text from PDFium or OCR with page anchors","AI","DK-0270","Index updater: extract PDF text and OCR text into FTS5 after every tool job","Home, Files & security","finish-to-start (blocked by)"
"DK-0548","AI text source: per-page text from PDFium or OCR with page anchors","AI","DK-0396","Build `pdf_structure`: Structure extraction (1.5 wk)","PDF engine & native","finish-to-start (blocked by)"
"DK-0549","doc_summarizer: map-reduce summary with page references, EN/DE prompts, cancel/resume","AI","DK-0546","Gemma 4 E2B via llamadart (llama.cpp) incl. iOS SwiftPM package","AI","finish-to-start (blocked by)"
"DK-0549","doc_summarizer: map-reduce summary with page references, EN/DE prompts, cancel/resume","AI","DK-0548","AI text source: per-page text from PDFium or OCR with page anchors","AI","finish-to-start (blocked by)"
"DK-0550","doc_rag: BM25 retrieval with German compound splitting, citations, ""not found"" behaviour","AI","DK-0546","Gemma 4 E2B via llamadart (llama.cpp) incl. iOS SwiftPM package","AI","finish-to-start (blocked by)"
"DK-0550","doc_rag: BM25 retrieval with German compound splitting, citations, ""not found"" behaviour","AI","DK-0548","AI text source: per-page text from PDFium or OCR with page anchors","AI","finish-to-start (blocked by)"
"DK-0551","doc_translate: block mapping, glossary of protected items, per-page progress, export","AI","DK-0547","Bergamot translation engine via FFI (default translation engine)","AI","finish-to-start (blocked by)"
"DK-0551","doc_translate: block mapping, glossary of protected items, per-page progress, export","AI","DK-0396","Build `pdf_structure`: Structure extraction (1.5 wk)","PDF engine & native","finish-to-start (blocked by)"
"DK-0552","smart_split rules engine with optional Gemma check","AI","DK-0396","Build `pdf_structure`: Structure extraction (1.5 wk)","PDF engine & native","finish-to-start (blocked by)"
"DK-0553","A1 AI readiness: implement the ""Device not eligible"" state","AI","DK-0545","Integrate Sogda ai_core: ModelManager, LlmRuntimeArbiter, model catalogue JSON","AI","finish-to-start (blocked by)"
"DK-0553","A1 AI readiness: implement the ""Device not eligible"" state","AI","DK-0062","Ship ILL-13 illustration (Device not eligible for AI) as light and dark vector assets","Design system & components","finish-to-start (blocked by)"
"DK-0554","A1 AI readiness: implement the ""Model not installed"" state","AI","DK-0545","Integrate Sogda ai_core: ModelManager, LlmRuntimeArbiter, model catalogue JSON","AI","finish-to-start (blocked by)"
"DK-0554","A1 AI readiness: implement the ""Model not installed"" state","AI","DK-0094","Build DkModelCard with all variants and states","Design system & components","finish-to-start (blocked by)"
"DK-0554","A1 AI readiness: implement the ""Model not installed"" state","AI","DK-0060","Ship ILL-11 illustration (AI model needed) as light and dark vector assets","Design system & components","finish-to-start (blocked by)"
"DK-0555","A1 AI readiness: implement the ""Downloading"" state","AI","DK-0545","Integrate Sogda ai_core: ModelManager, LlmRuntimeArbiter, model catalogue JSON","AI","finish-to-start (blocked by)"
"DK-0556","A1 AI readiness: implement the ""First-use notice"" state","AI","DK-0545","Integrate Sogda ai_core: ModelManager, LlmRuntimeArbiter, model catalogue JSON","AI","finish-to-start (blocked by)"
"DK-0556","A1 AI readiness: implement the ""First-use notice"" state","AI","DK-0061","Ship ILL-12 illustration (AI first-use notice) as light and dark vector assets","Design system & components","finish-to-start (blocked by)"
"DK-0557","A1 AI readiness: implement the ""No text in document"" state","AI","DK-0545","Integrate Sogda ai_core: ModelManager, LlmRuntimeArbiter, model catalogue JSON","AI","finish-to-start (blocked by)"
"DK-0557","A1 AI readiness: implement the ""No text in document"" state","AI","DK-0192","Build DkBanner with all variants and states","Design system & components","finish-to-start (blocked by)"
"DK-0558","A1 AI readiness: implement the ""Low memory now"" state","AI","DK-0545","Integrate Sogda ai_core: ModelManager, LlmRuntimeArbiter, model catalogue JSON","AI","finish-to-start (blocked by)"
"DK-0559","A1 AI panel: sheet over V1 (medium → large), Summary · Ask · Translate tabs, footer","AI","DK-0293","Viewer core with pdfrx PdfViewer: continuous scroll, pinch zoom, double-tap fit width, progressive render","Viewer & editor","finish-to-start (blocked by)"
"DK-0559","A1 AI panel: sheet over V1 (medium → large), Summary · Ask · Translate tabs, footer","AI","DK-0182","Build DkSheet with all variants and states","Design system & components","finish-to-start (blocked by)"
"DK-0559","A1 AI panel: sheet over V1 (medium → large), Summary · Ask · Translate tabs, footer","AI","DK-0545","Integrate Sogda ai_core: ModelManager, LlmRuntimeArbiter, model catalogue JSON","AI","finish-to-start (blocked by)"
"DK-0559","A1 AI panel: sheet over V1 (medium → large), Summary · Ask · Translate tabs, footer","AI","DK-0214","Build DkAIFooter with all variants and states","Design system & components","finish-to-start (blocked by)"
"DK-0559","A1 AI panel: sheet over V1 (medium → large), Summary · Ask · Translate tabs, footer","AI","DK-0130","Build DkSegmented with all variants and states","Design system & components","finish-to-start (blocked by)"
"DK-0560","A1 AI panel: implement the ""Summary options & streaming"" state","AI","DK-0559","A1 AI panel: sheet over V1 (medium → large), Summary · Ask · Translate tabs, footer","AI","finish-to-start (blocked by)"
"DK-0560","A1 AI panel: implement the ""Summary options & streaming"" state","AI","DK-0549","doc_summarizer: map-reduce summary with page references, EN/DE prompts, cancel/resume","AI","finish-to-start (blocked by)"
"DK-0561","A1 AI panel: implement the ""Summary output"" state","AI","DK-0559","A1 AI panel: sheet over V1 (medium → large), Summary · Ask · Translate tabs, footer","AI","finish-to-start (blocked by)"
"DK-0561","A1 AI panel: implement the ""Summary output"" state","AI","DK-0549","doc_summarizer: map-reduce summary with page references, EN/DE prompts, cancel/resume","AI","finish-to-start (blocked by)"
"DK-0562","A1 AI panel: implement the ""Ask empty"" state","AI","DK-0559","A1 AI panel: sheet over V1 (medium → large), Summary · Ask · Translate tabs, footer","AI","finish-to-start (blocked by)"
"DK-0562","A1 AI panel: implement the ""Ask empty"" state","AI","DK-0550","doc_rag: BM25 retrieval with German compound splitting, citations, ""not found"" behaviour","AI","finish-to-start (blocked by)"
"DK-0563","A1 AI panel: implement the ""Ask thread"" state","AI","DK-0559","A1 AI panel: sheet over V1 (medium → large), Summary · Ask · Translate tabs, footer","AI","finish-to-start (blocked by)"
"DK-0563","A1 AI panel: implement the ""Ask thread"" state","AI","DK-0550","doc_rag: BM25 retrieval with German compound splitting, citations, ""not found"" behaviour","AI","finish-to-start (blocked by)"
"DK-0563","A1 AI panel: implement the ""Ask thread"" state","AI","DK-0210","Build DkChatBubble with all variants and states","Design system & components","finish-to-start (blocked by)"
"DK-0564","A1 AI panel: implement the ""Ask not found"" state","AI","DK-0559","A1 AI panel: sheet over V1 (medium → large), Summary · Ask · Translate tabs, footer","AI","finish-to-start (blocked by)"
"DK-0564","A1 AI panel: implement the ""Ask not found"" state","AI","DK-0550","doc_rag: BM25 retrieval with German compound splitting, citations, ""not found"" behaviour","AI","finish-to-start (blocked by)"
"DK-0565","A1 AI panel: implement the ""Ask from selection"" state","AI","DK-0559","A1 AI panel: sheet over V1 (medium → large), Summary · Ask · Translate tabs, footer","AI","finish-to-start (blocked by)"
"DK-0565","A1 AI panel: implement the ""Ask from selection"" state","AI","DK-0550","doc_rag: BM25 retrieval with German compound splitting, citations, ""not found"" behaviour","AI","finish-to-start (blocked by)"
"DK-0566","A1 AI panel: implement the ""Translate options"" state","AI","DK-0559","A1 AI panel: sheet over V1 (medium → large), Summary · Ask · Translate tabs, footer","AI","finish-to-start (blocked by)"
"DK-0566","A1 AI panel: implement the ""Translate options"" state","AI","DK-0551","doc_translate: block mapping, glossary of protected items, per-page progress, export","AI","finish-to-start (blocked by)"
"DK-0566","A1 AI panel: implement the ""Translate options"" state","AI","DK-0676","Compliance: Exclude Hy-MT","Compliance & legal","finish-to-start (blocked by)"
"DK-0567","A1 AI panel: implement the ""Translate view"" state","AI","DK-0559","A1 AI panel: sheet over V1 (medium → large), Summary · Ask · Translate tabs, footer","AI","finish-to-start (blocked by)"
"DK-0567","A1 AI panel: implement the ""Translate view"" state","AI","DK-0551","doc_translate: block mapping, glossary of protected items, per-page progress, export","AI","finish-to-start (blocked by)"
"DK-0568","M2 AI models: storage summary, grouped model cards, model detail sheet","AI","DK-0545","Integrate Sogda ai_core: ModelManager, LlmRuntimeArbiter, model catalogue JSON","AI","finish-to-start (blocked by)"
"DK-0568","M2 AI models: storage summary, grouped model cards, model detail sheet","AI","DK-0094","Build DkModelCard with all variants and states","Design system & components","finish-to-start (blocked by)"
"DK-0569","AI guardrails and review checklist","AI","DK-0549","doc_summarizer: map-reduce summary with page references, EN/DE prompts, cancel/resume","AI","finish-to-start (blocked by)"
"DK-0569","AI guardrails and review checklist","AI","DK-0550","doc_rag: BM25 retrieval with German compound splitting, citations, ""not found"" behaviour","AI","finish-to-start (blocked by)"
"DK-0570","M1 Me: Pro card, Your things, Settings, About, footer","Me, Pro & system surfaces","DK-0229","Build the app shell: 4 tabs + raised centre Scan button","Platform & architecture","finish-to-start (blocked by)"
"DK-0570","M1 Me: Pro card, Your things, Settings, About, footer","Me, Pro & system surfaces","DK-0100","Build DkSettingsRow with all variants and states","Design system & components","finish-to-start (blocked by)"
"DK-0570","M1 Me: Pro card, Your things, Settings, About, footer","Me, Pro & system surfaces","DK-0098","Build DkProCard with all variants and states","Design system & components","finish-to-start (blocked by)"
"DK-0571","M3 Scanning settings page","Me, Pro & system surfaces","DK-0570","M1 Me: Pro card, Your things, Settings, About, footer","Me, Pro & system surfaces","finish-to-start (blocked by)"
"DK-0571","M3 Scanning settings page","Me, Pro & system surfaces","DK-0338","Separate auto-capture and auto-crop: stability-based capture (~0.5 s steady quad)","Scanner","finish-to-start (blocked by)"
"DK-0571","M3 Scanning settings page","Me, Pro & system surfaces","DK-0339","Image filters: Original, Auto colour (CLAHE), Greyscale, B/W (adaptive threshold), Remove shadows, brightness/contrast","Scanner","finish-to-start (blocked by)"
"DK-0571","M3 Scanning settings page","Me, Pro & system surfaces","DK-0128","Build DkSwitch with all variants and states","Design system & components","finish-to-start (blocked by)"
"DK-0571","M3 Scanning settings page","Me, Pro & system surfaces","DK-0100","Build DkSettingsRow with all variants and states","Design system & components","finish-to-start (blocked by)"
"DK-0572","M3 Files & storage settings page","Me, Pro & system surfaces","DK-0570","M1 Me: Pro card, Your things, Settings, About, footer","Me, Pro & system surfaces","finish-to-start (blocked by)"
"DK-0572","M3 Files & storage settings page","Me, Pro & system surfaces","DK-0260","Build F1 Files root: top bar actions, search, special rows, folders, files","Home, Files & security","finish-to-start (blocked by)"
"DK-0572","M3 Files & storage settings page","Me, Pro & system surfaces","DK-0128","Build DkSwitch with all variants and states","Design system & components","finish-to-start (blocked by)"
"DK-0572","M3 Files & storage settings page","Me, Pro & system surfaces","DK-0100","Build DkSettingsRow with all variants and states","Design system & components","finish-to-start (blocked by)"
"DK-0573","M3 Security settings page","Me, Pro & system surfaces","DK-0570","M1 Me: Pro card, Your things, Settings, About, footer","Me, Pro & system surfaces","finish-to-start (blocked by)"
"DK-0573","M3 Security settings page","Me, Pro & system surfaces","DK-0282","Encrypt locked files at rest with AES-256-GCM; keys in Keychain/Keystore released by biometrics/PIN","Home, Files & security","finish-to-start (blocked by)"
"DK-0573","M3 Security settings page","Me, Pro & system surfaces","DK-0234","Show a privacy cover in the app switcher when locked content is open or ""Hide previews"" is on","Platform & architecture","finish-to-start (blocked by)"
"DK-0573","M3 Security settings page","Me, Pro & system surfaces","DK-0128","Build DkSwitch with all variants and states","Design system & components","finish-to-start (blocked by)"
"DK-0573","M3 Security settings page","Me, Pro & system surfaces","DK-0100","Build DkSettingsRow with all variants and states","Design system & components","finish-to-start (blocked by)"
"DK-0574","M3 Appearance settings page","Me, Pro & system surfaces","DK-0570","M1 Me: Pro card, Your things, Settings, About, footer","Me, Pro & system surfaces","finish-to-start (blocked by)"
"DK-0574","M3 Appearance settings page","Me, Pro & system surfaces","DK-0047","Theme switching: Light, Dark, System (default), and dark-mode rules","Design system & components","finish-to-start (blocked by)"
"DK-0574","M3 Appearance settings page","Me, Pro & system surfaces","DK-0128","Build DkSwitch with all variants and states","Design system & components","finish-to-start (blocked by)"
"DK-0574","M3 Appearance settings page","Me, Pro & system surfaces","DK-0100","Build DkSettingsRow with all variants and states","Design system & components","finish-to-start (blocked by)"
"DK-0575","M3 Language settings page","Me, Pro & system surfaces","DK-0570","M1 Me: Pro card, Your things, Settings, About, footer","Me, Pro & system surfaces","finish-to-start (blocked by)"
"DK-0575","M3 Language settings page","Me, Pro & system surfaces","DK-0009","Set up flutter_localizations, intl and ARB files for EN and DE","Platform & architecture","finish-to-start (blocked by)"
"DK-0575","M3 Language settings page","Me, Pro & system surfaces","DK-0128","Build DkSwitch with all variants and states","Design system & components","finish-to-start (blocked by)"
"DK-0575","M3 Language settings page","Me, Pro & system surfaces","DK-0100","Build DkSettingsRow with all variants and states","Design system & components","finish-to-start (blocked by)"
"DK-0576","M3 Privacy settings page","Me, Pro & system surfaces","DK-0570","M1 Me: Pro card, Your things, Settings, About, footer","Me, Pro & system surfaces","finish-to-start (blocked by)"
"DK-0576","M3 Privacy settings page","Me, Pro & system surfaces","DK-0011","Add opt-in crash reporting without any document content","Platform & architecture","finish-to-start (blocked by)"
"DK-0576","M3 Privacy settings page","Me, Pro & system surfaces","DK-0012","Enforce ""no network traffic during any tool run"" and document allowed network uses","Platform & architecture","finish-to-start (blocked by)"
"DK-0576","M3 Privacy settings page","Me, Pro & system surfaces","DK-0128","Build DkSwitch with all variants and states","Design system & components","finish-to-start (blocked by)"
"DK-0576","M3 Privacy settings page","Me, Pro & system surfaces","DK-0100","Build DkSettingsRow with all variants and states","Design system & components","finish-to-start (blocked by)"
"DK-0577","M3 Open-source licences settings page","Me, Pro & system surfaces","DK-0570","M1 Me: Pro card, Your things, Settings, About, footer","Me, Pro & system surfaces","finish-to-start (blocked by)"
"DK-0577","M3 Open-source licences settings page","Me, Pro & system surfaces","DK-0673","Compliance: In-app licence screen generation","Compliance & legal","finish-to-start (blocked by)"
"DK-0577","M3 Open-source licences settings page","Me, Pro & system surfaces","DK-0128","Build DkSwitch with all variants and states","Design system & components","finish-to-start (blocked by)"
"DK-0577","M3 Open-source licences settings page","Me, Pro & system surfaces","DK-0100","Build DkSettingsRow with all variants and states","Design system & components","finish-to-start (blocked by)"
"DK-0578","About rows: Replay intro, Contact (mailto), Rate Dokulo (store review)","Me, Pro & system surfaces","DK-0570","M1 Me: Pro card, Your things, Settings, About, footer","Me, Pro & system surfaces","finish-to-start (blocked by)"
"DK-0578","About rows: Replay intro, Contact (mailto), Rate Dokulo (store review)","Me, Pro & system surfaces","DK-0238","Build the onboarding pager (/welcome) shown once, skippable","Home, Files & security","finish-to-start (blocked by)"
"DK-0579","One-time Pro unlock with in_app_purchase (StoreKit 2 / Play Billing), entitlement cache, restore, Family Sharing","Me, Pro & system surfaces","DK-0001","Create the Flutter monorepo with the five layer packages","Platform & architecture","finish-to-start (blocked by)"
"DK-0580","X3 paywall sheet: close, ILL-18, headline, context line, 5 benefits, reassurance, price button, footer","Me, Pro & system surfaces","DK-0579","One-time Pro unlock with in_app_purchase (StoreKit 2 / Play Billing), entitlement cache, restore, Family Sharing","Me, Pro & system surfaces","finish-to-start (blocked by)"
"DK-0580","X3 paywall sheet: close, ILL-18, headline, context line, 5 benefits, reassurance, price button, footer","Me, Pro & system surfaces","DK-0182","Build DkSheet with all variants and states","Design system & components","finish-to-start (blocked by)"
"DK-0580","X3 paywall sheet: close, ILL-18, headline, context line, 5 benefits, reassurance, price button, footer","Me, Pro & system surfaces","DK-0067","Ship ILL-18 illustration (Paywall header) as light and dark vector assets","Design system & components","finish-to-start (blocked by)"
"DK-0580","X3 paywall sheet: close, ILL-18, headline, context line, 5 benefits, reassurance, price button, footer","Me, Pro & system surfaces","DK-0699","Decision: Free/Pro split and price","Product & decisions","finish-to-start (blocked by)"
"DK-0581","X3 Paywall: implement the ""Purchasing"" state","Me, Pro & system surfaces","DK-0580","X3 paywall sheet: close, ILL-18, headline, context line, 5 benefits, reassurance, price button, footer","Me, Pro & system surfaces","finish-to-start (blocked by)"
"DK-0582","X3 Paywall: implement the ""Success"" state","Me, Pro & system surfaces","DK-0580","X3 paywall sheet: close, ILL-18, headline, context line, 5 benefits, reassurance, price button, footer","Me, Pro & system surfaces","finish-to-start (blocked by)"
"DK-0583","X3 Paywall: implement the ""Error"" state","Me, Pro & system surfaces","DK-0580","X3 paywall sheet: close, ILL-18, headline, context line, 5 benefits, reassurance, price button, footer","Me, Pro & system surfaces","finish-to-start (blocked by)"
"DK-0584","X3 Paywall: implement the ""Restore"" state","Me, Pro & system surfaces","DK-0580","X3 paywall sheet: close, ILL-18, headline, context line, 5 benefits, reassurance, price button, footer","Me, Pro & system surfaces","finish-to-start (blocked by)"
"DK-0585","Enforce the Pro touchpoint inventory (no other placements)","Me, Pro & system surfaces","DK-0580","X3 paywall sheet: close, ILL-18, headline, context line, 5 benefits, reassurance, price button, footer","Me, Pro & system surfaces","finish-to-start (blocked by)"
"DK-0585","Enforce the Pro touchpoint inventory (no other placements)","Me, Pro & system surfaces","DK-0374","Pro gating in T2: header badge, free-try caption, paywall before run on second use","Tools & tool shell","finish-to-start (blocked by)"
"DK-0586","Verify Pro gating on every Pro feature (first free try, paywall before work, auto-run after purchase)","Me, Pro & system surfaces","DK-0374","Pro gating in T2: header badge, free-try caption, paywall before run on second use","Tools & tool shell","finish-to-start (blocked by)"
"DK-0586","Verify Pro gating on every Pro feature (first free try, paywall before work, auto-run after purchase)","Me, Pro & system surfaces","DK-0427","Smart Split: T2 options UI","Tools & tool shell","finish-to-start (blocked by)"
"DK-0586","Verify Pro gating on every Pro feature (first free try, paywall before work, auto-run after purchase)","Me, Pro & system surfaces","DK-0451","Convert to PDF/A: T2 options UI","Tools & tool shell","finish-to-start (blocked by)"
"DK-0586","Verify Pro gating on every Pro feature (first free try, paywall before work, auto-run after purchase)","Me, Pro & system surfaces","DK-0457","PDF to text: T2 options UI","Tools & tool shell","finish-to-start (blocked by)"
"DK-0586","Verify Pro gating on every Pro feature (first free try, paywall before work, auto-run after purchase)","Me, Pro & system surfaces","DK-0475","Make text searchable: T2 options UI","Tools & tool shell","finish-to-start (blocked by)"
"DK-0586","Verify Pro gating on every Pro feature (first free try, paywall before work, auto-run after purchase)","Me, Pro & system surfaces","DK-0559","A1 AI panel: sheet over V1 (medium → large), Summary · Ask · Translate tabs, footer","AI","finish-to-start (blocked by)"
"DK-0586","Verify Pro gating on every Pro feature (first free try, paywall before work, auto-run after purchase)","Me, Pro & system surfaces","DK-0362","Find documents in photos: on-device scoring (text-area ratio + quad + aspect), background, cached","Scanner","finish-to-start (blocked by)"
"DK-0586","Verify Pro gating on every Pro feature (first free try, paywall before work, auto-run after purchase)","Me, Pro & system surfaces","DK-0282","Encrypt locked files at rest with AES-256-GCM; keys in Keychain/Keystore released by biometrics/PIN","Home, Files & security","finish-to-start (blocked by)"
"DK-0586","Verify Pro gating on every Pro feature (first free try, paywall before work, auto-run after purchase)","Me, Pro & system surfaces","DK-0359","Save sheet: name, format, page size, quality, folder, Make text searchable","Scanner","finish-to-start (blocked by)"
"DK-0586","Verify Pro gating on every Pro feature (first free try, paywall before work, auto-run after purchase)","Me, Pro & system surfaces","DK-0535","Batch: tool choice → file choice → shared options → queue → result","Tools & tool shell","finish-to-start (blocked by)"
"DK-0586","Verify Pro gating on every Pro feature (first free try, paywall before work, auto-run after purchase)","Me, Pro & system surfaces","DK-0536","Workflow runner: typed chaining of ToolJobs, JSON storage, templates","Tools & tool shell","finish-to-start (blocked by)"
"DK-0586","Verify Pro gating on every Pro feature (first free try, paywall before work, auto-run after purchase)","Me, Pro & system surfaces","DK-0529","Compare engine: text diff per page (Myers / diff_match_patch) + visual diff (OpenCV absdiff)","Tools & tool shell","finish-to-start (blocked by)"
"DK-0586","Verify Pro gating on every Pro feature (first free try, paywall before work, auto-run after purchase)","Me, Pro & system surfaces","DK-0520","Black out: detectors (IBAN mod-97, German Steuer-ID check digit, email, phone, DOB, US SSN, UK NI) + AI name/address suggestions","Tools & tool shell","finish-to-start (blocked by)"
"DK-0586","Verify Pro gating on every Pro feature (first free try, paywall before work, auto-run after purchase)","Me, Pro & system surfaces","DK-0323","AcroForm filling with PDFium form environment; flatten option; XFA detection","Viewer & editor","finish-to-start (blocked by)"
"DK-0587","Local notifications service (iOS + Android channels) with deep links","Me, Pro & system surfaces","DK-0236","Deep-link scheme for widgets, shortcuts, notifications and extensions","Platform & architecture","finish-to-start (blocked by)"
"DK-0587","Local notifications service (iOS + Android channels) with deep links","Me, Pro & system surfaces","DK-0016","Declare platform capabilities: iOS Info.plist usage strings (EN/DE), document types; Android manifest permissions and intent filters","Platform & architecture","finish-to-start (blocked by)"
"DK-0588","Notification: Job finished","Me, Pro & system surfaces","DK-0587","Local notifications service (iOS + Android channels) with deep links","Me, Pro & system surfaces","finish-to-start (blocked by)"
"DK-0588","Notification: Job finished","Me, Pro & system surfaces","DK-0008","Define the ToolJob interface, job queue and progress model in doc_tools","Platform & architecture","finish-to-start (blocked by)"
"DK-0589","Notification: Job failed","Me, Pro & system surfaces","DK-0587","Local notifications service (iOS + Android channels) with deep links","Me, Pro & system surfaces","finish-to-start (blocked by)"
"DK-0589","Notification: Job failed","Me, Pro & system surfaces","DK-0008","Define the ToolJob interface, job queue and progress model in doc_tools","Platform & architecture","finish-to-start (blocked by)"
"DK-0589","Notification: Job failed","Me, Pro & system surfaces","DK-0609","Error model: typed DokuloError with codes, messages and one recovery action","Tools & tool shell","finish-to-start (blocked by)"
"DK-0590","Notification: Batch finished","Me, Pro & system surfaces","DK-0587","Local notifications service (iOS + Android channels) with deep links","Me, Pro & system surfaces","finish-to-start (blocked by)"
"DK-0590","Notification: Batch finished","Me, Pro & system surfaces","DK-0535","Batch: tool choice → file choice → shared options → queue → result","Tools & tool shell","finish-to-start (blocked by)"
"DK-0591","Notification: Model downloaded","Me, Pro & system surfaces","DK-0587","Local notifications service (iOS + Android channels) with deep links","Me, Pro & system surfaces","finish-to-start (blocked by)"
"DK-0591","Notification: Model downloaded","Me, Pro & system surfaces","DK-0545","Integrate Sogda ai_core: ModelManager, LlmRuntimeArbiter, model catalogue JSON","AI","finish-to-start (blocked by)"
"DK-0592","Notification: Photo finder done","Me, Pro & system surfaces","DK-0587","Local notifications service (iOS + Android channels) with deep links","Me, Pro & system surfaces","finish-to-start (blocked by)"
"DK-0592","Notification: Photo finder done","Me, Pro & system surfaces","DK-0362","Find documents in photos: on-device scoring (text-area ratio + quad + aspect), background, cached","Scanner","finish-to-start (blocked by)"
"DK-0593","Android progress notification for long jobs (foreground service)","Me, Pro & system surfaces","DK-0587","Local notifications service (iOS + Android channels) with deep links","Me, Pro & system surfaces","finish-to-start (blocked by)"
"DK-0593","Android progress notification for long jobs (foreground service)","Me, Pro & system surfaces","DK-0008","Define the ToolJob interface, job queue and progress model in doc_tools","Platform & architecture","finish-to-start (blocked by)"
"DK-0594","Home-screen widget: Scan","Me, Pro & system surfaces","DK-0236","Deep-link scheme for widgets, shortcuts, notifications and extensions","Platform & architecture","finish-to-start (blocked by)"
"DK-0595","Home-screen widget: Quick tools","Me, Pro & system surfaces","DK-0236","Deep-link scheme for widgets, shortcuts, notifications and extensions","Platform & architecture","finish-to-start (blocked by)"
"DK-0596","Home-screen widget: Last scan","Me, Pro & system surfaces","DK-0236","Deep-link scheme for widgets, shortcuts, notifications and extensions","Platform & architecture","finish-to-start (blocked by)"
"DK-0597","App-icon long-press shortcuts: Scan · Merge PDF · Compress PDF · {last used tool}","Me, Pro & system surfaces","DK-0236","Deep-link scheme for widgets, shortcuts, notifications and extensions","Platform & architecture","finish-to-start (blocked by)"
"DK-0597","App-icon long-press shortcuts: Scan · Merge PDF · Compress PDF · {last used tool}","Me, Pro & system surfaces","DK-0022","Local tool-usage tracking (never uploaded) for suggestions and shortcuts","Platform & architecture","finish-to-start (blocked by)"
"DK-0598","iOS Share Extension UI: ""Open in Dokulo"" card with 6 quick tools","Me, Pro & system surfaces","DK-0235","Receive files from the share sheet / ""Open with"" (receive_sharing_intent 1.9.0)","Platform & architecture","finish-to-start (blocked by)"
"DK-0598","iOS Share Extension UI: ""Open in Dokulo"" card with 6 quick tools","Me, Pro & system surfaces","DK-0236","Deep-link scheme for widgets, shortcuts, notifications and extensions","Platform & architecture","finish-to-start (blocked by)"
"DK-0599","iOS Files Action Extension (""Dokulo"") opening the X1 picker (3 days)","Me, Pro & system surfaces","DK-0387","X1 tool picker (share sheet / viewer Tools)","Tools & tool shell","finish-to-start (blocked by)"
"DK-0599","iOS Files Action Extension (""Dokulo"") opening the X1 picker (3 days)","Me, Pro & system surfaces","DK-0707","Decision: iOS Files action lands on the X1 picker (UI spec) or directly on the chosen tool (UX plan)","Product & decisions","finish-to-start (blocked by)"
"DK-0600","Android share target + direct-share shortcuts (""Compress with Dokulo"", ""Merge with Dokulo"")","Me, Pro & system surfaces","DK-0235","Receive files from the share sheet / ""Open with"" (receive_sharing_intent 1.9.0)","Platform & architecture","finish-to-start (blocked by)"
"DK-0601","Empty state: Home recents","Tools & tool shell","DK-0196","Build DkEmptyState with all variants and states","Design system & components","finish-to-start (blocked by)"
"DK-0601","Empty state: Home recents","Tools & tool shell","DK-0053","Ship ILL-04 illustration (Home empty) as light and dark vector assets","Design system & components","finish-to-start (blocked by)"
"DK-0602","Empty state: Files root","Tools & tool shell","DK-0196","Build DkEmptyState with all variants and states","Design system & components","finish-to-start (blocked by)"
"DK-0602","Empty state: Files root","Tools & tool shell","DK-0054","Ship ILL-05 illustration (Files empty) as light and dark vector assets","Design system & components","finish-to-start (blocked by)"
"DK-0603","Empty state: Folder","Tools & tool shell","DK-0196","Build DkEmptyState with all variants and states","Design system & components","finish-to-start (blocked by)"
"DK-0603","Empty state: Folder","Tools & tool shell","DK-0055","Ship ILL-06 illustration (Folder empty) as light and dark vector assets","Design system & components","finish-to-start (blocked by)"
"DK-0604","Empty state: Search","Tools & tool shell","DK-0196","Build DkEmptyState with all variants and states","Design system & components","finish-to-start (blocked by)"
"DK-0604","Empty state: Search","Tools & tool shell","DK-0056","Ship ILL-07 illustration (Search no results) as light and dark vector assets","Design system & components","finish-to-start (blocked by)"
"DK-0605","Empty state: Trash","Tools & tool shell","DK-0196","Build DkEmptyState with all variants and states","Design system & components","finish-to-start (blocked by)"
"DK-0605","Empty state: Trash","Tools & tool shell","DK-0057","Ship ILL-08 illustration (Trash empty) as light and dark vector assets","Design system & components","finish-to-start (blocked by)"
"DK-0606","Empty state: Signatures","Tools & tool shell","DK-0196","Build DkEmptyState with all variants and states","Design system & components","finish-to-start (blocked by)"
"DK-0606","Empty state: Signatures","Tools & tool shell","DK-0064","Ship ILL-15 illustration (No signatures yet) as light and dark vector assets","Design system & components","finish-to-start (blocked by)"
"DK-0607","Empty state: Workflows","Tools & tool shell","DK-0196","Build DkEmptyState with all variants and states","Design system & components","finish-to-start (blocked by)"
"DK-0607","Empty state: Workflows","Tools & tool shell","DK-0065","Ship ILL-16 illustration (No workflows yet) as light and dark vector assets","Design system & components","finish-to-start (blocked by)"
"DK-0608","Empty state: Photo finder","Tools & tool shell","DK-0196","Build DkEmptyState with all variants and states","Design system & components","finish-to-start (blocked by)"
"DK-0608","Empty state: Photo finder","Tools & tool shell","DK-0066","Ship ILL-17 illustration (Find documents in photos intro) as light and dark vector assets","Design system & components","finish-to-start (blocked by)"
"DK-0609","Error model: typed DokuloError with codes, messages and one recovery action","Tools & tool shell","DK-0008","Define the ToolJob interface, job queue and progress model in doc_tools","Platform & architecture","finish-to-start (blocked by)"
"DK-0610","Error: Locked input","Tools & tool shell","DK-0609","Error model: typed DokuloError with codes, messages and one recovery action","Tools & tool shell","finish-to-start (blocked by)"
"DK-0611","Error: Damaged file","Tools & tool shell","DK-0609","Error model: typed DokuloError with codes, messages and one recovery action","Tools & tool shell","finish-to-start (blocked by)"
"DK-0612","Error: Not enough storage","Tools & tool shell","DK-0609","Error model: typed DokuloError with codes, messages and one recovery action","Tools & tool shell","finish-to-start (blocked by)"
"DK-0613","Error: Too large for memory","Tools & tool shell","DK-0609","Error model: typed DokuloError with codes, messages and one recovery action","Tools & tool shell","finish-to-start (blocked by)"
"DK-0614","Error: Unsupported form","Tools & tool shell","DK-0609","Error model: typed DokuloError with codes, messages and one recovery action","Tools & tool shell","finish-to-start (blocked by)"
"DK-0615","Error: Model missing","Tools & tool shell","DK-0609","Error model: typed DokuloError with codes, messages and one recovery action","Tools & tool shell","finish-to-start (blocked by)"
"DK-0616","Error: Low memory","Tools & tool shell","DK-0609","Error model: typed DokuloError with codes, messages and one recovery action","Tools & tool shell","finish-to-start (blocked by)"
"DK-0617","Error: Cancelled","Tools & tool shell","DK-0609","Error model: typed DokuloError with codes, messages and one recovery action","Tools & tool shell","finish-to-start (blocked by)"
"DK-0618","Error: Unexpected","Tools & tool shell","DK-0609","Error model: typed DokuloError with codes, messages and one recovery action","Tools & tool shell","finish-to-start (blocked by)"
"DK-0619","Error: Offline (web tool)","Tools & tool shell","DK-0609","Error model: typed DokuloError with codes, messages and one recovery action","Tools & tool shell","finish-to-start (blocked by)"
"DK-0620","Loading states: skeletons for lists, grids, thumbnails, model cards; page skeleton in viewer","Tools & tool shell","DK-0198","Build DkSkeleton with all variants and states","Design system & components","finish-to-start (blocked by)"
"DK-0621","Permissions denied: inline warning banner with ""Open settings"", never repeated prompts","Tools & tool shell","DK-0192","Build DkBanner with all variants and states","Design system & components","finish-to-start (blocked by)"
"DK-0622","Global banner (info/warning/error/Pro) and toast-with-action examples wired to real cases","Tools & tool shell","DK-0192","Build DkBanner with all variants and states","Design system & components","finish-to-start (blocked by)"
"DK-0622","Global banner (info/warning/error/Pro) and toast-with-action examples wired to real cases","Tools & tool shell","DK-0190","Build DkToast with all variants and states","Design system & components","finish-to-start (blocked by)"
"DK-0623","ARB strings: Common actions","Localisation & content","DK-0009","Set up flutter_localizations, intl and ARB files for EN and DE","Platform & architecture","finish-to-start (blocked by)"
"DK-0624","ARB strings: Common labels and toasts","Localisation & content","DK-0009","Set up flutter_localizations, intl and ARB files for EN and DE","Platform & architecture","finish-to-start (blocked by)"
"DK-0625","ARB strings: Tool names, buttons, suffixes","Localisation & content","DK-0009","Set up flutter_localizations, intl and ARB files for EN and DE","Platform & architecture","finish-to-start (blocked by)"
"DK-0626","ARB strings: Onboarding and Home","Localisation & content","DK-0009","Set up flutter_localizations, intl and ARB files for EN and DE","Platform & architecture","finish-to-start (blocked by)"
"DK-0627","ARB strings: Files, trash, locked folder","Localisation & content","DK-0009","Set up flutter_localizations, intl and ARB files for EN and DE","Platform & architecture","finish-to-start (blocked by)"
"DK-0628","ARB strings: Viewer and edit mode","Localisation & content","DK-0009","Set up flutter_localizations, intl and ARB files for EN and DE","Platform & architecture","finish-to-start (blocked by)"
"DK-0629","ARB strings: Scanner","Localisation & content","DK-0009","Set up flutter_localizations, intl and ARB files for EN and DE","Platform & architecture","finish-to-start (blocked by)"
"DK-0630","ARB strings: Tool shell and tools","Localisation & content","DK-0009","Set up flutter_localizations, intl and ARB files for EN and DE","Platform & architecture","finish-to-start (blocked by)"
"DK-0631","ARB strings: AI","Localisation & content","DK-0009","Set up flutter_localizations, intl and ARB files for EN and DE","Platform & architecture","finish-to-start (blocked by)"
"DK-0632","ARB strings: Me, settings, Pro","Localisation & content","DK-0009","Set up flutter_localizations, intl and ARB files for EN and DE","Platform & architecture","finish-to-start (blocked by)"
"DK-0633","ARB strings: System and errors","Localisation & content","DK-0009","Set up flutter_localizations, intl and ARB files for EN and DE","Platform & architecture","finish-to-start (blocked by)"
"DK-0634","Locale formats: decimal comma, thin-space units, date formats, A4 vs Letter defaults","Localisation & content","DK-0009","Set up flutter_localizations, intl and ARB files for EN and DE","Platform & architecture","finish-to-start (blocked by)"
"DK-0635","German layout QA at 100 % and 200 % text on all DE-marked frames","Localisation & content","DK-0009","Set up flutter_localizations, intl and ARB files for EN and DE","Platform & architecture","finish-to-start (blocked by)"
"DK-0635","German layout QA at 100 % and 200 % text on all DE-marked frames","Localisation & content","DK-0623","ARB strings: Common actions","Localisation & content","finish-to-start (blocked by)"
"DK-0635","German layout QA at 100 % and 200 % text on all DE-marked frames","Localisation & content","DK-0624","ARB strings: Common labels and toasts","Localisation & content","finish-to-start (blocked by)"
"DK-0635","German layout QA at 100 % and 200 % text on all DE-marked frames","Localisation & content","DK-0625","ARB strings: Tool names, buttons, suffixes","Localisation & content","finish-to-start (blocked by)"
"DK-0635","German layout QA at 100 % and 200 % text on all DE-marked frames","Localisation & content","DK-0626","ARB strings: Onboarding and Home","Localisation & content","finish-to-start (blocked by)"
"DK-0635","German layout QA at 100 % and 200 % text on all DE-marked frames","Localisation & content","DK-0627","ARB strings: Files, trash, locked folder","Localisation & content","finish-to-start (blocked by)"
"DK-0635","German layout QA at 100 % and 200 % text on all DE-marked frames","Localisation & content","DK-0628","ARB strings: Viewer and edit mode","Localisation & content","finish-to-start (blocked by)"
"DK-0635","German layout QA at 100 % and 200 % text on all DE-marked frames","Localisation & content","DK-0629","ARB strings: Scanner","Localisation & content","finish-to-start (blocked by)"
"DK-0635","German layout QA at 100 % and 200 % text on all DE-marked frames","Localisation & content","DK-0630","ARB strings: Tool shell and tools","Localisation & content","finish-to-start (blocked by)"
"DK-0635","German layout QA at 100 % and 200 % text on all DE-marked frames","Localisation & content","DK-0631","ARB strings: AI","Localisation & content","finish-to-start (blocked by)"
"DK-0635","German layout QA at 100 % and 200 % text on all DE-marked frames","Localisation & content","DK-0632","ARB strings: Me, settings, Pro","Localisation & content","finish-to-start (blocked by)"
"DK-0635","German layout QA at 100 % and 200 % text on all DE-marked frames","Localisation & content","DK-0633","ARB strings: System and errors","Localisation & content","finish-to-start (blocked by)"
"DK-0636","In-app language switch (System · English · Deutsch) without restart","Localisation & content","DK-0009","Set up flutter_localizations, intl and ARB files for EN and DE","Platform & architecture","finish-to-start (blocked by)"
"DK-0637","Accessibility: screen-reader labels","QA & accessibility","DK-0024","Create the DkTokens ThemeExtension (Sogda DpTokens architecture) with light and dark sets","Design system & components","finish-to-start (blocked by)"
"DK-0637","Accessibility: screen-reader labels","QA & accessibility","DK-0229","Build the app shell: 4 tabs + raised centre Scan button","Platform & architecture","finish-to-start (blocked by)"
"DK-0638","Accessibility: streaming ai text","QA & accessibility","DK-0024","Create the DkTokens ThemeExtension (Sogda DpTokens architecture) with light and dark sets","Design system & components","finish-to-start (blocked by)"
"DK-0638","Accessibility: streaming ai text","QA & accessibility","DK-0210","Build DkChatBubble with all variants and states","Design system & components","finish-to-start (blocked by)"
"DK-0638","Accessibility: streaming ai text","QA & accessibility","DK-0549","doc_summarizer: map-reduce summary with page references, EN/DE prompts, cancel/resume","AI","finish-to-start (blocked by)"
"DK-0639","Accessibility: never colour alone","QA & accessibility","DK-0024","Create the DkTokens ThemeExtension (Sogda DpTokens architecture) with light and dark sets","Design system & components","finish-to-start (blocked by)"
"DK-0639","Accessibility: never colour alone","QA & accessibility","DK-0218","Build DkDiffRow with all variants and states","Design system & components","finish-to-start (blocked by)"
"DK-0639","Accessibility: never colour alone","QA & accessibility","DK-0220","Build DkDetectionGroup with all variants and states","Design system & components","finish-to-start (blocked by)"
"DK-0639","Accessibility: never colour alone","QA & accessibility","DK-0102","Build DkProBadge with all variants and states","Design system & components","finish-to-start (blocked by)"
"DK-0640","Accessibility: text size 200 %","QA & accessibility","DK-0024","Create the DkTokens ThemeExtension (Sogda DpTokens architecture) with light and dark sets","Design system & components","finish-to-start (blocked by)"
"DK-0640","Accessibility: text size 200 %","QA & accessibility","DK-0036","Implement the 11 typography tokens with system fonts (SF Pro / Roboto)","Design system & components","finish-to-start (blocked by)"
"DK-0641","Accessibility: touch targets","QA & accessibility","DK-0024","Create the DkTokens ThemeExtension (Sogda DpTokens architecture) with light and dark sets","Design system & components","finish-to-start (blocked by)"
"DK-0642","Accessibility: focus rings","QA & accessibility","DK-0024","Create the DkTokens ThemeExtension (Sogda DpTokens architecture) with light and dark sets","Design system & components","finish-to-start (blocked by)"
"DK-0643","Accessibility: reduce motion","QA & accessibility","DK-0024","Create the DkTokens ThemeExtension (Sogda DpTokens architecture) with light and dark sets","Design system & components","finish-to-start (blocked by)"
"DK-0643","Accessibility: reduce motion","QA & accessibility","DK-0039","Implement motion tokens, reduce-motion handling and the haptics service","Design system & components","finish-to-start (blocked by)"
"DK-0644","Accessibility: scanner guidance","QA & accessibility","DK-0024","Create the DkTokens ThemeExtension (Sogda DpTokens architecture) with light and dark sets","Design system & components","finish-to-start (blocked by)"
"DK-0644","Accessibility: scanner guidance","QA & accessibility","DK-0343","S1 camera UI: top bar, hint pill, viewfinder quad, mode switcher, bottom row","Scanner","finish-to-start (blocked by)"
"DK-0645","Accessibility: progress announcements","QA & accessibility","DK-0024","Create the DkTokens ThemeExtension (Sogda DpTokens architecture) with light and dark sets","Design system & components","finish-to-start (blocked by)"
"DK-0645","Accessibility: progress announcements","QA & accessibility","DK-0375","X2 progress: none < 2 s, button loading 2–10 s, progress sheet > 10 s","Tools & tool shell","finish-to-start (blocked by)"
"DK-0646","Accessibility: contrast in all themes","QA & accessibility","DK-0024","Create the DkTokens ThemeExtension (Sogda DpTokens architecture) with light and dark sets","Design system & components","finish-to-start (blocked by)"
"DK-0647","Accessibility: errors next to fields","QA & accessibility","DK-0024","Create the DkTokens ThemeExtension (Sogda DpTokens architecture) with light and dark sets","Design system & components","finish-to-start (blocked by)"
"DK-0647","Accessibility: errors next to fields","QA & accessibility","DK-0120","Build DkTextField with all variants and states","Design system & components","finish-to-start (blocked by)"
"DK-0648","Full accessibility audit before release (both platforms)","QA & accessibility","DK-0665","Test suite: Integration tests for prototype flows","QA & accessibility","finish-to-start (blocked by)"
"DK-0648","Full accessibility audit before release (both platforms)","QA & accessibility","DK-0637","Accessibility: screen-reader labels","QA & accessibility","finish-to-start (blocked by)"
"DK-0648","Full accessibility audit before release (both platforms)","QA & accessibility","DK-0638","Accessibility: streaming ai text","QA & accessibility","finish-to-start (blocked by)"
"DK-0648","Full accessibility audit before release (both platforms)","QA & accessibility","DK-0639","Accessibility: never colour alone","QA & accessibility","finish-to-start (blocked by)"
"DK-0648","Full accessibility audit before release (both platforms)","QA & accessibility","DK-0640","Accessibility: text size 200 %","QA & accessibility","finish-to-start (blocked by)"
"DK-0648","Full accessibility audit before release (both platforms)","QA & accessibility","DK-0641","Accessibility: touch targets","QA & accessibility","finish-to-start (blocked by)"
"DK-0648","Full accessibility audit before release (both platforms)","QA & accessibility","DK-0642","Accessibility: focus rings","QA & accessibility","finish-to-start (blocked by)"
"DK-0648","Full accessibility audit before release (both platforms)","QA & accessibility","DK-0643","Accessibility: reduce motion","QA & accessibility","finish-to-start (blocked by)"
"DK-0648","Full accessibility audit before release (both platforms)","QA & accessibility","DK-0644","Accessibility: scanner guidance","QA & accessibility","finish-to-start (blocked by)"
"DK-0648","Full accessibility audit before release (both platforms)","QA & accessibility","DK-0645","Accessibility: progress announcements","QA & accessibility","finish-to-start (blocked by)"
"DK-0648","Full accessibility audit before release (both platforms)","QA & accessibility","DK-0646","Accessibility: contrast in all themes","QA & accessibility","finish-to-start (blocked by)"
"DK-0648","Full accessibility audit before release (both platforms)","QA & accessibility","DK-0647","Accessibility: errors next to fields","QA & accessibility","finish-to-start (blocked by)"
"DK-0649","Tablet layout: H1 Home","Tablet & layout","DK-0232","Tablet (≥ 840 dp): replace tab bar with DkNavRail","Platform & architecture","finish-to-start (blocked by)"
"DK-0649","Tablet layout: H1 Home","Tablet & layout","DK-0242","Build H1 Home layout (regions 1–10)","Home, Files & security","finish-to-start (blocked by)"
"DK-0650","Tablet layout: T1 Tools","Tablet & layout","DK-0232","Tablet (≥ 840 dp): replace tab bar with DkNavRail","Platform & architecture","finish-to-start (blocked by)"
"DK-0650","Tablet layout: T1 Tools","Tablet & layout","DK-0256","Build T1 Tools: large title, search, category chips, sectioned 4-column grid","Home, Files & security","finish-to-start (blocked by)"
"DK-0651","Tablet layout: P1 Organize","Tablet & layout","DK-0232","Tablet (≥ 840 dp): replace tab bar with DkNavRail","Platform & architecture","finish-to-start (blocked by)"
"DK-0651","Tablet layout: P1 Organize","Tablet & layout","DK-0329","P1 Organize pages screen: top bar, sub-bar, page grid, FAB, selection bar","Viewer & editor","finish-to-start (blocked by)"
"DK-0652","Tablet layout: S1 Scanner landscape","Tablet & layout","DK-0232","Tablet (≥ 840 dp): replace tab bar with DkNavRail","Platform & architecture","finish-to-start (blocked by)"
"DK-0652","Tablet layout: S1 Scanner landscape","Tablet & layout","DK-0343","S1 camera UI: top bar, hint pill, viewfinder quad, mode switcher, bottom row","Scanner","finish-to-start (blocked by)"
"DK-0653","Tablet layout: Compare","Tablet & layout","DK-0232","Tablet (≥ 840 dp): replace tab bar with DkNavRail","Platform & architecture","finish-to-start (blocked by)"
"DK-0653","Tablet layout: Compare","Tablet & layout","DK-0529","Compare engine: text diff per page (Myers / diff_match_patch) + visual diff (OpenCV absdiff)","Tools & tool shell","finish-to-start (blocked by)"
"DK-0654","Tablet layout: X3 Paywall","Tablet & layout","DK-0232","Tablet (≥ 840 dp): replace tab bar with DkNavRail","Platform & architecture","finish-to-start (blocked by)"
"DK-0654","Tablet layout: X3 Paywall","Tablet & layout","DK-0580","X3 paywall sheet: close, ILL-18, headline, context line, 5 benefits, reassurance, price button, footer","Me, Pro & system surfaces","finish-to-start (blocked by)"
"DK-0655","Tablet layout: Sheets","Tablet & layout","DK-0232","Tablet (≥ 840 dp): replace tab bar with DkNavRail","Platform & architecture","finish-to-start (blocked by)"
"DK-0655","Tablet layout: Sheets","Tablet & layout","DK-0182","Build DkSheet with all variants and states","Design system & components","finish-to-start (blocked by)"
"DK-0656","Phone orientation locks: portrait except Viewer, Signature pad (landscape-only), Compare, Translate side-by-side, Scanner","Tablet & layout","DK-0004","Implement go_router with StatefulShellRoute.indexedStack for the four tabs","Platform & architecture","finish-to-start (blocked by)"
"DK-0657","Breakpoint system (compact/medium/expanded) and safe-area/thumb-zone rules","Tablet & layout","DK-0024","Create the DkTokens ThemeExtension (Sogda DpTokens architecture) with light and dark sets","Design system & components","finish-to-start (blocked by)"
"DK-0658","Test suite: Golden PDF corpus","QA & accessibility","DK-0010","Set up CI: analyze, unit/widget/golden tests, native builds, licence scan, privacy network check","Platform & architecture","finish-to-start (blocked by)"
"DK-0658","Test suite: Golden PDF corpus","QA & accessibility","DK-0023","Create the fictional sample-document set for demos, tests and store screenshots","Platform & architecture","finish-to-start (blocked by)"
"DK-0659","Test suite: PDF/A validation","QA & accessibility","DK-0010","Set up CI: analyze, unit/widget/golden tests, native builds, licence scan, privacy network check","Platform & architecture","finish-to-start (blocked by)"
"DK-0659","Test suite: PDF/A validation","QA & accessibility","DK-0395","Build `pdfa_writer`: PDF/A-2b writer (2 wk)","PDF engine & native","finish-to-start (blocked by)"
"DK-0660","Test suite: Compression quality","QA & accessibility","DK-0010","Set up CI: analyze, unit/widget/golden tests, native builds, licence scan, privacy network check","Platform & architecture","finish-to-start (blocked by)"
"DK-0660","Test suite: Compression quality","QA & accessibility","DK-0392","Build `pdf_compress`: Compression pipeline (1.5 wk)","PDF engine & native","finish-to-start (blocked by)"
"DK-0661","Test suite: OCR accuracy","QA & accessibility","DK-0010","Set up CI: analyze, unit/widget/golden tests, native builds, licence scan, privacy network check","Platform & architecture","finish-to-start (blocked by)"
"DK-0661","Test suite: OCR accuracy","QA & accessibility","DK-0023","Create the fictional sample-document set for demos, tests and store screenshots","Platform & architecture","finish-to-start (blocked by)"
"DK-0661","Test suite: OCR accuracy","QA & accessibility","DK-0400","OCR facade: Apple Vision on iOS, PP-OCRv5 on Android/fallback; language handling","PDF engine & native","finish-to-start (blocked by)"
"DK-0662","Test suite: Scanner detection","QA & accessibility","DK-0010","Set up CI: analyze, unit/widget/golden tests, native builds, licence scan, privacy network check","Platform & architecture","finish-to-start (blocked by)"
"DK-0662","Test suite: Scanner detection","QA & accessibility","DK-0023","Create the fictional sample-document set for demos, tests and store screenshots","Platform & architecture","finish-to-start (blocked by)"
"DK-0662","Test suite: Scanner detection","QA & accessibility","DK-0336","iOS scanner engine with VisionKit / Vision (VNDetectDocumentSegmentationRequest on our own camera view)","Scanner","finish-to-start (blocked by)"
"DK-0662","Test suite: Scanner detection","QA & accessibility","DK-0337","Android doc_scanner: CameraX + OpenCV pipeline (Canny, morphology, findContours, approxPolyDP, scoring)","Scanner","finish-to-start (blocked by)"
"DK-0663","Test suite: Performance benchmarks","QA & accessibility","DK-0010","Set up CI: analyze, unit/widget/golden tests, native builds, licence scan, privacy network check","Platform & architecture","finish-to-start (blocked by)"
"DK-0663","Test suite: Performance benchmarks","QA & accessibility","DK-0402","Merge PDF: implement the merge ToolJob (engine)","PDF engine & native","finish-to-start (blocked by)"
"DK-0663","Test suite: Performance benchmarks","QA & accessibility","DK-0462","Compress PDF: implement the compress ToolJob (engine)","PDF engine & native","finish-to-start (blocked by)"
"DK-0663","Test suite: Performance benchmarks","QA & accessibility","DK-0474","Make text searchable: implement the ocr ToolJob (engine)","PDF engine & native","finish-to-start (blocked by)"
"DK-0663","Test suite: Performance benchmarks","QA & accessibility","DK-0343","S1 camera UI: top bar, hint pill, viewfinder quad, mode switcher, bottom row","Scanner","finish-to-start (blocked by)"
"DK-0663","Test suite: Performance benchmarks","QA & accessibility","DK-0293","Viewer core with pdfrx PdfViewer: continuous scroll, pinch zoom, double-tap fit width, progressive render","Viewer & editor","finish-to-start (blocked by)"
"DK-0663","Test suite: Performance benchmarks","QA & accessibility","DK-0668","Device lab: low-end Android (3 GB), mid Android (6–8 GB), older iPhone (11), recent iPhone; tablets","QA & accessibility","finish-to-start (blocked by)"
"DK-0664","Test suite: Privacy network check","QA & accessibility","DK-0010","Set up CI: analyze, unit/widget/golden tests, native builds, licence scan, privacy network check","Platform & architecture","finish-to-start (blocked by)"
"DK-0664","Test suite: Privacy network check","QA & accessibility","DK-0012","Enforce ""no network traffic during any tool run"" and document allowed network uses","Platform & architecture","finish-to-start (blocked by)"
"DK-0664","Test suite: Privacy network check","QA & accessibility","DK-0008","Define the ToolJob interface, job queue and progress model in doc_tools","Platform & architecture","finish-to-start (blocked by)"
"DK-0665","Test suite: Integration tests for prototype flows","QA & accessibility","DK-0010","Set up CI: analyze, unit/widget/golden tests, native builds, licence scan, privacy network check","Platform & architecture","finish-to-start (blocked by)"
"DK-0665","Test suite: Integration tests for prototype flows","QA & accessibility","DK-0238","Build the onboarding pager (/welcome) shown once, skippable","Home, Files & security","finish-to-start (blocked by)"
"DK-0665","Test suite: Integration tests for prototype flows","QA & accessibility","DK-0352","S2 Review: top bar, large preview, edit row, context area, page tray","Scanner","finish-to-start (blocked by)"
"DK-0665","Test suite: Integration tests for prototype flows","QA & accessibility","DK-0359","Save sheet: name, format, page size, quality, folder, Make text searchable","Scanner","finish-to-start (blocked by)"
"DK-0665","Test suite: Integration tests for prototype flows","QA & accessibility","DK-0463","Compress PDF: T2 options UI","Tools & tool shell","finish-to-start (blocked by)"
"DK-0665","Test suite: Integration tests for prototype flows","QA & accessibility","DK-0387","X1 tool picker (share sheet / viewer Tools)","Tools & tool shell","finish-to-start (blocked by)"
"DK-0665","Test suite: Integration tests for prototype flows","QA & accessibility","DK-0235","Receive files from the share sheet / ""Open with"" (receive_sharing_intent 1.9.0)","Platform & architecture","finish-to-start (blocked by)"
"DK-0665","Test suite: Integration tests for prototype flows","QA & accessibility","DK-0499","Add password: T2 options UI","Tools & tool shell","finish-to-start (blocked by)"
"DK-0665","Test suite: Integration tests for prototype flows","QA & accessibility","DK-0403","Merge PDF: T2 options UI","Tools & tool shell","finish-to-start (blocked by)"
"DK-0665","Test suite: Integration tests for prototype flows","QA & accessibility","DK-0375","X2 progress: none < 2 s, button loading 2–10 s, progress sheet > 10 s","Tools & tool shell","finish-to-start (blocked by)"
"DK-0665","Test suite: Integration tests for prototype flows","QA & accessibility","DK-0587","Local notifications service (iOS + Android channels) with deep links","Me, Pro & system surfaces","finish-to-start (blocked by)"
"DK-0665","Test suite: Integration tests for prototype flows","QA & accessibility","DK-0379","Generic T3 result: result card, preview strip, name, save location, Next chips, action bar","Tools & tool shell","finish-to-start (blocked by)"
"DK-0665","Test suite: Integration tests for prototype flows","QA & accessibility","DK-0293","Viewer core with pdfrx PdfViewer: continuous scroll, pinch zoom, double-tap fit width, progressive render","Viewer & editor","finish-to-start (blocked by)"
"DK-0665","Test suite: Integration tests for prototype flows","QA & accessibility","DK-0559","A1 AI panel: sheet over V1 (medium → large), Summary · Ask · Translate tabs, footer","AI","finish-to-start (blocked by)"
"DK-0665","Test suite: Integration tests for prototype flows","QA & accessibility","DK-0550","doc_rag: BM25 retrieval with German compound splitting, citations, ""not found"" behaviour","AI","finish-to-start (blocked by)"
"DK-0665","Test suite: Integration tests for prototype flows","QA & accessibility","DK-0580","X3 paywall sheet: close, ILL-18, headline, context line, 5 benefits, reassurance, price button, footer","Me, Pro & system surfaces","finish-to-start (blocked by)"
"DK-0665","Test suite: Integration tests for prototype flows","QA & accessibility","DK-0374","Pro gating in T2: header badge, free-try caption, paywall before run on second use","Tools & tool shell","finish-to-start (blocked by)"
"DK-0665","Test suite: Integration tests for prototype flows","QA & accessibility","DK-0260","Build F1 Files root: top bar actions, search, special rows, folders, files","Home, Files & security","finish-to-start (blocked by)"
"DK-0665","Test suite: Integration tests for prototype flows","QA & accessibility","DK-0282","Encrypt locked files at rest with AES-256-GCM; keys in Keychain/Keystore released by biometrics/PIN","Home, Files & security","finish-to-start (blocked by)"
"DK-0665","Test suite: Integration tests for prototype flows","QA & accessibility","DK-0222","Implement the selection mode pattern as a reusable behaviour","Design system & components","finish-to-start (blocked by)"
"DK-0665","Test suite: Integration tests for prototype flows","QA & accessibility","DK-0233","Global overlay host: mini job bar and toast queue above any screen","Platform & architecture","finish-to-start (blocked by)"
"DK-0665","Test suite: Integration tests for prototype flows","QA & accessibility","DK-0524","Black out: implement the ""Apply confirm"" state","Tools & tool shell","finish-to-start (blocked by)"
"DK-0666","Test suite: Widget golden suite","QA & accessibility","DK-0010","Set up CI: analyze, unit/widget/golden tests, native builds, licence scan, privacy network check","Platform & architecture","finish-to-start (blocked by)"
"DK-0666","Test suite: Widget golden suite","QA & accessibility","DK-0047","Theme switching: Light, Dark, System (default), and dark-mode rules","Design system & components","finish-to-start (blocked by)"
"DK-0666","Test suite: Widget golden suite","QA & accessibility","DK-0009","Set up flutter_localizations, intl and ARB files for EN and DE","Platform & architecture","finish-to-start (blocked by)"
"DK-0667","Test suite: Large file robustness","QA & accessibility","DK-0010","Set up CI: analyze, unit/widget/golden tests, native builds, licence scan, privacy network check","Platform & architecture","finish-to-start (blocked by)"
"DK-0667","Test suite: Large file robustness","QA & accessibility","DK-0668","Device lab: low-end Android (3 GB), mid Android (6–8 GB), older iPhone (11), recent iPhone; tablets","QA & accessibility","finish-to-start (blocked by)"
"DK-0667","Test suite: Large file robustness","QA & accessibility","DK-0658","Test suite: Golden PDF corpus","QA & accessibility","finish-to-start (blocked by)"
"DK-0669","Usability test of Home, Scanner and the tool shell with 5 users before building further","QA & accessibility","DK-1012","Design: Clickable prototype of the 6 flows with signature motions","Design","finish-to-start (blocked by)"
"DK-0670","Release regression checklist per phase build","QA & accessibility","DK-0668","Device lab: low-end Android (3 GB), mid Android (6–8 GB), older iPhone (11), recent iPhone; tablets","QA & accessibility","finish-to-start (blocked by)"
"DK-0670","Release regression checklist per phase build","QA & accessibility","DK-0015","Build flavors (dev / staging / prod), bundle IDs, code signing and release configuration","Platform & architecture","finish-to-start (blocked by)"
"DK-0671","Audit every screen against the 10 UX principles","QA & accessibility","DK-0665","Test suite: Integration tests for prototype flows","QA & accessibility","finish-to-start (blocked by)"
"DK-0673","Compliance: In-app licence screen generation","Compliance & legal","DK-0672","Compliance: Licence register","Compliance & legal","finish-to-start (blocked by)"
"DK-0679","Compliance: Privacy policy & store labels","Compliance & legal","DK-0700","Decision: Ads","Product & decisions","finish-to-start (blocked by)"
"DK-0679","Compliance: Privacy policy & store labels","Compliance & legal","DK-0011","Add opt-in crash reporting without any document content","Platform & architecture","finish-to-start (blocked by)"
"DK-0679","Compliance: Privacy policy & store labels","Compliance & legal","DK-0012","Enforce ""no network traffic during any tool run"" and document allowed network uses","Platform & architecture","finish-to-start (blocked by)"
"DK-0682","Compliance: iOS privacy manifest (PrivacyInfo.xcprivacy) and third-party SDK manifests","Compliance & legal","DK-0015","Build flavors (dev / staging / prod), bundle IDs, code signing and release configuration","Platform & architecture","finish-to-start (blocked by)"
"DK-0684","Store screenshot 1: ""All your PDF tools. Nothing uploaded.""","Store & launch","DK-0242","Build H1 Home layout (regions 1–10)","Home, Files & security","finish-to-start (blocked by)"
"DK-0684","Store screenshot 1: ""All your PDF tools. Nothing uploaded.""","Store & launch","DK-0244","Pinned tools: default 8, persisted order, tap → T2, long-press menu","Home, Files & security","finish-to-start (blocked by)"
"DK-0684","Store screenshot 1: ""All your PDF tools. Nothing uploaded.""","Store & launch","DK-0023","Create the fictional sample-document set for demos, tests and store screenshots","Platform & architecture","finish-to-start (blocked by)"
"DK-0684","Store screenshot 1: ""All your PDF tools. Nothing uploaded.""","Store & launch","DK-1013","Design: Production assets: app icons, notification icon, widgets, store screenshots, feature graphic","Design","finish-to-start (blocked by)"
"DK-0684","Store screenshot 1: ""All your PDF tools. Nothing uploaded.""","Store & launch","DK-0047","Theme switching: Light, Dark, System (default), and dark-mode rules","Design system & components","finish-to-start (blocked by)"
"DK-0684","Store screenshot 1: ""All your PDF tools. Nothing uploaded.""","Store & launch","DK-0009","Set up flutter_localizations, intl and ARB files for EN and DE","Platform & architecture","finish-to-start (blocked by)"
"DK-0685","Store screenshot 2: ""Scan anything in seconds""","Store & launch","DK-0343","S1 camera UI: top bar, hint pill, viewfinder quad, mode switcher, bottom row","Scanner","finish-to-start (blocked by)"
"DK-0685","Store screenshot 2: ""Scan anything in seconds""","Store & launch","DK-0023","Create the fictional sample-document set for demos, tests and store screenshots","Platform & architecture","finish-to-start (blocked by)"
"DK-0685","Store screenshot 2: ""Scan anything in seconds""","Store & launch","DK-1013","Design: Production assets: app icons, notification icon, widgets, store screenshots, feature graphic","Design","finish-to-start (blocked by)"
"DK-0685","Store screenshot 2: ""Scan anything in seconds""","Store & launch","DK-0047","Theme switching: Light, Dark, System (default), and dark-mode rules","Design system & components","finish-to-start (blocked by)"
"DK-0685","Store screenshot 2: ""Scan anything in seconds""","Store & launch","DK-0009","Set up flutter_localizations, intl and ARB files for EN and DE","Platform & architecture","finish-to-start (blocked by)"
"DK-0686","Store screenshot 3: ""Under 2 MB for any upload portal""","Store & launch","DK-0464","Compress PDF: T3 result card, naming and Next chips","Tools & tool shell","finish-to-start (blocked by)"
"DK-0686","Store screenshot 3: ""Under 2 MB for any upload portal""","Store & launch","DK-0023","Create the fictional sample-document set for demos, tests and store screenshots","Platform & architecture","finish-to-start (blocked by)"
"DK-0686","Store screenshot 3: ""Under 2 MB for any upload portal""","Store & launch","DK-1013","Design: Production assets: app icons, notification icon, widgets, store screenshots, feature graphic","Design","finish-to-start (blocked by)"
"DK-0686","Store screenshot 3: ""Under 2 MB for any upload portal""","Store & launch","DK-0047","Theme switching: Light, Dark, System (default), and dark-mode rules","Design system & components","finish-to-start (blocked by)"
"DK-0686","Store screenshot 3: ""Under 2 MB for any upload portal""","Store & launch","DK-0009","Set up flutter_localizations, intl and ARB files for EN and DE","Platform & architecture","finish-to-start (blocked by)"
"DK-0687","Store screenshot 4: ""Black out what others shouldn't see""","Store & launch","DK-0523","Black out: implement the ""Review"" state","Tools & tool shell","finish-to-start (blocked by)"
"DK-0687","Store screenshot 4: ""Black out what others shouldn't see""","Store & launch","DK-0023","Create the fictional sample-document set for demos, tests and store screenshots","Platform & architecture","finish-to-start (blocked by)"
"DK-0687","Store screenshot 4: ""Black out what others shouldn't see""","Store & launch","DK-1013","Design: Production assets: app icons, notification icon, widgets, store screenshots, feature graphic","Design","finish-to-start (blocked by)"
"DK-0687","Store screenshot 4: ""Black out what others shouldn't see""","Store & launch","DK-0047","Theme switching: Light, Dark, System (default), and dark-mode rules","Design system & components","finish-to-start (blocked by)"
"DK-0687","Store screenshot 4: ""Black out what others shouldn't see""","Store & launch","DK-0009","Set up flutter_localizations, intl and ARB files for EN and DE","Platform & architecture","finish-to-start (blocked by)"
"DK-0688","Store screenshot 5: ""Sign without printing""","Store & launch","DK-0328","Signature placement: centred stamp, drag/resize, date stamp, ""Sign here"" pills","Viewer & editor","finish-to-start (blocked by)"
"DK-0688","Store screenshot 5: ""Sign without printing""","Store & launch","DK-0023","Create the fictional sample-document set for demos, tests and store screenshots","Platform & architecture","finish-to-start (blocked by)"
"DK-0688","Store screenshot 5: ""Sign without printing""","Store & launch","DK-1013","Design: Production assets: app icons, notification icon, widgets, store screenshots, feature graphic","Design","finish-to-start (blocked by)"
"DK-0688","Store screenshot 5: ""Sign without printing""","Store & launch","DK-0047","Theme switching: Light, Dark, System (default), and dark-mode rules","Design system & components","finish-to-start (blocked by)"
"DK-0688","Store screenshot 5: ""Sign without printing""","Store & launch","DK-0009","Set up flutter_localizations, intl and ARB files for EN and DE","Platform & architecture","finish-to-start (blocked by)"
"DK-0689","Store screenshot 6: ""Summarize and translate – offline""","Store & launch","DK-0561","A1 AI panel: implement the ""Summary output"" state","AI","finish-to-start (blocked by)"
"DK-0689","Store screenshot 6: ""Summarize and translate – offline""","Store & launch","DK-0023","Create the fictional sample-document set for demos, tests and store screenshots","Platform & architecture","finish-to-start (blocked by)"
"DK-0689","Store screenshot 6: ""Summarize and translate – offline""","Store & launch","DK-1013","Design: Production assets: app icons, notification icon, widgets, store screenshots, feature graphic","Design","finish-to-start (blocked by)"
"DK-0689","Store screenshot 6: ""Summarize and translate – offline""","Store & launch","DK-0047","Theme switching: Light, Dark, System (default), and dark-mode rules","Design system & components","finish-to-start (blocked by)"
"DK-0689","Store screenshot 6: ""Summarize and translate – offline""","Store & launch","DK-0009","Set up flutter_localizations, intl and ARB files for EN and DE","Platform & architecture","finish-to-start (blocked by)"
"DK-0690","Store screenshot 7: ""No watermark. No subscription.""","Store & launch","DK-0256","Build T1 Tools: large title, search, category chips, sectioned 4-column grid","Home, Files & security","finish-to-start (blocked by)"
"DK-0690","Store screenshot 7: ""No watermark. No subscription.""","Store & launch","DK-0023","Create the fictional sample-document set for demos, tests and store screenshots","Platform & architecture","finish-to-start (blocked by)"
"DK-0690","Store screenshot 7: ""No watermark. No subscription.""","Store & launch","DK-1013","Design: Production assets: app icons, notification icon, widgets, store screenshots, feature graphic","Design","finish-to-start (blocked by)"
"DK-0690","Store screenshot 7: ""No watermark. No subscription.""","Store & launch","DK-0047","Theme switching: Light, Dark, System (default), and dark-mode rules","Design system & components","finish-to-start (blocked by)"
"DK-0690","Store screenshot 7: ""No watermark. No subscription.""","Store & launch","DK-0009","Set up flutter_localizations, intl and ARB files for EN and DE","Platform & architecture","finish-to-start (blocked by)"
"DK-0691","Launch: Feature graphic","Store & launch","DK-0070","Integrate the Dokulo symbol, wordmark and lockups (monochrome, minimum sizes, clear space)","Design system & components","finish-to-start (blocked by)"
"DK-0691","Launch: Feature graphic","Store & launch","DK-1013","Design: Production assets: app icons, notification icon, widgets, store screenshots, feature graphic","Design","finish-to-start (blocked by)"
"DK-0692","Launch: Preview video (optional)","Store & launch","DK-1013","Design: Production assets: app icons, notification icon, widgets, store screenshots, feature graphic","Design","finish-to-start (blocked by)"
"DK-0693","Launch: Store listings EN/DE","Store & launch","DK-0698","Decision: App name","Product & decisions","finish-to-start (blocked by)"
"DK-0693","Launch: Store listings EN/DE","Store & launch","DK-0699","Decision: Free/Pro split and price","Product & decisions","finish-to-start (blocked by)"
"DK-0693","Launch: Store listings EN/DE","Store & launch","DK-0684","Store screenshot 1: ""All your PDF tools. Nothing uploaded.""","Store & launch","finish-to-start (blocked by)"
"DK-0693","Launch: Store listings EN/DE","Store & launch","DK-0685","Store screenshot 2: ""Scan anything in seconds""","Store & launch","finish-to-start (blocked by)"
"DK-0693","Launch: Store listings EN/DE","Store & launch","DK-0686","Store screenshot 3: ""Under 2 MB for any upload portal""","Store & launch","finish-to-start (blocked by)"
"DK-0693","Launch: Store listings EN/DE","Store & launch","DK-0687","Store screenshot 4: ""Black out what others shouldn't see""","Store & launch","finish-to-start (blocked by)"
"DK-0693","Launch: Store listings EN/DE","Store & launch","DK-0688","Store screenshot 5: ""Sign without printing""","Store & launch","finish-to-start (blocked by)"
"DK-0693","Launch: Store listings EN/DE","Store & launch","DK-0689","Store screenshot 6: ""Summarize and translate – offline""","Store & launch","finish-to-start (blocked by)"
"DK-0693","Launch: Store listings EN/DE","Store & launch","DK-0690","Store screenshot 7: ""No watermark. No subscription.""","Store & launch","finish-to-start (blocked by)"
"DK-0694","Launch: Closed testing","Store & launch","DK-0670","Release regression checklist per phase build","QA & accessibility","finish-to-start (blocked by)"
"DK-0694","Launch: Closed testing","Store & launch","DK-0665","Test suite: Integration tests for prototype flows","QA & accessibility","finish-to-start (blocked by)"
"DK-0694","Launch: Closed testing","Store & launch","DK-0015","Build flavors (dev / staging / prod), bundle IDs, code signing and release configuration","Platform & architecture","finish-to-start (blocked by)"
"DK-0695","Launch: Release","Store & launch","DK-0694","Launch: Closed testing","Store & launch","finish-to-start (blocked by)"
"DK-0695","Launch: Release","Store & launch","DK-0693","Launch: Store listings EN/DE","Store & launch","finish-to-start (blocked by)"
"DK-0695","Launch: Release","Store & launch","DK-0679","Compliance: Privacy policy & store labels","Compliance & legal","finish-to-start (blocked by)"
"DK-0695","Launch: Release","Store & launch","DK-0673","Compliance: In-app licence screen generation","Compliance & legal","finish-to-start (blocked by)"
"DK-0695","Launch: Release","Store & launch","DK-0674","Compliance: Gemma licence confirmation","Compliance & legal","finish-to-start (blocked by)"
"DK-0695","Launch: Release","Store & launch","DK-0676","Compliance: Exclude Hy-MT","Compliance & legal","finish-to-start (blocked by)"
"DK-0695","Launch: Release","Store & launch","DK-0682","Compliance: iOS privacy manifest (PrivacyInfo.xcprivacy) and third-party SDK manifests","Compliance & legal","finish-to-start (blocked by)"
"DK-0695","Launch: Release","Store & launch","DK-0648","Full accessibility audit before release (both platforms)","QA & accessibility","finish-to-start (blocked by)"
"DK-0695","Launch: Release","Store & launch","DK-0635","German layout QA at 100 % and 200 % text on all DE-marked frames","Localisation & content","finish-to-start (blocked by)"
"DK-0695","Launch: Release","Store & launch","DK-0071","Produce and integrate app icons for iOS (light/dark/tinted) and Android (adaptive + themed)","Design system & components","finish-to-start (blocked by)"
"DK-0695","Launch: Release","Store & launch","DK-0579","One-time Pro unlock with in_app_purchase (StoreKit 2 / Play Billing), entitlement cache, restore, Family Sharing","Me, Pro & system surfaces","finish-to-start (blocked by)"
"DK-0695","Launch: Release","Store & launch","DK-0580","X3 paywall sheet: close, ILL-18, headline, context line, 5 benefits, reassurance, price button, footer","Me, Pro & system surfaces","finish-to-start (blocked by)"
"DK-0695","Launch: Release","Store & launch","DK-0586","Verify Pro gating on every Pro feature (first free try, paywall before work, auto-run after purchase)","Me, Pro & system surfaces","finish-to-start (blocked by)"
"DK-0695","Launch: Release","Store & launch","DK-0663","Test suite: Performance benchmarks","QA & accessibility","finish-to-start (blocked by)"
"DK-0695","Launch: Release","Store & launch","DK-0664","Test suite: Privacy network check","QA & accessibility","finish-to-start (blocked by)"
"DK-0695","Launch: Release","Store & launch","DK-0528","Redaction security test suite (release blocker)","Tools & tool shell","finish-to-start (blocked by)"
"DK-0695","Launch: Release","Store & launch","DK-0017","App size budget: keep the base app small; everything optional is a download","Platform & architecture","finish-to-start (blocked by)"
"DK-0695","Launch: Release","Store & launch","DK-0018","Verify 16 KB page-size alignment for every native library (Android)","Platform & architecture","finish-to-start (blocked by)"
"DK-0695","Launch: Release","Store & launch","DK-0011","Add opt-in crash reporting without any document content","Platform & architecture","finish-to-start (blocked by)"
"DK-0695","Launch: Release","Store & launch","DK-0671","Audit every screen against the 10 UX principles","QA & accessibility","finish-to-start (blocked by)"
"DK-0695","Launch: Release","Store & launch","DK-0016","Declare platform capabilities: iOS Info.plist usage strings (EN/DE), document types; Android manifest permissions and intent filters","Platform & architecture","finish-to-start (blocked by)"
"DK-0695","Launch: Release","Store & launch","DK-0667","Test suite: Large file robustness","QA & accessibility","finish-to-start (blocked by)"
"DK-0695","Launch: Release","Store & launch","DK-0659","Test suite: PDF/A validation","QA & accessibility","finish-to-start (blocked by)"
"DK-0695","Launch: Release","Store & launch","DK-0666","Test suite: Widget golden suite","QA & accessibility","finish-to-start (blocked by)"
"DK-0696","Launch: Launch channels","Store & launch","DK-0695","Launch: Release","Store & launch","finish-to-start (blocked by)"
"DK-0696","Launch: Launch channels","Store & launch","DK-0693","Launch: Store listings EN/DE","Store & launch","finish-to-start (blocked by)"
"DK-0697","Launch: Additional listing languages","Store & launch","DK-0695","Launch: Release","Store & launch","finish-to-start (blocked by)"
"DK-0710","Visual QA: onboarding-launch (Launch)","QA & accessibility","DK-0073","Native splash/launch screens matching the in-app launch screen","Design system & components","finish-to-start (blocked by)"
"DK-0711","Visual QA: onboarding-o1 (no uploads)","QA & accessibility","DK-0238","Build the onboarding pager (/welcome) shown once, skippable","Home, Files & security","finish-to-start (blocked by)"
"DK-0711","Visual QA: onboarding-o1 (no uploads)","QA & accessibility","DK-0239","O1 Onboarding: implement the ""content"" state","Home, Files & security","finish-to-start (blocked by)"
"DK-0712","Visual QA: onboarding-o2 (no watermark)","QA & accessibility","DK-0240","O2 Onboarding: implement the ""content"" state","Home, Files & security","finish-to-start (blocked by)"
"DK-0713","Visual QA: onboarding-o3 (start with)","QA & accessibility","DK-0241","O3 Onboarding: implement the ""start-with cards"" state","Home, Files & security","finish-to-start (blocked by)"
"DK-0714","Visual QA: onboarding-o1-iphone-se (no uploads · iPhone SE)","QA & accessibility","DK-0238","Build the onboarding pager (/welcome) shown once, skippable","Home, Files & security","finish-to-start (blocked by)"
"DK-0715","Visual QA: home-default (default)","QA & accessibility","DK-0229","Build the app shell: 4 tabs + raised centre Scan button","Platform & architecture","finish-to-start (blocked by)"
"DK-0715","Visual QA: home-default (default)","QA & accessibility","DK-0242","Build H1 Home layout (regions 1–10)","Home, Files & security","finish-to-start (blocked by)"
"DK-0715","Visual QA: home-default (default)","QA & accessibility","DK-0243","Recent files data: last 20 opened or created files with swipe quick actions","Home, Files & security","finish-to-start (blocked by)"
"DK-0715","Visual QA: home-default (default)","QA & accessibility","DK-0244","Pinned tools: default 8, persisted order, tap → T2, long-press menu","Home, Files & security","finish-to-start (blocked by)"
"DK-0715","Visual QA: home-default (default)","QA & accessibility","DK-0255","Quick drop: pick, paste or drag files straight into a tool","Home, Files & security","finish-to-start (blocked by)"
"DK-0716","Visual QA: home-first (first launch)","QA & accessibility","DK-0245","H1 Home: implement the ""First launch"" state","Home, Files & security","finish-to-start (blocked by)"
"DK-0717","Visual QA: home-contscan (continue (unsaved scan))","QA & accessibility","DK-0246","H1 Home: implement the ""Continue: unsaved scan"" state","Home, Files & security","finish-to-start (blocked by)"
"DK-0718","Visual QA: home-contjob (continue (job finished))","QA & accessibility","DK-0247","H1 Home: implement the ""Continue: job finished"" state","Home, Files & security","finish-to-start (blocked by)"
"DK-0719","Visual QA: home-edit (edit pinned tools)","QA & accessibility","DK-0248","H1 Home: implement the ""Edit pinned tools"" state","Home, Files & security","finish-to-start (blocked by)"
"DK-0720","Visual QA: home-addtool (add-tool sheet)","QA & accessibility","DK-0249","H1 Home: implement the ""Add-tool sheet"" state","Home, Files & security","finish-to-start (blocked by)"
"DK-0721","Visual QA: home-procard (Pro card (scrolled))","QA & accessibility","DK-0251","H1 Home: implement the ""Pro card visible"" state","Home, Files & security","finish-to-start (blocked by)"
"DK-0722","Visual QA: home-photobanner (find documents banner)","QA & accessibility","DK-0252","H1 Home: implement the ""Find documents banner"" state","Home, Files & security","finish-to-start (blocked by)"
"DK-0723","Visual QA: home-job (mini job bar)","QA & accessibility","DK-0233","Global overlay host: mini job bar and toast queue above any screen","Platform & architecture","finish-to-start (blocked by)"
"DK-0723","Visual QA: home-job (mini job bar)","QA & accessibility","DK-0250","H1 Home: implement the ""Job running"" state","Home, Files & security","finish-to-start (blocked by)"
"DK-0724","Visual QA: home-jobs3 (3 jobs running)","QA & accessibility","DK-0233","Global overlay host: mini job bar and toast queue above any screen","Platform & architecture","finish-to-start (blocked by)"
"DK-0725","Visual QA: home-tilemenu (tile long-press menu)","QA & accessibility","DK-0244","Pinned tools: default 8, persisted order, tap → T2, long-press menu","Home, Files & security","finish-to-start (blocked by)"
"DK-0726","Visual QA: home-scanmenu (Scan button long-press modes)","QA & accessibility","DK-0229","Build the app shell: 4 tabs + raised centre Scan button","Platform & architecture","finish-to-start (blocked by)"
"DK-0726","Visual QA: home-scanmenu (Scan button long-press modes)","QA & accessibility","DK-0230","Long-press on the Scan button opens the scan-mode popover","Platform & architecture","finish-to-start (blocked by)"
"DK-0727","Visual QA: home-rating (rating prompt (system))","QA & accessibility","DK-0253","H1 Home: implement the ""Rating prompt"" state","Home, Files & security","finish-to-start (blocked by)"
"DK-0728","Visual QA: tools-default (default)","QA & accessibility","DK-0049","Create the tool icon registry: one icon per tool used everywhere","Design system & components","finish-to-start (blocked by)"
"DK-0728","Visual QA: tools-default (default)","QA & accessibility","DK-0256","Build T1 Tools: large title, search, category chips, sectioned 4-column grid","Home, Files & security","finish-to-start (blocked by)"
"DK-0729","Visual QA: tools-chip (scrolled, Security selected)","QA & accessibility","DK-0256","Build T1 Tools: large title, search, category chips, sectioned 4-column grid","Home, Files & security","finish-to-start (blocked by)"
"DK-0730","Visual QA: tools-search (search results (synonym))","QA & accessibility","DK-0257","Tool search with synonyms (EN + DE) and result rows","Home, Files & security","finish-to-start (blocked by)"
"DK-0731","Visual QA: tools-searchempty (search, no result)","QA & accessibility","DK-0258","T1 Tools grid: implement the ""Search empty"" state","Home, Files & security","finish-to-start (blocked by)"
"DK-0732","Visual QA: tools-about (About this tool sheet)","QA & accessibility","DK-0259","About this tool sheet (from tile long-press and T2 overflow)","Home, Files & security","finish-to-start (blocked by)"
"DK-0733","Visual QA: files-list (root list)","QA & accessibility","DK-0228","Implement the pull to refresh pattern as a reusable behaviour","Design system & components","finish-to-start (blocked by)"
"DK-0733","Visual QA: files-list (root list)","QA & accessibility","DK-0260","Build F1 Files root: top bar actions, search, special rows, folders, files","Home, Files & security","finish-to-start (blocked by)"
"DK-0734","Visual QA: files-grid (root grid)","QA & accessibility","DK-0260","Build F1 Files root: top bar actions, search, special rows, folders, files","Home, Files & security","finish-to-start (blocked by)"
"DK-0735","Visual QA: files-folder (folder with breadcrumb)","QA & accessibility","DK-0262","Folder screen with breadcrumb and overflow (rename, colour, delete)","Home, Files & security","finish-to-start (blocked by)"
"DK-0736","Visual QA: files-select (selection mode)","QA & accessibility","DK-0222","Implement the selection mode pattern as a reusable behaviour","Design system & components","finish-to-start (blocked by)"
"DK-0736","Visual QA: files-select (selection mode)","QA & accessibility","DK-0263","Files multi-select with selection bar actions","Home, Files & security","finish-to-start (blocked by)"
"DK-0737","Visual QA: files-empty (empty root)","QA & accessibility","DK-0265","F1 Files: implement the ""Empty root"" state","Home, Files & security","finish-to-start (blocked by)"
"DK-0738","Visual QA: files-emptyfolder (empty folder)","QA & accessibility","DK-0266","F1 Files: implement the ""Empty folder"" state","Home, Files & security","finish-to-start (blocked by)"
"DK-0739","Visual QA: files-search (search results)","QA & accessibility","DK-0269","Search names + OCR text + PDF text (FTS5) with grouped results","Home, Files & security","finish-to-start (blocked by)"
"DK-0740","Visual QA: files-searchempty (search empty + OCR banner)","QA & accessibility","DK-0269","Search names + OCR text + PDF text (FTS5) with grouped results","Home, Files & security","finish-to-start (blocked by)"
"DK-0741","Visual QA: files-sort (sort menu)","QA & accessibility","DK-0261","Sort menu: date modified/name/size/date created + ascending/descending","Home, Files & security","finish-to-start (blocked by)"
"DK-0742","Visual QA: files-action (file action sheet)","QA & accessibility","DK-0271","File action sheet (medium): header, Open/Share, suggested tools, All tools…, file actions, Delete","Home, Files & security","finish-to-start (blocked by)"
"DK-0742","Visual QA: files-action (file action sheet)","QA & accessibility","DK-0276","F1 Files: implement the ""Duplicate"" state","Home, Files & security","finish-to-start (blocked by)"
"DK-0743","Visual QA: files-info (info sheet)","QA & accessibility","DK-0275","F1 Files: implement the ""Info sheet"" state","Home, Files & security","finish-to-start (blocked by)"
"DK-0743","Visual QA: files-info (info sheet)","QA & accessibility","DK-0281","Storage info: space used by files vs AI models (file info + Me → Files & storage bar chart)","Home, Files & security","finish-to-start (blocked by)"
"DK-0744","Visual QA: files-rename (rename dialog (error))","QA & accessibility","DK-0272","F1 Files: implement the ""Rename dialog"" state","Home, Files & security","finish-to-start (blocked by)"
"DK-0745","Visual QA: files-move (move sheet)","QA & accessibility","DK-0274","F1 Files: implement the ""Move sheet"" state","Home, Files & security","finish-to-start (blocked by)"
"DK-0746","Visual QA: files-newfolder (new folder dialog)","QA & accessibility","DK-0273","F1 Files: implement the ""New folder dialog"" state","Home, Files & security","finish-to-start (blocked by)"
"DK-0747","Visual QA: files-trash (recently deleted)","QA & accessibility","DK-0278","Recently deleted (trash): 30-day retention, restore, delete for good, empty","Home, Files & security","finish-to-start (blocked by)"
"DK-0748","Visual QA: files-emptytrash (empty-trash dialog)","QA & accessibility","DK-0225","Implement the confirmations pattern as a reusable behaviour","Design system & components","finish-to-start (blocked by)"
"DK-0748","Visual QA: files-emptytrash (empty-trash dialog)","QA & accessibility","DK-0278","Recently deleted (trash): 30-day retention, restore, delete for good, empty","Home, Files & security","finish-to-start (blocked by)"
"DK-0749","Visual QA: files-loading (loading skeleton)","QA & accessibility","DK-0267","F1 Files: implement the ""Loading"" state","Home, Files & security","finish-to-start (blocked by)"
"DK-0749","Visual QA: files-loading (loading skeleton)","QA & accessibility","DK-0620","Loading states: skeletons for lists, grids, thumbnails, model cards; page skeleton in viewer","Tools & tool shell","finish-to-start (blocked by)"
"DK-0750","Visual QA: files-swipe (swipe actions)","QA & accessibility","DK-0224","Implement the swipe actions pattern as a reusable behaviour","Design system & components","finish-to-start (blocked by)"
"DK-0750","Visual QA: files-swipe (swipe actions)","QA & accessibility","DK-0268","F1 Files: implement the ""Swipe actions"" state","Home, Files & security","finish-to-start (blocked by)"
"DK-0751","Visual QA: files-dragfolder (grid – drag file onto folder)","QA & accessibility","DK-0223","Implement the drag and drop pattern as a reusable behaviour","Design system & components","finish-to-start (blocked by)"
"DK-0751","Visual QA: files-dragfolder (grid – drag file onto folder)","QA & accessibility","DK-0264","Grid view: drag a file onto a folder card to move it","Home, Files & security","finish-to-start (blocked by)"
"DK-0752","Visual QA: files-selmore (selection – More menu)","QA & accessibility","DK-0263","Files multi-select with selection bar actions","Home, Files & security","finish-to-start (blocked by)"
"DK-0752","Visual QA: files-selmore (selection – More menu)","QA & accessibility","DK-0289","Move files into and out of the locked folder (encrypt/decrypt jobs)","Home, Files & security","finish-to-start (blocked by)"
"DK-0753","Visual QA: files-trashaction (deleted file – Restore / Delete for good)","QA & accessibility","DK-0278","Recently deleted (trash): 30-day retention, restore, delete for good, empty","Home, Files & security","finish-to-start (blocked by)"
"DK-0754","Visual QA: files-foldermenu (folder overflow – rename, colour, delete)","QA & accessibility","DK-0262","Folder screen with breadcrumb and overflow (rename, colour, delete)","Home, Files & security","finish-to-start (blocked by)"
"DK-0755","Visual QA: locked-folder-l1 (L1 intro)","QA & accessibility","DK-0283","F2 Locked folder: implement the ""L1 Intro"" state","Home, Files & security","finish-to-start (blocked by)"
"DK-0756","Visual QA: locked-folder-l2 (L2 create PIN)","QA & accessibility","DK-0284","F2 Locked folder: implement the ""L2 Create PIN"" state","Home, Files & security","finish-to-start (blocked by)"
"DK-0756","Visual QA: locked-folder-l2 (L2 create PIN)","QA & accessibility","DK-0292","Change locked-folder PIN (Settings → Security)","Home, Files & security","finish-to-start (blocked by)"
"DK-0757","Visual QA: locked-folder-l3 (L3 PIN mismatch)","QA & accessibility","DK-0285","F2 Locked folder: implement the ""L3 Confirm PIN"" state","Home, Files & security","finish-to-start (blocked by)"
"DK-0757","Visual QA: locked-folder-l3 (L3 PIN mismatch)","QA & accessibility","DK-0292","Change locked-folder PIN (Settings → Security)","Home, Files & security","finish-to-start (blocked by)"
"DK-0758","Visual QA: locked-folder-l4 (L4 biometrics)","QA & accessibility","DK-0286","F2 Locked folder: implement the ""L4 Biometrics"" state","Home, Files & security","finish-to-start (blocked by)"
"DK-0759","Visual QA: locked-folder-unlock (unlock screen)","QA & accessibility","DK-0287","F2 Locked folder: implement the ""Unlock screen"" state","Home, Files & security","finish-to-start (blocked by)"
"DK-0760","Visual QA: locked-folder-content (content + move toast)","QA & accessibility","DK-0288","F2 Locked folder: implement the ""Content"" state","Home, Files & security","finish-to-start (blocked by)"
"DK-0760","Visual QA: locked-folder-content (content + move toast)","QA & accessibility","DK-0289","Move files into and out of the locked folder (encrypt/decrypt jobs)","Home, Files & security","finish-to-start (blocked by)"
"DK-0761","Visual QA: locked-folder-applock (app lock screen)","QA & accessibility","DK-0290","Global app lock (optional): lock on resume after timeout","Home, Files & security","finish-to-start (blocked by)"
"DK-0762","Visual QA: locked-folder-cover (app-switcher privacy cover)","QA & accessibility","DK-0234","Show a privacy cover in the app switcher when locked content is open or ""Hide previews"" is on","Platform & architecture","finish-to-start (blocked by)"
"DK-0763","Visual QA: viewer-default (default)","QA & accessibility","DK-0293","Viewer core with pdfrx PdfViewer: continuous scroll, pinch zoom, double-tap fit width, progressive render","Viewer & editor","finish-to-start (blocked by)"
"DK-0763","Visual QA: viewer-default (default)","QA & accessibility","DK-0294","Viewer chrome: top bar, page pill, bottom bar, auto-hide behaviour","Viewer & editor","finish-to-start (blocked by)"
"DK-0764","Visual QA: viewer-hidden (chrome hidden)","QA & accessibility","DK-0294","Viewer chrome: top bar, page pill, bottom bar, auto-hide behaviour","Viewer & editor","finish-to-start (blocked by)"
"DK-0765","Visual QA: viewer-loading (loading)","QA & accessibility","DK-0297","V1 Viewer: implement the ""Loading"" state","Viewer & editor","finish-to-start (blocked by)"
"DK-0765","Visual QA: viewer-loading (loading)","QA & accessibility","DK-0620","Loading states: skeletons for lists, grids, thumbnails, model cards; page skeleton in viewer","Tools & tool shell","finish-to-start (blocked by)"
"DK-0766","Visual QA: viewer-search (search active)","QA & accessibility","DK-0298","V1 Viewer: implement the ""Search active"" state","Viewer & editor","finish-to-start (blocked by)"
"DK-0767","Visual QA: viewer-searchnotext (search, scan without text)","QA & accessibility","DK-0299","V1 Viewer: implement the ""Search on scan without text"" state","Viewer & editor","finish-to-start (blocked by)"
"DK-0768","Visual QA: viewer-select (text selected + markup bar)","QA & accessibility","DK-0300","V1 Viewer: implement the ""Text selected"" state","Viewer & editor","finish-to-start (blocked by)"
"DK-0768","Visual QA: viewer-select (text selected + markup bar)","QA & accessibility","DK-0321","Highlight / Underline / Strike from text selection","Viewer & editor","finish-to-start (blocked by)"
"DK-0769","Visual QA: viewer-locked (locked PDF)","QA & accessibility","DK-0301","V1 Viewer: implement the ""Locked PDF"" state","Viewer & editor","finish-to-start (blocked by)"
"DK-0770","Visual QA: viewer-wrongpw (wrong password)","QA & accessibility","DK-0302","V1 Viewer: implement the ""Wrong password"" state","Viewer & editor","finish-to-start (blocked by)"
"DK-0771","Visual QA: viewer-night (night mode)","QA & accessibility","DK-0304","V1 Viewer: implement the ""Night mode"" state","Viewer & editor","finish-to-start (blocked by)"
"DK-0772","Visual QA: viewer-damaged (damaged file)","QA & accessibility","DK-0305","V1 Viewer: implement the ""Damaged file"" state","Viewer & editor","finish-to-start (blocked by)"
"DK-0773","Visual QA: viewer-form (form detected)","QA & accessibility","DK-0306","V1 Viewer: implement the ""Form detected"" state","Viewer & editor","finish-to-start (blocked by)"
"DK-0774","Visual QA: viewer-goto (go to page)","QA & accessibility","DK-0307","V1 Viewer: implement the ""Go to page"" state","Viewer & editor","finish-to-start (blocked by)"
"DK-0775","Visual QA: viewer-link (external link dialog)","QA & accessibility","DK-0308","V1 Viewer: implement the ""External link dialog"" state","Viewer & editor","finish-to-start (blocked by)"
"DK-0776","Visual QA: viewer-menu (overflow menu)","QA & accessibility","DK-0295","Viewer overflow menu (10 items)","Viewer & editor","finish-to-start (blocked by)"
"DK-0776","Visual QA: viewer-menu (overflow menu)","QA & accessibility","DK-0311","Viewer overflow actions: Share as images, Share text, Print","Viewer & editor","finish-to-start (blocked by)"
"DK-0777","Visual QA: viewer-thumbs (thumbnail strip)","QA & accessibility","DK-0296","V1 Viewer: implement the ""Thumbnail strip"" state","Viewer & editor","finish-to-start (blocked by)"
"DK-0778","Visual QA: viewer-unlocked (after unlock toast)","QA & accessibility","DK-0303","V1 Viewer: implement the ""After unlock"" state","Viewer & editor","finish-to-start (blocked by)"
"DK-0779","Visual QA: edit-pen (pen selected)","QA & accessibility","DK-0313","V2 edit-mode shell: editing top bar, tool strip, 2 dp primary canvas border","Viewer & editor","finish-to-start (blocked by)"
"DK-0779","Visual QA: edit-pen (pen selected)","QA & accessibility","DK-0314","V2 Pan tool with its options sheet","Viewer & editor","finish-to-start (blocked by)"
"DK-0780","Visual QA: edit-penopts (pen options sheet)","QA & accessibility","DK-0315","V2 Pen tool with its options sheet","Viewer & editor","finish-to-start (blocked by)"
"DK-0781","Visual QA: edit-highlight (highlighter on text)","QA & accessibility","DK-0321","Highlight / Underline / Strike from text selection","Viewer & editor","finish-to-start (blocked by)"
"DK-0781","Visual QA: edit-highlight (highlighter on text)","QA & accessibility","DK-0517","Mark up tool entry: opens V2 with the Highlighter selected; saved as a new version","Tools & tool shell","finish-to-start (blocked by)"
"DK-0782","Visual QA: edit-text (text box editing)","QA & accessibility","DK-0047","Theme switching: Light, Dark, System (default), and dark-mode rules","Design system & components","finish-to-start (blocked by)"
"DK-0783","Visual QA: edit-shapes (shapes)","QA & accessibility","DK-0047","Theme switching: Light, Dark, System (default), and dark-mode rules","Design system & components","finish-to-start (blocked by)"
"DK-0784","Visual QA: edit-note (note sheet)","QA & accessibility","DK-0319","V2 Note tool with its options sheet","Viewer & editor","finish-to-start (blocked by)"
"DK-0785","Visual QA: edit-annsel (annotation selected)","QA & accessibility","DK-0322","Selected annotation: handles + mini bar (Colour · Duplicate · Note · Delete)","Viewer & editor","finish-to-start (blocked by)"
"DK-0786","Visual QA: edit-form (form filling + accessory bar)","QA & accessibility","DK-0227","Implement the keyboard pattern as a reusable behaviour","Design system & components","finish-to-start (blocked by)"
"DK-0786","Visual QA: edit-form (form filling + accessory bar)","QA & accessibility","DK-0324","Form filling UI: field highlight, accessory bar, dropdown sheet, field list for long forms","Viewer & editor","finish-to-start (blocked by)"
"DK-0787","Visual QA: edit-discard (discard dialog)","QA & accessibility","DK-0313","V2 edit-mode shell: editing top bar, tool strip, 2 dp primary canvas border","Viewer & editor","finish-to-start (blocked by)"
"DK-0788","Visual QA: edit-hiopts (highlighter options)","QA & accessibility","DK-0316","V2 Highlighter tool with its options sheet","Viewer & editor","finish-to-start (blocked by)"
"DK-0789","Visual QA: edit-textopts (text options)","QA & accessibility","DK-0317","V2 Text tool with its options sheet","Viewer & editor","finish-to-start (blocked by)"
"DK-0790","Visual QA: edit-shapesopts (shapes options)","QA & accessibility","DK-0318","V2 Shapes tool with its options sheet","Viewer & editor","finish-to-start (blocked by)"
"DK-0791","Visual QA: edit-eraser (eraser)","QA & accessibility","DK-0320","V2 Eraser tool with its options sheet","Viewer & editor","finish-to-start (blocked by)"
"DK-0792","Visual QA: sign-list (2 saved)","QA & accessibility","DK-0326","Signatures sheet: grid of saved signatures, Add signature, date/initials toggles, empty state","Viewer & editor","finish-to-start (blocked by)"
"DK-0792","Visual QA: sign-list (2 saved)","QA & accessibility","DK-0519","Sign PDF tool: V2 with the signatures sheet; toast ""Signed on page 3 · Undo""","Tools & tool shell","finish-to-start (blocked by)"
"DK-0793","Visual QA: sign-empty (empty)","QA & accessibility","DK-0326","Signatures sheet: grid of saved signatures, Add signature, date/initials toggles, empty state","Viewer & editor","finish-to-start (blocked by)"
"DK-0794","Visual QA: sign-placed (Placed signature with date)","QA & accessibility","DK-0328","Signature placement: centred stamp, drag/resize, date stamp, ""Sign here"" pills","Viewer & editor","finish-to-start (blocked by)"
"DK-0794","Visual QA: sign-placed (Placed signature with date)","QA & accessibility","DK-0519","Sign PDF tool: V2 with the signatures sheet; toast ""Signed on page 3 · Undo""","Tools & tool shell","finish-to-start (blocked by)"
"DK-0795","Visual QA: signature-pad-draw (Draw)","QA & accessibility","DK-0327","Signature pad (landscape full screen): Draw / Type / Image","Viewer & editor","finish-to-start (blocked by)"
"DK-0796","Visual QA: signature-pad-type (Type)","QA & accessibility","DK-0327","Signature pad (landscape full screen): Draw / Type / Image","Viewer & editor","finish-to-start (blocked by)"
"DK-0797","Visual QA: signature-pad-image (Image)","QA & accessibility","DK-0327","Signature pad (landscape full screen): Draw / Type / Image","Viewer & editor","finish-to-start (blocked by)"
"DK-0798","Visual QA: organize-default (default)","QA & accessibility","DK-0329","P1 Organize pages screen: top bar, sub-bar, page grid, FAB, selection bar","Viewer & editor","finish-to-start (blocked by)"
"DK-0798","Visual QA: organize-default (default)","QA & accessibility","DK-0516","Organize pages tool entry: opens P1 directly (toast instead of T3)","Tools & tool shell","finish-to-start (blocked by)"
"DK-0799","Visual QA: organize-drag (page lifted mid-drag)","QA & accessibility","DK-0331","P1 Organize pages: implement the ""Dragging"" state","Viewer & editor","finish-to-start (blocked by)"
"DK-0800","Visual QA: organize-selected (3 selected)","QA & accessibility","DK-0329","P1 Organize pages screen: top bar, sub-bar, page grid, FAB, selection bar","Viewer & editor","finish-to-start (blocked by)"
"DK-0801","Visual QA: organize-insert (insert sheet)","QA & accessibility","DK-0332","P1 Organize pages: implement the ""Insert sheet"" state","Viewer & editor","finish-to-start (blocked by)"
"DK-0802","Visual QA: organize-deleted (after delete toast)","QA & accessibility","DK-0333","P1 Organize pages: implement the ""After delete"" state","Viewer & editor","finish-to-start (blocked by)"
"DK-0803","Visual QA: organize-pinch (pinch to 5 columns)","QA & accessibility","DK-0334","P1 Organize pages: implement the ""Pinch to 5 columns"" state","Viewer & editor","finish-to-start (blocked by)"
"DK-0804","Visual QA: organize-large (300-page document, thumbnails loading)","QA & accessibility","DK-0335","P1 Organize pages: implement the ""300-page document"" state","Viewer & editor","finish-to-start (blocked by)"
"DK-0805","Visual QA: organize-savemenu (Save menu – copy or replace)","QA & accessibility","DK-0329","P1 Organize pages screen: top bar, sub-bar, page grid, FAB, selection bar","Viewer & editor","finish-to-start (blocked by)"
"DK-0806","Visual QA: scanner-camera-prompt (camera pre-prompt)","QA & accessibility","DK-0342","Camera permission pre-prompt sheet and denied state","Scanner","finish-to-start (blocked by)"
"DK-0807","Visual QA: scanner-camera-denied (permission denied)","QA & accessibility","DK-0342","Camera permission pre-prompt sheet and denied state","Scanner","finish-to-start (blocked by)"
"DK-0807","Visual QA: scanner-camera-denied (permission denied)","QA & accessibility","DK-0621","Permissions denied: inline warning banner with ""Open settings"", never repeated prompts","Tools & tool shell","finish-to-start (blocked by)"
"DK-0808","Visual QA: scanner-camera-nodoc (no document)","QA & accessibility","DK-0343","S1 camera UI: top bar, hint pill, viewfinder quad, mode switcher, bottom row","Scanner","finish-to-start (blocked by)"
"DK-0808","Visual QA: scanner-camera-nodoc (no document)","QA & accessibility","DK-0344","Hint pill logic with priority order and spoken guidance","Scanner","finish-to-start (blocked by)"
"DK-0809","Visual QA: scanner-camera-quad (document detected)","QA & accessibility","DK-0343","S1 camera UI: top bar, hint pill, viewfinder quad, mode switcher, bottom row","Scanner","finish-to-start (blocked by)"
"DK-0809","Visual QA: scanner-camera-quad (document detected)","QA & accessibility","DK-0349","S1 Scanner: implement the ""Capture feedback"" state","Scanner","finish-to-start (blocked by)"
"DK-0809","Visual QA: scanner-camera-quad (document detected)","QA & accessibility","DK-0369","Scanner quick settings sheet from the top-bar settings (tune) button","Scanner","finish-to-start (blocked by)"
"DK-0810","Visual QA: scanner-camera-countdown (auto-capture countdown)","QA & accessibility","DK-0338","Separate auto-capture and auto-crop: stability-based capture (~0.5 s steady quad)","Scanner","finish-to-start (blocked by)"
"DK-0811","Visual QA: scanner-camera-flash (flash menu open)","QA & accessibility","DK-0345","S1 Scanner: implement the ""Flash menu"" state","Scanner","finish-to-start (blocked by)"
"DK-0812","Visual QA: scanner-camera-idfront (ID card – front)","QA & accessibility","DK-0340","ID card mode engine: crop to ID-1 (85.6 × 54 mm), front + back on one A4 at true size","Scanner","finish-to-start (blocked by)"
"DK-0812","Visual QA: scanner-camera-idfront (ID card – front)","QA & accessibility","DK-0346","S1 Scanner: implement the ""ID card mode"" state","Scanner","finish-to-start (blocked by)"
"DK-0813","Visual QA: scanner-camera-idback (ID card – turn over)","QA & accessibility","DK-0340","ID card mode engine: crop to ID-1 (85.6 × 54 mm), front + back on one A4 at true size","Scanner","finish-to-start (blocked by)"
"DK-0814","Visual QA: scanner-camera-book (Book mode)","QA & accessibility","DK-0341","Book mode engine: spine detection (projection profile + Hough), split into two pages, deskew each","Scanner","finish-to-start (blocked by)"
"DK-0814","Visual QA: scanner-camera-book (Book mode)","QA & accessibility","DK-0347","S1 Scanner: implement the ""Book mode"" state","Scanner","finish-to-start (blocked by)"
"DK-0815","Visual QA: scanner-camera-batch (Batch – 12 pages)","QA & accessibility","DK-0348","S1 Scanner: implement the ""Batch mode"" state","Scanner","finish-to-start (blocked by)"
"DK-0816","Visual QA: scanner-camera-retake (retake page 3)","QA & accessibility","DK-0350","S1 Scanner: implement the ""Retake label"" state","Scanner","finish-to-start (blocked by)"
"DK-0817","Visual QA: scanner-camera-far (hint – move closer)","QA & accessibility","DK-0344","Hint pill logic with priority order and spoken guidance","Scanner","finish-to-start (blocked by)"
"DK-0818","Visual QA: scanner-camera-dark (hint – more light needed)","QA & accessibility","DK-0344","Hint pill logic with priority order and spoken guidance","Scanner","finish-to-start (blocked by)"
"DK-0819","Visual QA: scanner-camera-cutoff (hint – fit the whole page)","QA & accessibility","DK-0344","Hint pill logic with priority order and spoken guidance","Scanner","finish-to-start (blocked by)"
"DK-0820","Visual QA: scanner-camera-quad-iphone-se (document detected · iPhone SE)","QA & accessibility","DK-0343","S1 camera UI: top bar, hint pill, viewfinder quad, mode switcher, bottom row","Scanner","finish-to-start (blocked by)"
"DK-0821","Visual QA: scanner-review-review (S2 – default)","QA & accessibility","DK-0352","S2 Review: top bar, large preview, edit row, context area, page tray","Scanner","finish-to-start (blocked by)"
"DK-0821","Visual QA: scanner-review-review (S2 – default)","QA & accessibility","DK-0356","S2 Scanner: implement the ""Rotate"" state","Scanner","finish-to-start (blocked by)"
"DK-0822","Visual QA: scanner-review-crop (S2 – crop + magnifier)","QA & accessibility","DK-0353","S2 Scanner: implement the ""Crop mode"" state","Scanner","finish-to-start (blocked by)"
"DK-0823","Visual QA: scanner-review-filter (S2 – filter strip)","QA & accessibility","DK-0339","Image filters: Original, Auto colour (CLAHE), Greyscale, B/W (adaptive threshold), Remove shadows, brightness/contrast","Scanner","finish-to-start (blocked by)"
"DK-0823","Visual QA: scanner-review-filter (S2 – filter strip)","QA & accessibility","DK-0354","S2 Scanner: implement the ""Filter mode"" state","Scanner","finish-to-start (blocked by)"
"DK-0824","Visual QA: scanner-review-applyall (S2 – apply-to-all chip)","QA & accessibility","DK-0355","S2 Scanner: implement the ""Apply-to-all chip"" state","Scanner","finish-to-start (blocked by)"
"DK-0825","Visual QA: scanner-review-deleted (S2 – page deleted toast)","QA & accessibility","DK-0357","S2 Scanner: implement the ""Delete page"" state","Scanner","finish-to-start (blocked by)"
"DK-0826","Visual QA: scanner-review-discard (S2 – discard dialog)","QA & accessibility","DK-0358","S2 Scanner: implement the ""Discard dialog"" state","Scanner","finish-to-start (blocked by)"
"DK-0827","Visual QA: scanner-review-save (Save sheet)","QA & accessibility","DK-0359","Save sheet: name, format, page size, quality, folder, Make text searchable","Scanner","finish-to-start (blocked by)"
"DK-0828","Visual QA: scanner-review-result (Scan result)","QA & accessibility","DK-0360","Scan result screen with Next chips (Compress · Add password · Sign · Summarize · Share)","Scanner","finish-to-start (blocked by)"
"DK-0829","Visual QA: scanner-review-reorder (S2 – reordering in tray)","QA & accessibility","DK-0352","S2 Review: top bar, large preview, edit row, context area, page tray","Scanner","finish-to-start (blocked by)"
"DK-0830","Visual QA: scanner-review-jpg (Save sheet – JPG format)","QA & accessibility","DK-0359","Save sheet: name, format, page size, quality, folder, Make text searchable","Scanner","finish-to-start (blocked by)"
"DK-0831","Visual QA: scanner-review-book (S2 – Book mode, left/right pages)","QA & accessibility","DK-0341","Book mode engine: spine detection (projection profile + Hough), split into two pages, deskew each","Scanner","finish-to-start (blocked by)"
"DK-0832","Visual QA: photo-finder-intro (intro sheet)","QA & accessibility","DK-0363","Photo finder: implement the ""Intro sheet"" state","Scanner","finish-to-start (blocked by)"
"DK-0833","Visual QA: photo-finder-scanning (scanning card on Home)","QA & accessibility","DK-0364","Photo finder: implement the ""Scanning card"" state","Scanner","finish-to-start (blocked by)"
"DK-0834","Visual QA: photo-finder-results (results grid with selection)","QA & accessibility","DK-0365","Photo finder: implement the ""Results grid"" state","Scanner","finish-to-start (blocked by)"
"DK-0835","Visual QA: photo-finder-convert (convert sheet)","QA & accessibility","DK-0366","Photo finder: implement the ""Convert options"" state","Scanner","finish-to-start (blocked by)"
"DK-0836","Visual QA: photo-finder-empty (no documents found)","QA & accessibility","DK-0368","Photo finder: implement the ""Empty"" state","Scanner","finish-to-start (blocked by)"
"DK-0837","Visual QA: photo-finder-notdoc (long-press – Not a document)","QA & accessibility","DK-0367","Photo finder: implement the ""Not a document"" state","Scanner","finish-to-start (blocked by)"
"DK-0838","Visual QA: tool-shell-t2empty (T2 – empty input)","QA & accessibility","DK-0371","T2 empty input state: picker card with recent compatible files, Browse device, Choose photos","Tools & tool shell","finish-to-start (blocked by)"
"DK-0839","Visual QA: tool-shell-compress (T2 Compress – options)","QA & accessibility","DK-0370","Generic T2 tool options shell (one shell for all 30 tools)","Tools & tool shell","finish-to-start (blocked by)"
"DK-0839","Visual QA: tool-shell-compress (T2 Compress – options)","QA & accessibility","DK-0373","Live estimate caption (""About 1.8 MB · 12 pages"")","Tools & tool shell","finish-to-start (blocked by)"
"DK-0839","Visual QA: tool-shell-compress (T2 Compress – options)","QA & accessibility","DK-0463","Compress PDF: T2 options UI","Tools & tool shell","finish-to-start (blocked by)"
"DK-0839","Visual QA: tool-shell-compress (T2 Compress – options)","QA & accessibility","DK-0464","Compress PDF: T3 result card, naming and Next chips","Tools & tool shell","finish-to-start (blocked by)"
"DK-0839","Visual QA: tool-shell-compress (T2 Compress – options)","QA & accessibility","DK-0465","Compress PDF: errors and edge states","Tools & tool shell","finish-to-start (blocked by)"
"DK-0840","Visual QA: tool-shell-merge (T2 Merge – 4 files)","QA & accessibility","DK-0370","Generic T2 tool options shell (one shell for all 30 tools)","Tools & tool shell","finish-to-start (blocked by)"
"DK-0840","Visual QA: tool-shell-merge (T2 Merge – 4 files)","QA & accessibility","DK-0403","Merge PDF: T2 options UI","Tools & tool shell","finish-to-start (blocked by)"
"DK-0840","Visual QA: tool-shell-merge (T2 Merge – 4 files)","QA & accessibility","DK-0404","Merge PDF: T3 result card, naming and Next chips","Tools & tool shell","finish-to-start (blocked by)"
"DK-0840","Visual QA: tool-shell-merge (T2 Merge – 4 files)","QA & accessibility","DK-0405","Merge PDF: errors and edge states","Tools & tool shell","finish-to-start (blocked by)"
"DK-0841","Visual QA: tool-shell-protry (T2 – Pro first-try caption)","QA & accessibility","DK-0374","Pro gating in T2: header badge, free-try caption, paywall before run on second use","Tools & tool shell","finish-to-start (blocked by)"
"DK-0842","Visual QA: tool-shell-lockedrow (T2 – locked input row)","QA & accessibility","DK-0372","Inline password row for locked input files","Tools & tool shell","finish-to-start (blocked by)"
"DK-0843","Visual QA: tool-shell-btnloading (X2 – button loading (2–10 s))","QA & accessibility","DK-0375","X2 progress: none < 2 s, button loading 2–10 s, progress sheet > 10 s","Tools & tool shell","finish-to-start (blocked by)"
"DK-0844","Visual QA: tool-shell-progress (X2 – progress sheet)","QA & accessibility","DK-0375","X2 progress: none < 2 s, button loading 2–10 s, progress sheet > 10 s","Tools & tool shell","finish-to-start (blocked by)"
"DK-0845","Visual QA: tool-shell-minibar (X2 – mini job bar)","QA & accessibility","DK-0233","Global overlay host: mini job bar and toast queue above any screen","Platform & architecture","finish-to-start (blocked by)"
"DK-0845","Visual QA: tool-shell-minibar (X2 – mini job bar)","QA & accessibility","DK-0375","X2 progress: none < 2 s, button loading 2–10 s, progress sheet > 10 s","Tools & tool shell","finish-to-start (blocked by)"
"DK-0846","Visual QA: tool-shell-canceldlg (X2 – cancel dialog)","QA & accessibility","DK-0376","Cancel a running job (confirm if > 30 s done)","Tools & tool shell","finish-to-start (blocked by)"
"DK-0847","Visual QA: tool-shell-failure (X2 – failure state)","QA & accessibility","DK-0377","Job failure state inside the progress sheet with one recovery action","Tools & tool shell","finish-to-start (blocked by)"
"DK-0848","Visual QA: tool-shell-x1single (X1 – picker, single PDF)","QA & accessibility","DK-0235","Receive files from the share sheet / ""Open with"" (receive_sharing_intent 1.9.0)","Platform & architecture","finish-to-start (blocked by)"
"DK-0848","Visual QA: tool-shell-x1single (X1 – picker, single PDF)","QA & accessibility","DK-0387","X1 tool picker (share sheet / viewer Tools)","Tools & tool shell","finish-to-start (blocked by)"
"DK-0849","Visual QA: tool-shell-x1multi (X1 – picker, 4 files)","QA & accessibility","DK-0235","Receive files from the share sheet / ""Open with"" (receive_sharing_intent 1.9.0)","Platform & architecture","finish-to-start (blocked by)"
"DK-0849","Visual QA: tool-shell-x1multi (X1 – picker, 4 files)","QA & accessibility","DK-0387","X1 tool picker (share sheet / viewer Tools)","Tools & tool shell","finish-to-start (blocked by)"
"DK-0849","Visual QA: tool-shell-x1multi (X1 – picker, 4 files)","QA & accessibility","DK-0255","Quick drop: pick, paste or drag files straight into a tool","Home, Files & security","finish-to-start (blocked by)"
"DK-0850","Visual QA: tool-shell-result (T3 Compress – result)","QA & accessibility","DK-0379","Generic T3 result: result card, preview strip, name, save location, Next chips, action bar","Tools & tool shell","finish-to-start (blocked by)"
"DK-0850","Visual QA: tool-shell-result (T3 Compress – result)","QA & accessibility","DK-0386","Chaining via Next chips and ""Save as workflow""","Tools & tool shell","finish-to-start (blocked by)"
"DK-0850","Visual QA: tool-shell-result (T3 Compress – result)","QA & accessibility","DK-0463","Compress PDF: T2 options UI","Tools & tool shell","finish-to-start (blocked by)"
"DK-0850","Visual QA: tool-shell-result (T3 Compress – result)","QA & accessibility","DK-0464","Compress PDF: T3 result card, naming and Next chips","Tools & tool shell","finish-to-start (blocked by)"
"DK-0850","Visual QA: tool-shell-result (T3 Compress – result)","QA & accessibility","DK-0465","Compress PDF: errors and edge states","Tools & tool shell","finish-to-start (blocked by)"
"DK-0851","Visual QA: tool-shell-split (T3 – multi-file result (Split))","QA & accessibility","DK-0384","T3 result: implement the ""Multi-file result"" state","Tools & tool shell","finish-to-start (blocked by)"
"DK-0851","Visual QA: tool-shell-split (T3 – multi-file result (Split))","QA & accessibility","DK-0410","Split PDF: T3 result card, naming and Next chips","Tools & tool shell","finish-to-start (blocked by)"
"DK-0851","Visual QA: tool-shell-split (T3 – multi-file result (Split))","QA & accessibility","DK-0411","Split PDF: errors and edge states","Tools & tool shell","finish-to-start (blocked by)"
"DK-0852","Visual QA: tool-shell-partial (T3 – partial success (OCR))","QA & accessibility","DK-0383","T3 result: implement the ""Partial success"" state","Tools & tool shell","finish-to-start (blocked by)"
"DK-0852","Visual QA: tool-shell-partial (T3 – partial success (OCR))","QA & accessibility","DK-0475","Make text searchable: T2 options UI","Tools & tool shell","finish-to-start (blocked by)"
"DK-0852","Visual QA: tool-shell-partial (T3 – partial success (OCR))","QA & accessibility","DK-0476","Make text searchable: T3 result card, naming and Next chips","Tools & tool shell","finish-to-start (blocked by)"
"DK-0852","Visual QA: tool-shell-partial (T3 – partial success (OCR))","QA & accessibility","DK-0477","Make text searchable: errors and edge states","Tools & tool shell","finish-to-start (blocked by)"
"DK-0853","Visual QA: tool-shell-savemenu (T3 – save menu)","QA & accessibility","DK-0379","Generic T3 result: result card, preview strip, name, save location, Next chips, action bar","Tools & tool shell","finish-to-start (blocked by)"
"DK-0853","Visual QA: tool-shell-savemenu (T3 – save menu)","QA & accessibility","DK-0385","T3 result: implement the ""Save to…"" state","Tools & tool shell","finish-to-start (blocked by)"
"DK-0854","Visual QA: tool-shell-replace (T3 – replace original dialog)","QA & accessibility","DK-0380","T3 result: implement the ""Replace original"" state","Tools & tool shell","finish-to-start (blocked by)"
"DK-0855","Visual QA: tool-shell-discard (T3 – discard dialog)","QA & accessibility","DK-0382","T3 result: implement the ""Discard result"" state","Tools & tool shell","finish-to-start (blocked by)"
"DK-0856","Visual QA: tool-shell-aftersave (T3 – after Save)","QA & accessibility","DK-0381","T3 result: implement the ""After save"" state","Tools & tool shell","finish-to-start (blocked by)"
"DK-0857","Visual QA: tool-shell-replaced (T3 – replaced, Undo)","QA & accessibility","DK-0226","Implement the undo pattern as a reusable behaviour","Design system & components","finish-to-start (blocked by)"
"DK-0857","Visual QA: tool-shell-replaced (T3 – replaced, Undo)","QA & accessibility","DK-0380","T3 result: implement the ""Replace original"" state","Tools & tool shell","finish-to-start (blocked by)"
"DK-0858","Visual QA: tool-shell-mergerange (T2 Merge – page-range sheet)","QA & accessibility","DK-0403","Merge PDF: T2 options UI","Tools & tool shell","finish-to-start (blocked by)"
"DK-0858","Visual QA: tool-shell-mergerange (T2 Merge – page-range sheet)","QA & accessibility","DK-0404","Merge PDF: T3 result card, naming and Next chips","Tools & tool shell","finish-to-start (blocked by)"
"DK-0858","Visual QA: tool-shell-mergerange (T2 Merge – page-range sheet)","QA & accessibility","DK-0405","Merge PDF: errors and edge states","Tools & tool shell","finish-to-start (blocked by)"
"DK-0859","Visual QA: tool-shell-mergefew (T2 Merge – fewer than 2 files)","QA & accessibility","DK-0404","Merge PDF: T3 result card, naming and Next chips","Tools & tool shell","finish-to-start (blocked by)"
"DK-0859","Visual QA: tool-shell-mergefew (T2 Merge – fewer than 2 files)","QA & accessibility","DK-0405","Merge PDF: errors and edge states","Tools & tool shell","finish-to-start (blocked by)"
"DK-0860","Visual QA: tool-shell-moreopts (T2 Compress – More options open)","QA & accessibility","DK-0370","Generic T2 tool options shell (one shell for all 30 tools)","Tools & tool shell","finish-to-start (blocked by)"
"DK-0861","Visual QA: tool-shell-prosecond (T2 – Pro tool second use (opens paywall))","QA & accessibility","DK-0374","Pro gating in T2: header badge, free-try caption, paywall before run on second use","Tools & tool shell","finish-to-start (blocked by)"
"DK-0862","Visual QA: tool-shell-notifprompt (X2 – notifications pre-prompt)","QA & accessibility","DK-0378","Notifications permission pre-prompt the first time a job runs > 30 s in the background","Tools & tool shell","finish-to-start (blocked by)"
"DK-0863","Visual QA: tools-organize-split (ranges + visual markers)","QA & accessibility","DK-0409","Split PDF: T2 options UI","Tools & tool shell","finish-to-start (blocked by)"
"DK-0863","Visual QA: tools-organize-split (ranges + visual markers)","QA & accessibility","DK-0410","Split PDF: T3 result card, naming and Next chips","Tools & tool shell","finish-to-start (blocked by)"
"DK-0863","Visual QA: tools-organize-split (ranges + visual markers)","QA & accessibility","DK-0411","Split PDF: errors and edge states","Tools & tool shell","finish-to-start (blocked by)"
"DK-0864","Visual QA: tools-organize-extract (grid)","QA & accessibility","DK-0415","Extract pages: T2 options UI","Tools & tool shell","finish-to-start (blocked by)"
"DK-0864","Visual QA: tools-organize-extract (grid)","QA & accessibility","DK-0416","Extract pages: T3 result card, naming and Next chips","Tools & tool shell","finish-to-start (blocked by)"
"DK-0864","Visual QA: tools-organize-extract (grid)","QA & accessibility","DK-0417","Extract pages: errors and edge states","Tools & tool shell","finish-to-start (blocked by)"
"DK-0865","Visual QA: tools-organize-rotate (grid + sideways banner)","QA & accessibility","DK-0421","Rotate PDF: T2 options UI","Tools & tool shell","finish-to-start (blocked by)"
"DK-0865","Visual QA: tools-organize-rotate (grid + sideways banner)","QA & accessibility","DK-0422","Rotate PDF: T3 result card, naming and Next chips","Tools & tool shell","finish-to-start (blocked by)"
"DK-0865","Visual QA: tools-organize-rotate (grid + sideways banner)","QA & accessibility","DK-0423","Rotate PDF: errors and edge states","Tools & tool shell","finish-to-start (blocked by)"
"DK-0866","Visual QA: tools-organize-smartsplit (review)","QA & accessibility","DK-0427","Smart Split: T2 options UI","Tools & tool shell","finish-to-start (blocked by)"
"DK-0866","Visual QA: tools-organize-smartsplit (review)","QA & accessibility","DK-0428","Smart Split: T3 result card, naming and Next chips","Tools & tool shell","finish-to-start (blocked by)"
"DK-0866","Visual QA: tools-organize-smartsplit (review)","QA & accessibility","DK-0429","Smart Split: errors and edge states","Tools & tool shell","finish-to-start (blocked by)"
"DK-0867","Visual QA: tools-organize-splitn (every N pages)","QA & accessibility","DK-0409","Split PDF: T2 options UI","Tools & tool shell","finish-to-start (blocked by)"
"DK-0867","Visual QA: tools-organize-splitn (every N pages)","QA & accessibility","DK-0410","Split PDF: T3 result card, naming and Next chips","Tools & tool shell","finish-to-start (blocked by)"
"DK-0867","Visual QA: tools-organize-splitn (every N pages)","QA & accessibility","DK-0411","Split PDF: errors and edge states","Tools & tool shell","finish-to-start (blocked by)"
"DK-0868","Visual QA: tools-organize-splitinvalid (invalid range)","QA & accessibility","DK-0410","Split PDF: T3 result card, naming and Next chips","Tools & tool shell","finish-to-start (blocked by)"
"DK-0868","Visual QA: tools-organize-splitinvalid (invalid range)","QA & accessibility","DK-0411","Split PDF: errors and edge states","Tools & tool shell","finish-to-start (blocked by)"
"DK-0869","Visual QA: tools-organize-smartinput (input)","QA & accessibility","DK-0427","Smart Split: T2 options UI","Tools & tool shell","finish-to-start (blocked by)"
"DK-0869","Visual QA: tools-organize-smartinput (input)","QA & accessibility","DK-0428","Smart Split: T3 result card, naming and Next chips","Tools & tool shell","finish-to-start (blocked by)"
"DK-0869","Visual QA: tools-organize-smartinput (input)","QA & accessibility","DK-0429","Smart Split: errors and edge states","Tools & tool shell","finish-to-start (blocked by)"
"DK-0870","Visual QA: tools-organize-smartprogress (checking uncertain pages)","QA & accessibility","DK-0428","Smart Split: T3 result card, naming and Next chips","Tools & tool shell","finish-to-start (blocked by)"
"DK-0870","Visual QA: tools-organize-smartprogress (checking uncertain pages)","QA & accessibility","DK-0429","Smart Split: errors and edge states","Tools & tool shell","finish-to-start (blocked by)"
"DK-0871","Visual QA: tools-convert-img2pdf (Image to PDF)","QA & accessibility","DK-0433","Image to PDF: T2 options UI","Tools & tool shell","finish-to-start (blocked by)"
"DK-0871","Visual QA: tools-convert-img2pdf (Image to PDF)","QA & accessibility","DK-0434","Image to PDF: T3 result card, naming and Next chips","Tools & tool shell","finish-to-start (blocked by)"
"DK-0871","Visual QA: tools-convert-img2pdf (Image to PDF)","QA & accessibility","DK-0435","Image to PDF: errors and edge states","Tools & tool shell","finish-to-start (blocked by)"
"DK-0872","Visual QA: tools-convert-pdf2img (PDF to images)","QA & accessibility","DK-0439","PDF to images: T2 options UI","Tools & tool shell","finish-to-start (blocked by)"
"DK-0872","Visual QA: tools-convert-pdf2img (PDF to images)","QA & accessibility","DK-0440","PDF to images: T3 result card, naming and Next chips","Tools & tool shell","finish-to-start (blocked by)"
"DK-0872","Visual QA: tools-convert-pdf2img (PDF to images)","QA & accessibility","DK-0441","PDF to images: errors and edge states","Tools & tool shell","finish-to-start (blocked by)"
"DK-0873","Visual QA: tools-convert-web (preview)","QA & accessibility","DK-0445","Web page to PDF: T2 options UI","Tools & tool shell","finish-to-start (blocked by)"
"DK-0873","Visual QA: tools-convert-web (preview)","QA & accessibility","DK-0446","Web page to PDF: T3 result card, naming and Next chips","Tools & tool shell","finish-to-start (blocked by)"
"DK-0873","Visual QA: tools-convert-web (preview)","QA & accessibility","DK-0447","Web page to PDF: errors and edge states","Tools & tool shell","finish-to-start (blocked by)"
"DK-0874","Visual QA: tools-convert-weboffline (offline)","QA & accessibility","DK-0445","Web page to PDF: T2 options UI","Tools & tool shell","finish-to-start (blocked by)"
"DK-0874","Visual QA: tools-convert-weboffline (offline)","QA & accessibility","DK-0446","Web page to PDF: T3 result card, naming and Next chips","Tools & tool shell","finish-to-start (blocked by)"
"DK-0874","Visual QA: tools-convert-weboffline (offline)","QA & accessibility","DK-0447","Web page to PDF: errors and edge states","Tools & tool shell","finish-to-start (blocked by)"
"DK-0875","Visual QA: tools-convert-pdfa (result with warning)","QA & accessibility","DK-0451","Convert to PDF/A: T2 options UI","Tools & tool shell","finish-to-start (blocked by)"
"DK-0875","Visual QA: tools-convert-pdfa (result with warning)","QA & accessibility","DK-0452","Convert to PDF/A: T3 result card, naming and Next chips","Tools & tool shell","finish-to-start (blocked by)"
"DK-0875","Visual QA: tools-convert-pdfa (result with warning)","QA & accessibility","DK-0453","Convert to PDF/A: errors and edge states","Tools & tool shell","finish-to-start (blocked by)"
"DK-0876","Visual QA: tools-convert-text (result)","QA & accessibility","DK-0457","PDF to text: T2 options UI","Tools & tool shell","finish-to-start (blocked by)"
"DK-0876","Visual QA: tools-convert-text (result)","QA & accessibility","DK-0458","PDF to text: T3 result card, naming and Next chips","Tools & tool shell","finish-to-start (blocked by)"
"DK-0876","Visual QA: tools-convert-text (result)","QA & accessibility","DK-0459","PDF to text: errors and edge states","Tools & tool shell","finish-to-start (blocked by)"
"DK-0877","Visual QA: tools-convert-pdfaopts (options + info sheet)","QA & accessibility","DK-0451","Convert to PDF/A: T2 options UI","Tools & tool shell","finish-to-start (blocked by)"
"DK-0877","Visual QA: tools-convert-pdfaopts (options + info sheet)","QA & accessibility","DK-0452","Convert to PDF/A: T3 result card, naming and Next chips","Tools & tool shell","finish-to-start (blocked by)"
"DK-0877","Visual QA: tools-convert-pdfaopts (options + info sheet)","QA & accessibility","DK-0453","Convert to PDF/A: errors and edge states","Tools & tool shell","finish-to-start (blocked by)"
"DK-0878","Visual QA: tools-convert-textopts (options)","QA & accessibility","DK-0457","PDF to text: T2 options UI","Tools & tool shell","finish-to-start (blocked by)"
"DK-0878","Visual QA: tools-convert-textopts (options)","QA & accessibility","DK-0458","PDF to text: T3 result card, naming and Next chips","Tools & tool shell","finish-to-start (blocked by)"
"DK-0878","Visual QA: tools-convert-textopts (options)","QA & accessibility","DK-0459","PDF to text: errors and edge states","Tools & tool shell","finish-to-start (blocked by)"
"DK-0879","Visual QA: tools-convert-textnotext (no text yet)","QA & accessibility","DK-0458","PDF to text: T3 result card, naming and Next chips","Tools & tool shell","finish-to-start (blocked by)"
"DK-0879","Visual QA: tools-convert-textnotext (no text yet)","QA & accessibility","DK-0459","PDF to text: errors and edge states","Tools & tool shell","finish-to-start (blocked by)"
"DK-0880","Visual QA: tools-optimize-ocr (result)","QA & accessibility","DK-0475","Make text searchable: T2 options UI","Tools & tool shell","finish-to-start (blocked by)"
"DK-0880","Visual QA: tools-optimize-ocr (result)","QA & accessibility","DK-0476","Make text searchable: T3 result card, naming and Next chips","Tools & tool shell","finish-to-start (blocked by)"
"DK-0880","Visual QA: tools-optimize-ocr (result)","QA & accessibility","DK-0477","Make text searchable: errors and edge states","Tools & tool shell","finish-to-start (blocked by)"
"DK-0881","Visual QA: tools-optimize-small (already small)","QA & accessibility","DK-0464","Compress PDF: T3 result card, naming and Next chips","Tools & tool shell","finish-to-start (blocked by)"
"DK-0881","Visual QA: tools-optimize-small (already small)","QA & accessibility","DK-0465","Compress PDF: errors and edge states","Tools & tool shell","finish-to-start (blocked by)"
"DK-0882","Visual QA: tools-optimize-target (target unreachable)","QA & accessibility","DK-0464","Compress PDF: T3 result card, naming and Next chips","Tools & tool shell","finish-to-start (blocked by)"
"DK-0882","Visual QA: tools-optimize-target (target unreachable)","QA & accessibility","DK-0465","Compress PDF: errors and edge states","Tools & tool shell","finish-to-start (blocked by)"
"DK-0883","Visual QA: tools-optimize-repair (options)","QA & accessibility","DK-0469","Repair PDF: T2 options UI","Tools & tool shell","finish-to-start (blocked by)"
"DK-0883","Visual QA: tools-optimize-repair (options)","QA & accessibility","DK-0470","Repair PDF: T3 result card, naming and Next chips","Tools & tool shell","finish-to-start (blocked by)"
"DK-0883","Visual QA: tools-optimize-repair (options)","QA & accessibility","DK-0471","Repair PDF: errors and edge states","Tools & tool shell","finish-to-start (blocked by)"
"DK-0884","Visual QA: tools-optimize-repaired (result)","QA & accessibility","DK-0469","Repair PDF: T2 options UI","Tools & tool shell","finish-to-start (blocked by)"
"DK-0884","Visual QA: tools-optimize-repaired (result)","QA & accessibility","DK-0470","Repair PDF: T3 result card, naming and Next chips","Tools & tool shell","finish-to-start (blocked by)"
"DK-0884","Visual QA: tools-optimize-repaired (result)","QA & accessibility","DK-0471","Repair PDF: errors and edge states","Tools & tool shell","finish-to-start (blocked by)"
"DK-0885","Visual QA: tools-optimize-repairfail (too damaged)","QA & accessibility","DK-0470","Repair PDF: T3 result card, naming and Next chips","Tools & tool shell","finish-to-start (blocked by)"
"DK-0885","Visual QA: tools-optimize-repairfail (too damaged)","QA & accessibility","DK-0471","Repair PDF: errors and edge states","Tools & tool shell","finish-to-start (blocked by)"
"DK-0886","Visual QA: tools-security-addpw (mismatch error)","QA & accessibility","DK-0499","Add password: T2 options UI","Tools & tool shell","finish-to-start (blocked by)"
"DK-0886","Visual QA: tools-security-addpw (mismatch error)","QA & accessibility","DK-0500","Add password: T3 result card, naming and Next chips","Tools & tool shell","finish-to-start (blocked by)"
"DK-0886","Visual QA: tools-security-addpw (mismatch error)","QA & accessibility","DK-0501","Add password: errors and edge states","Tools & tool shell","finish-to-start (blocked by)"
"DK-0887","Visual QA: tools-security-removepw (wrong password)","QA & accessibility","DK-0505","Remove password: T2 options UI","Tools & tool shell","finish-to-start (blocked by)"
"DK-0887","Visual QA: tools-security-removepw (wrong password)","QA & accessibility","DK-0506","Remove password: T3 result card, naming and Next chips","Tools & tool shell","finish-to-start (blocked by)"
"DK-0887","Visual QA: tools-security-removepw (wrong password)","QA & accessibility","DK-0507","Remove password: errors and edge states","Tools & tool shell","finish-to-start (blocked by)"
"DK-0888","Visual QA: tools-security-nopw (file has no password)","QA & accessibility","DK-0505","Remove password: T2 options UI","Tools & tool shell","finish-to-start (blocked by)"
"DK-0888","Visual QA: tools-security-nopw (file has no password)","QA & accessibility","DK-0506","Remove password: T3 result card, naming and Next chips","Tools & tool shell","finish-to-start (blocked by)"
"DK-0888","Visual QA: tools-security-nopw (file has no password)","QA & accessibility","DK-0507","Remove password: errors and edge states","Tools & tool shell","finish-to-start (blocked by)"
"DK-0889","Visual QA: tools-edit-pagenum (Add page numbers)","QA & accessibility","DK-0481","Add page numbers: T2 options UI","Tools & tool shell","finish-to-start (blocked by)"
"DK-0889","Visual QA: tools-edit-pagenum (Add page numbers)","QA & accessibility","DK-0482","Add page numbers: T3 result card, naming and Next chips","Tools & tool shell","finish-to-start (blocked by)"
"DK-0889","Visual QA: tools-edit-pagenum (Add page numbers)","QA & accessibility","DK-0483","Add page numbers: errors and edge states","Tools & tool shell","finish-to-start (blocked by)"
"DK-0890","Visual QA: tools-edit-watermark (Add watermark)","QA & accessibility","DK-0487","Add watermark: T2 options UI","Tools & tool shell","finish-to-start (blocked by)"
"DK-0890","Visual QA: tools-edit-watermark (Add watermark)","QA & accessibility","DK-0488","Add watermark: T3 result card, naming and Next chips","Tools & tool shell","finish-to-start (blocked by)"
"DK-0890","Visual QA: tools-edit-watermark (Add watermark)","QA & accessibility","DK-0489","Add watermark: errors and edge states","Tools & tool shell","finish-to-start (blocked by)"
"DK-0891","Visual QA: tools-edit-crop (Crop pages)","QA & accessibility","DK-0493","Crop pages: T2 options UI","Tools & tool shell","finish-to-start (blocked by)"
"DK-0891","Visual QA: tools-edit-crop (Crop pages)","QA & accessibility","DK-0494","Crop pages: T3 result card, naming and Next chips","Tools & tool shell","finish-to-start (blocked by)"
"DK-0891","Visual QA: tools-edit-crop (Crop pages)","QA & accessibility","DK-0495","Crop pages: errors and edge states","Tools & tool shell","finish-to-start (blocked by)"
"DK-0892","Visual QA: tools-edit-formlock (lock values dialog)","QA & accessibility","DK-0518","Fill form tool: V2 with form filling + ""Lock form values?"" dialog, no-fields and XFA dialogs","Tools & tool shell","finish-to-start (blocked by)"
"DK-0893","Visual QA: tools-edit-noform (no fields dialog)","QA & accessibility","DK-0518","Fill form tool: V2 with form filling + ""Lock form values?"" dialog, no-fields and XFA dialogs","Tools & tool shell","finish-to-start (blocked by)"
"DK-0894","Visual QA: tools-edit-xfa (XFA not supported)","QA & accessibility","DK-0518","Fill form tool: V2 with form filling + ""Lock form values?"" dialog, no-fields and XFA dialogs","Tools & tool shell","finish-to-start (blocked by)"
"DK-0895","Visual QA: black-out-find (1 Find)","QA & accessibility","DK-0521","Black out: implement the ""Screen & step indicator"" state","Tools & tool shell","finish-to-start (blocked by)"
"DK-0895","Visual QA: black-out-find (1 Find)","QA & accessibility","DK-0522","Black out: implement the ""Find panel"" state","Tools & tool shell","finish-to-start (blocked by)"
"DK-0896","Visual QA: black-out-review (2 Review boxes)","QA & accessibility","DK-0523","Black out: implement the ""Review"" state","Tools & tool shell","finish-to-start (blocked by)"
"DK-0897","Visual QA: black-out-confirm (3 Confirm)","QA & accessibility","DK-0524","Black out: implement the ""Apply confirm"" state","Tools & tool shell","finish-to-start (blocked by)"
"DK-0898","Visual QA: black-out-result (Result – verified)","QA & accessibility","DK-0525","Black out: implement the ""Result verified"" state","Tools & tool shell","finish-to-start (blocked by)"
"DK-0899","Visual QA: black-out-failed (Verification failed)","QA & accessibility","DK-0527","Black out: implement the ""Verification failed"" state","Tools & tool shell","finish-to-start (blocked by)"
"DK-0900","Visual QA: black-out-ocrstep (Scan without text – recognising text first)","QA & accessibility","DK-0526","Black out: implement the ""OCR step for scans"" state","Tools & tool shell","finish-to-start (blocked by)"
"DK-0901","Visual QA: compare-setup (setup)","QA & accessibility","DK-0530","Compare: implement the ""Setup"" state","Tools & tool shell","finish-to-start (blocked by)"
"DK-0902","Visual QA: compare-single (single view, overlay)","QA & accessibility","DK-0531","Compare: implement the ""Single view (phone)"" state","Tools & tool shell","finish-to-start (blocked by)"
"DK-0903","Visual QA: compare-list (change list)","QA & accessibility","DK-0532","Compare: implement the ""Change list"" state","Tools & tool shell","finish-to-start (blocked by)"
"DK-0904","Visual QA: compare-scans (scans banner (suggest Visual))","QA & accessibility","DK-0534","Compare: implement the ""Scans banner"" state","Tools & tool shell","finish-to-start (blocked by)"
"DK-0905","Visual QA: compare-side-by-side (compare-side-by-side)","QA & accessibility","DK-0533","Compare: implement the ""Side by side"" state","Tools & tool shell","finish-to-start (blocked by)"
"DK-0906","Visual QA: automation-assets (Extract images & text – result)","QA & accessibility","DK-0511","Extract images & text: T2 options UI","Tools & tool shell","finish-to-start (blocked by)"
"DK-0906","Visual QA: automation-assets (Extract images & text – result)","QA & accessibility","DK-0512","Extract images & text: T3 result card, naming and Next chips","Tools & tool shell","finish-to-start (blocked by)"
"DK-0906","Visual QA: automation-assets (Extract images & text – result)","QA & accessibility","DK-0513","Extract images & text: errors and edge states","Tools & tool shell","finish-to-start (blocked by)"
"DK-0907","Visual QA: automation-batchtool (Batch – choose tool)","QA & accessibility","DK-0535","Batch: tool choice → file choice → shared options → queue → result","Tools & tool shell","finish-to-start (blocked by)"
"DK-0908","Visual QA: automation-queue (Batch – queue)","QA & accessibility","DK-0535","Batch: tool choice → file choice → shared options → queue → result","Tools & tool shell","finish-to-start (blocked by)"
"DK-0909","Visual QA: automation-batchresult (Batch – result)","QA & accessibility","DK-0535","Batch: tool choice → file choice → shared options → queue → result","Tools & tool shell","finish-to-start (blocked by)"
"DK-0910","Visual QA: automation-wflist (Workflows – list)","QA & accessibility","DK-0537","Workflows: implement the ""List"" state","Tools & tool shell","finish-to-start (blocked by)"
"DK-0910","Visual QA: automation-wflist (Workflows – list)","QA & accessibility","DK-0544","Workflows: edit, duplicate, rename and delete saved workflows","Tools & tool shell","finish-to-start (blocked by)"
"DK-0911","Visual QA: automation-builder (Workflows – builder)","QA & accessibility","DK-0538","Workflows: implement the ""Builder"" state","Tools & tool shell","finish-to-start (blocked by)"
"DK-0911","Visual QA: automation-builder (Workflows – builder)","QA & accessibility","DK-0544","Workflows: edit, duplicate, rename and delete saved workflows","Tools & tool shell","finish-to-start (blocked by)"
"DK-0912","Visual QA: automation-wfrun (Workflows – run)","QA & accessibility","DK-0539","Workflows: implement the ""Run"" state","Tools & tool shell","finish-to-start (blocked by)"
"DK-0913","Visual QA: automation-extractopts (Extract images & text – options)","QA & accessibility","DK-0511","Extract images & text: T2 options UI","Tools & tool shell","finish-to-start (blocked by)"
"DK-0913","Visual QA: automation-extractopts (Extract images & text – options)","QA & accessibility","DK-0512","Extract images & text: T3 result card, naming and Next chips","Tools & tool shell","finish-to-start (blocked by)"
"DK-0913","Visual QA: automation-extractopts (Extract images & text – options)","QA & accessibility","DK-0513","Extract images & text: errors and edge states","Tools & tool shell","finish-to-start (blocked by)"
"DK-0914","Visual QA: automation-noimages (Extract – no images found)","QA & accessibility","DK-0512","Extract images & text: T3 result card, naming and Next chips","Tools & tool shell","finish-to-start (blocked by)"
"DK-0914","Visual QA: automation-noimages (Extract – no images found)","QA & accessibility","DK-0513","Extract images & text: errors and edge states","Tools & tool shell","finish-to-start (blocked by)"
"DK-0915","Visual QA: automation-batchfiles (Batch – choose files)","QA & accessibility","DK-0535","Batch: tool choice → file choice → shared options → queue → result","Tools & tool shell","finish-to-start (blocked by)"
"DK-0916","Visual QA: automation-batchopts (Batch – shared options)","QA & accessibility","DK-0535","Batch: tool choice → file choice → shared options → queue → result","Tools & tool shell","finish-to-start (blocked by)"
"DK-0917","Visual QA: automation-wfpick (Workflows – pick files to run)","QA & accessibility","DK-0539","Workflows: implement the ""Run"" state","Tools & tool shell","finish-to-start (blocked by)"
"DK-0918","Visual QA: ai-noteligible (not eligible)","QA & accessibility","DK-0553","A1 AI readiness: implement the ""Device not eligible"" state","AI","finish-to-start (blocked by)"
"DK-0919","Visual QA: ai-download (model download)","QA & accessibility","DK-0554","A1 AI readiness: implement the ""Model not installed"" state","AI","finish-to-start (blocked by)"
"DK-0920","Visual QA: ai-downloading (downloading)","QA & accessibility","DK-0555","A1 AI readiness: implement the ""Downloading"" state","AI","finish-to-start (blocked by)"
"DK-0921","Visual QA: ai-firstuse (first-use notice)","QA & accessibility","DK-0556","A1 AI readiness: implement the ""First-use notice"" state","AI","finish-to-start (blocked by)"
"DK-0922","Visual QA: ai-streaming (summary streaming)","QA & accessibility","DK-0560","A1 AI panel: implement the ""Summary options & streaming"" state","AI","finish-to-start (blocked by)"
"DK-0923","Visual QA: ai-done (summary done)","QA & accessibility","DK-0559","A1 AI panel: sheet over V1 (medium → large), Summary · Ask · Translate tabs, footer","AI","finish-to-start (blocked by)"
"DK-0923","Visual QA: ai-done (summary done)","QA & accessibility","DK-0561","A1 AI panel: implement the ""Summary output"" state","AI","finish-to-start (blocked by)"
"DK-0923","Visual QA: ai-done (summary done)","QA & accessibility","DK-0541","Summarize tool entry: file picker (if needed) → V1 with the AI panel on the Summary tab","Tools & tool shell","finish-to-start (blocked by)"
"DK-0924","Visual QA: ai-detailed (summary detailed)","QA & accessibility","DK-0561","A1 AI panel: implement the ""Summary output"" state","AI","finish-to-start (blocked by)"
"DK-0925","Visual QA: ai-askempty (Ask – empty)","QA & accessibility","DK-0562","A1 AI panel: implement the ""Ask empty"" state","AI","finish-to-start (blocked by)"
"DK-0925","Visual QA: ai-askempty (Ask – empty)","QA & accessibility","DK-0542","Ask this PDF tool entry: file picker (if needed) → V1 with the AI panel on the Ask tab","Tools & tool shell","finish-to-start (blocked by)"
"DK-0926","Visual QA: ai-ask (Ask – thread)","QA & accessibility","DK-0563","A1 AI panel: implement the ""Ask thread"" state","AI","finish-to-start (blocked by)"
"DK-0927","Visual QA: ai-notfound (Ask – not found)","QA & accessibility","DK-0564","A1 AI panel: implement the ""Ask not found"" state","AI","finish-to-start (blocked by)"
"DK-0928","Visual QA: ai-tropts (Translate – options)","QA & accessibility","DK-0566","A1 AI panel: implement the ""Translate options"" state","AI","finish-to-start (blocked by)"
"DK-0928","Visual QA: ai-tropts (Translate – options)","QA & accessibility","DK-0543","Translate PDF tool entry: file picker (if needed) → V1 with the AI panel on the Translate tab","Tools & tool shell","finish-to-start (blocked by)"
"DK-0929","Visual QA: ai-trboth (Translate – both view)","QA & accessibility","DK-0567","A1 AI panel: implement the ""Translate view"" state","AI","finish-to-start (blocked by)"
"DK-0930","Visual QA: ai-engine (engine sheet)","QA & accessibility","DK-0566","A1 AI panel: implement the ""Translate options"" state","AI","finish-to-start (blocked by)"
"DK-0931","Visual QA: ai-lang (language sheet)","QA & accessibility","DK-0566","A1 AI panel: implement the ""Translate options"" state","AI","finish-to-start (blocked by)"
"DK-0932","Visual QA: ai-notext (no-text banner)","QA & accessibility","DK-0557","A1 AI readiness: implement the ""No text in document"" state","AI","finish-to-start (blocked by)"
"DK-0933","Visual QA: ai-lowmem (low-memory banner)","QA & accessibility","DK-0558","A1 AI readiness: implement the ""Low memory now"" state","AI","finish-to-start (blocked by)"
"DK-0934","Visual QA: ai-askselection (Ask – prefilled from text selection)","QA & accessibility","DK-0565","A1 AI panel: implement the ""Ask from selection"" state","AI","finish-to-start (blocked by)"
"DK-0935","Visual QA: ai-dlbar (model downloading – mini bar)","QA & accessibility","DK-0555","A1 AI readiness: implement the ""Downloading"" state","AI","finish-to-start (blocked by)"
"DK-0936","Visual QA: me-me (M1 Me – free)","QA & accessibility","DK-0570","M1 Me: Pro card, Your things, Settings, About, footer","Me, Pro & system surfaces","finish-to-start (blocked by)"
"DK-0936","Visual QA: me-me (M1 Me – free)","QA & accessibility","DK-0578","About rows: Replay intro, Contact (mailto), Rate Dokulo (store review)","Me, Pro & system surfaces","finish-to-start (blocked by)"
"DK-0937","Visual QA: me-mepro (M1 Me – Pro)","QA & accessibility","DK-0570","M1 Me: Pro card, Your things, Settings, About, footer","Me, Pro & system surfaces","finish-to-start (blocked by)"
"DK-0938","Visual QA: me-models (M2 AI models)","QA & accessibility","DK-0568","M2 AI models: storage summary, grouped model cards, model detail sheet","AI","finish-to-start (blocked by)"
"DK-0939","Visual QA: me-modeldetail (M2 model detail)","QA & accessibility","DK-0568","M2 AI models: storage summary, grouped model cards, model detail sheet","AI","finish-to-start (blocked by)"
"DK-0940","Visual QA: me-scanning (M3 Scanning)","QA & accessibility","DK-0361","Scanning defaults: filter, crop mode, page size, file-name pattern (""Save as default"")","Scanner","finish-to-start (blocked by)"
"DK-0940","Visual QA: me-scanning (M3 Scanning)","QA & accessibility","DK-0571","M3 Scanning settings page","Me, Pro & system surfaces","finish-to-start (blocked by)"
"DK-0940","Visual QA: me-scanning (M3 Scanning)","QA & accessibility","DK-0369","Scanner quick settings sheet from the top-bar settings (tune) button","Scanner","finish-to-start (blocked by)"
"DK-0941","Visual QA: me-files (M3 Files & storage)","QA & accessibility","DK-0572","M3 Files & storage settings page","Me, Pro & system surfaces","finish-to-start (blocked by)"
"DK-0941","Visual QA: me-files (M3 Files & storage)","QA & accessibility","DK-0281","Storage info: space used by files vs AI models (file info + Me → Files & storage bar chart)","Home, Files & security","finish-to-start (blocked by)"
"DK-0942","Visual QA: me-security (M3 Security)","QA & accessibility","DK-0573","M3 Security settings page","Me, Pro & system surfaces","finish-to-start (blocked by)"
"DK-0942","Visual QA: me-security (M3 Security)","QA & accessibility","DK-0292","Change locked-folder PIN (Settings → Security)","Home, Files & security","finish-to-start (blocked by)"
"DK-0943","Visual QA: me-appearance (M3 Appearance)","QA & accessibility","DK-0047","Theme switching: Light, Dark, System (default), and dark-mode rules","Design system & components","finish-to-start (blocked by)"
"DK-0943","Visual QA: me-appearance (M3 Appearance)","QA & accessibility","DK-0574","M3 Appearance settings page","Me, Pro & system surfaces","finish-to-start (blocked by)"
"DK-0944","Visual QA: me-language (M3 Language)","QA & accessibility","DK-0575","M3 Language settings page","Me, Pro & system surfaces","finish-to-start (blocked by)"
"DK-0944","Visual QA: me-language (M3 Language)","QA & accessibility","DK-0636","In-app language switch (System · English · Deutsch) without restart","Localisation & content","finish-to-start (blocked by)"
"DK-0945","Visual QA: me-privacy (M3 Privacy)","QA & accessibility","DK-0576","M3 Privacy settings page","Me, Pro & system surfaces","finish-to-start (blocked by)"
"DK-0946","Visual QA: me-licences (Licences list)","QA & accessibility","DK-0577","M3 Open-source licences settings page","Me, Pro & system surfaces","finish-to-start (blocked by)"
"DK-0947","Visual QA: me-licence (Licence detail)","QA & accessibility","DK-0577","M3 Open-source licences settings page","Me, Pro & system surfaces","finish-to-start (blocked by)"
"DK-0948","Visual QA: me-signatures (Me – Signatures)","QA & accessibility","DK-0325","Encrypted signature store (images + initials) with Me → Signatures management","Viewer & editor","finish-to-start (blocked by)"
"DK-0949","Visual QA: me-filename (Scanning – file name editor)","QA & accessibility","DK-0361","Scanning defaults: filter, crop mode, page size, file-name pattern (""Save as default"")","Scanner","finish-to-start (blocked by)"
"DK-0949","Visual QA: me-filename (Scanning – file name editor)","QA & accessibility","DK-0571","M3 Scanning settings page","Me, Pro & system surfaces","finish-to-start (blocked by)"
"DK-0950","Visual QA: me-filter (Scanning – default filter picker)","QA & accessibility","DK-0361","Scanning defaults: filter, crop mode, page size, file-name pattern (""Save as default"")","Scanner","finish-to-start (blocked by)"
"DK-0950","Visual QA: me-filter (Scanning – default filter picker)","QA & accessibility","DK-0571","M3 Scanning settings page","Me, Pro & system surfaces","finish-to-start (blocked by)"
"DK-0951","Visual QA: paywall-tool (se)","QA & accessibility","DK-0580","X3 paywall sheet: close, ILL-18, headline, context line, 5 benefits, reassurance, price button, footer","Me, Pro & system surfaces","finish-to-start (blocked by)"
"DK-0952","Visual QA: paywall-me (me)","QA & accessibility","DK-0580","X3 paywall sheet: close, ILL-18, headline, context line, 5 benefits, reassurance, price button, footer","Me, Pro & system surfaces","finish-to-start (blocked by)"
"DK-0953","Visual QA: paywall-purchasing (purchasing)","QA & accessibility","DK-0581","X3 Paywall: implement the ""Purchasing"" state","Me, Pro & system surfaces","finish-to-start (blocked by)"
"DK-0954","Visual QA: paywall-success (success)","QA & accessibility","DK-0582","X3 Paywall: implement the ""Success"" state","Me, Pro & system surfaces","finish-to-start (blocked by)"
"DK-0955","Visual QA: paywall-error (error)","QA & accessibility","DK-0583","X3 Paywall: implement the ""Error"" state","Me, Pro & system surfaces","finish-to-start (blocked by)"
"DK-0956","Visual QA: paywall-restore (restore)","QA & accessibility","DK-0584","X3 Paywall: implement the ""Restore"" state","Me, Pro & system surfaces","finish-to-start (blocked by)"
"DK-0957","Visual QA: paywall-restored (restored)","QA & accessibility","DK-0584","X3 Paywall: implement the ""Restore"" state","Me, Pro & system surfaces","finish-to-start (blocked by)"
"DK-0958","Visual QA: paywall-tool-iphone-se (se · iPhone SE)","QA & accessibility","DK-0580","X3 paywall sheet: close, ILL-18, headline, context line, 5 benefits, reassurance, price button, footer","Me, Pro & system surfaces","finish-to-start (blocked by)"
"DK-0959","Visual QA: tablet-home-landscape (tablet-home-landscape)","QA & accessibility","DK-0232","Tablet (≥ 840 dp): replace tab bar with DkNavRail","Platform & architecture","finish-to-start (blocked by)"
"DK-0959","Visual QA: tablet-home-landscape (tablet-home-landscape)","QA & accessibility","DK-0649","Tablet layout: H1 Home","Tablet & layout","finish-to-start (blocked by)"
"DK-0960","Visual QA: tablet-home-portrait (tablet-home-portrait)","QA & accessibility","DK-0649","Tablet layout: H1 Home","Tablet & layout","finish-to-start (blocked by)"
"DK-0961","Visual QA: tablet-tools-landscape (tablet-tools-landscape)","QA & accessibility","DK-0650","Tablet layout: T1 Tools","Tablet & layout","finish-to-start (blocked by)"
"DK-0962","Visual QA: tablet-tools-portrait (tablet-tools-portrait)","QA & accessibility","DK-0650","Tablet layout: T1 Tools","Tablet & layout","finish-to-start (blocked by)"
"DK-0963","Visual QA: tablet-files-landscape (tablet-files-landscape)","QA & accessibility","DK-0232","Tablet (≥ 840 dp): replace tab bar with DkNavRail","Platform & architecture","finish-to-start (blocked by)"
"DK-0963","Visual QA: tablet-files-landscape (tablet-files-landscape)","QA & accessibility","DK-0279","Files two-pane on tablets: list (360) + preview pane","Home, Files & security","finish-to-start (blocked by)"
"DK-0963","Visual QA: tablet-files-landscape (tablet-files-landscape)","QA & accessibility","DK-0655","Tablet layout: Sheets","Tablet & layout","finish-to-start (blocked by)"
"DK-0964","Visual QA: tablet-files-portrait (tablet-files-portrait)","QA & accessibility","DK-0279","Files two-pane on tablets: list (360) + preview pane","Home, Files & security","finish-to-start (blocked by)"
"DK-0965","Visual QA: tablet-viewer-landscape (tablet-viewer-landscape)","QA & accessibility","DK-0310","Tablet viewer: thumbnail sidebar (120) + pages + AI pane (400), inline actions","Viewer & editor","finish-to-start (blocked by)"
"DK-0966","Visual QA: tablet-viewer-portrait (tablet-viewer-portrait)","QA & accessibility","DK-0310","Tablet viewer: thumbnail sidebar (120) + pages + AI pane (400), inline actions","Viewer & editor","finish-to-start (blocked by)"
"DK-0967","Visual QA: tablet-organize-landscape (tablet-organize-landscape)","QA & accessibility","DK-0651","Tablet layout: P1 Organize","Tablet & layout","finish-to-start (blocked by)"
"DK-0968","Visual QA: tablet-organize-portrait (tablet-organize-portrait)","QA & accessibility","DK-0651","Tablet layout: P1 Organize","Tablet & layout","finish-to-start (blocked by)"
"DK-0969","Visual QA: tablet-compress-options-landscape (options)","QA & accessibility","DK-0388","Tablet T2/T3: options left (480) + live preview right; medium: max width 640","Tools & tool shell","finish-to-start (blocked by)"
"DK-0970","Visual QA: tablet-compress-result-landscape (result)","QA & accessibility","DK-0388","Tablet T2/T3: options left (480) + live preview right; medium: max width 640","Tools & tool shell","finish-to-start (blocked by)"
"DK-0971","Visual QA: tablet-compress-options-portrait (options)","QA & accessibility","DK-0388","Tablet T2/T3: options left (480) + live preview right; medium: max width 640","Tools & tool shell","finish-to-start (blocked by)"
"DK-0972","Visual QA: tablet-compress-result-portrait (result)","QA & accessibility","DK-0232","Tablet (≥ 840 dp): replace tab bar with DkNavRail","Platform & architecture","finish-to-start (blocked by)"
"DK-0973","Visual QA: tablet-compare-landscape (tablet-compare-landscape)","QA & accessibility","DK-0533","Compare: implement the ""Side by side"" state","Tools & tool shell","finish-to-start (blocked by)"
"DK-0973","Visual QA: tablet-compare-landscape (tablet-compare-landscape)","QA & accessibility","DK-0653","Tablet layout: Compare","Tablet & layout","finish-to-start (blocked by)"
"DK-0974","Visual QA: tablet-compare-portrait (tablet-compare-portrait)","QA & accessibility","DK-0653","Tablet layout: Compare","Tablet & layout","finish-to-start (blocked by)"
"DK-0975","Visual QA: tablet-paywall-landscape (tablet-paywall-landscape)","QA & accessibility","DK-0580","X3 paywall sheet: close, ILL-18, headline, context line, 5 benefits, reassurance, price button, footer","Me, Pro & system surfaces","finish-to-start (blocked by)"
"DK-0975","Visual QA: tablet-paywall-landscape (tablet-paywall-landscape)","QA & accessibility","DK-0654","Tablet layout: X3 Paywall","Tablet & layout","finish-to-start (blocked by)"
"DK-0976","Visual QA: tablet-paywall-portrait (tablet-paywall-portrait)","QA & accessibility","DK-0654","Tablet layout: X3 Paywall","Tablet & layout","finish-to-start (blocked by)"
"DK-0977","Visual QA: tablet-scanner-landscape (tablet-scanner-landscape)","QA & accessibility","DK-0652","Tablet layout: S1 Scanner landscape","Tablet & layout","finish-to-start (blocked by)"
"DK-0978","Visual QA: tablet-scanner-portrait (tablet-scanner-portrait)","QA & accessibility","DK-0652","Tablet layout: S1 Scanner landscape","Tablet & layout","finish-to-start (blocked by)"
"DK-0979","Visual QA: system-surfaces (system-surfaces)","QA & accessibility","DK-0072","Android notification small icon (white silhouette 24 dp)","Design system & components","finish-to-start (blocked by)"
"DK-0979","Visual QA: system-surfaces (system-surfaces)","QA & accessibility","DK-0587","Local notifications service (iOS + Android channels) with deep links","Me, Pro & system surfaces","finish-to-start (blocked by)"
"DK-0979","Visual QA: system-surfaces (system-surfaces)","QA & accessibility","DK-0588","Notification: Job finished","Me, Pro & system surfaces","finish-to-start (blocked by)"
"DK-0979","Visual QA: system-surfaces (system-surfaces)","QA & accessibility","DK-0589","Notification: Job failed","Me, Pro & system surfaces","finish-to-start (blocked by)"
"DK-0979","Visual QA: system-surfaces (system-surfaces)","QA & accessibility","DK-0590","Notification: Batch finished","Me, Pro & system surfaces","finish-to-start (blocked by)"
"DK-0979","Visual QA: system-surfaces (system-surfaces)","QA & accessibility","DK-0591","Notification: Model downloaded","Me, Pro & system surfaces","finish-to-start (blocked by)"
"DK-0979","Visual QA: system-surfaces (system-surfaces)","QA & accessibility","DK-0592","Notification: Photo finder done","Me, Pro & system surfaces","finish-to-start (blocked by)"
"DK-0979","Visual QA: system-surfaces (system-surfaces)","QA & accessibility","DK-0593","Android progress notification for long jobs (foreground service)","Me, Pro & system surfaces","finish-to-start (blocked by)"
"DK-0980","Visual QA: global-states (global-states)","QA & accessibility","DK-0601","Empty state: Home recents","Tools & tool shell","finish-to-start (blocked by)"
"DK-0980","Visual QA: global-states (global-states)","QA & accessibility","DK-0602","Empty state: Files root","Tools & tool shell","finish-to-start (blocked by)"
"DK-0980","Visual QA: global-states (global-states)","QA & accessibility","DK-0603","Empty state: Folder","Tools & tool shell","finish-to-start (blocked by)"
"DK-0980","Visual QA: global-states (global-states)","QA & accessibility","DK-0604","Empty state: Search","Tools & tool shell","finish-to-start (blocked by)"
"DK-0980","Visual QA: global-states (global-states)","QA & accessibility","DK-0605","Empty state: Trash","Tools & tool shell","finish-to-start (blocked by)"
"DK-0980","Visual QA: global-states (global-states)","QA & accessibility","DK-0606","Empty state: Signatures","Tools & tool shell","finish-to-start (blocked by)"
"DK-0980","Visual QA: global-states (global-states)","QA & accessibility","DK-0607","Empty state: Workflows","Tools & tool shell","finish-to-start (blocked by)"
"DK-0980","Visual QA: global-states (global-states)","QA & accessibility","DK-0608","Empty state: Photo finder","Tools & tool shell","finish-to-start (blocked by)"
"DK-0981","Visual QA: text-200-percent (text-200-percent)","QA & accessibility","DK-0037","Implement text rules: middle truncation for file names, 70-char line length, German wrapping, 200 % scaling","Design system & components","finish-to-start (blocked by)"
"DK-0982","Visual QA: foundations (foundations)","QA & accessibility","DK-0024","Create the DkTokens ThemeExtension (Sogda DpTokens architecture) with light and dark sets","Design system & components","finish-to-start (blocked by)"
"DK-0982","Visual QA: foundations (foundations)","QA & accessibility","DK-0025","Implement colour tokens: primary family","Design system & components","finish-to-start (blocked by)"
"DK-0982","Visual QA: foundations (foundations)","QA & accessibility","DK-0026","Implement colour tokens: surfaces and background","Design system & components","finish-to-start (blocked by)"
"DK-0982","Visual QA: foundations (foundations)","QA & accessibility","DK-0027","Implement colour tokens: outlines","Design system & components","finish-to-start (blocked by)"
"DK-0982","Visual QA: foundations (foundations)","QA & accessibility","DK-0028","Implement colour tokens: text and icons","Design system & components","finish-to-start (blocked by)"
"DK-0982","Visual QA: foundations (foundations)","QA & accessibility","DK-0029","Implement colour tokens: status colours","Design system & components","finish-to-start (blocked by)"
"DK-0982","Visual QA: foundations (foundations)","QA & accessibility","DK-0030","Implement colour tokens: overlay and camera colours","Design system & components","finish-to-start (blocked by)"
"DK-0982","Visual QA: foundations (foundations)","QA & accessibility","DK-0031","Implement colour tokens: document colours","Design system & components","finish-to-start (blocked by)"
"DK-0982","Visual QA: foundations (foundations)","QA & accessibility","DK-0032","Implement colour tokens: markup colours","Design system & components","finish-to-start (blocked by)"
"DK-0982","Visual QA: foundations (foundations)","QA & accessibility","DK-0033","Implement colour tokens: compare colours","Design system & components","finish-to-start (blocked by)"
"DK-0982","Visual QA: foundations (foundations)","QA & accessibility","DK-0034","Implement colour tokens: state overlays","Design system & components","finish-to-start (blocked by)"
"DK-0982","Visual QA: foundations (foundations)","QA & accessibility","DK-0036","Implement the 11 typography tokens with system fonts (SF Pro / Roboto)","Design system & components","finish-to-start (blocked by)"
"DK-0982","Visual QA: foundations (foundations)","QA & accessibility","DK-0038","Implement spacing, radius, elevation and border tokens","Design system & components","finish-to-start (blocked by)"
"DK-0982","Visual QA: foundations (foundations)","QA & accessibility","DK-0047","Theme switching: Light, Dark, System (default), and dark-mode rules","Design system & components","finish-to-start (blocked by)"
"DK-0982","Visual QA: foundations (foundations)","QA & accessibility","DK-0048","Integrate Material Symbols Rounded (material_symbols_icons) with size tokens","Design system & components","finish-to-start (blocked by)"
"DK-0982","Visual QA: foundations (foundations)","QA & accessibility","DK-1009","Design: Design library (Figma or the Dokulo design canvas)","Design","finish-to-start (blocked by)"
"DK-0983","Visual QA: components (components)","QA & accessibility","DK-0048","Integrate Material Symbols Rounded (material_symbols_icons) with size tokens","Design system & components","finish-to-start (blocked by)"
"DK-0983","Visual QA: components (components)","QA & accessibility","DK-0049","Create the tool icon registry: one icon per tool used everywhere","Design system & components","finish-to-start (blocked by)"
"DK-0983","Visual QA: components (components)","QA & accessibility","DK-0074","Build DkButton with all variants and states","Design system & components","finish-to-start (blocked by)"
"DK-0983","Visual QA: components (components)","QA & accessibility","DK-0076","Build DkIconButton with all variants and states","Design system & components","finish-to-start (blocked by)"
"DK-0983","Visual QA: components (components)","QA & accessibility","DK-0078","Build DkScanButton with all variants and states","Design system & components","finish-to-start (blocked by)"
"DK-0983","Visual QA: components (components)","QA & accessibility","DK-0080","Build DkShutterButton with all variants and states","Design system & components","finish-to-start (blocked by)"
"DK-0983","Visual QA: components (components)","QA & accessibility","DK-0082","Build DkToolTile with all variants and states","Design system & components","finish-to-start (blocked by)"
"DK-0983","Visual QA: components (components)","QA & accessibility","DK-0084","Build DkToolRow with all variants and states","Design system & components","finish-to-start (blocked by)"
"DK-0983","Visual QA: components (components)","QA & accessibility","DK-0086","Build DkFileCard with all variants and states","Design system & components","finish-to-start (blocked by)"
"DK-0983","Visual QA: components (components)","QA & accessibility","DK-0088","Build DkFolderCard with all variants and states","Design system & components","finish-to-start (blocked by)"
"DK-0983","Visual QA: components (components)","QA & accessibility","DK-0090","Build DkResultCard with all variants and states","Design system & components","finish-to-start (blocked by)"
"DK-0983","Visual QA: components (components)","QA & accessibility","DK-0092","Build DkLevelCard with all variants and states","Design system & components","finish-to-start (blocked by)"
"DK-0983","Visual QA: components (components)","QA & accessibility","DK-0096","Build DkContinueCard with all variants and states","Design system & components","finish-to-start (blocked by)"
"DK-0983","Visual QA: components (components)","QA & accessibility","DK-0098","Build DkProCard with all variants and states","Design system & components","finish-to-start (blocked by)"
"DK-0983","Visual QA: components (components)","QA & accessibility","DK-0102","Build DkProBadge with all variants and states","Design system & components","finish-to-start (blocked by)"
"DK-0983","Visual QA: components (components)","QA & accessibility","DK-0104","Build DkChip with all variants and states","Design system & components","finish-to-start (blocked by)"
"DK-0983","Visual QA: components (components)","QA & accessibility","DK-0106","Build DkNextChip with all variants and states","Design system & components","finish-to-start (blocked by)"
"DK-0983","Visual QA: components (components)","QA & accessibility","DK-0108","Build DkPageChip with all variants and states","Design system & components","finish-to-start (blocked by)"
"DK-0983","Visual QA: components (components)","QA & accessibility","DK-0110","Build DkPrivacyLine with all variants and states","Design system & components","finish-to-start (blocked by)"
"DK-0983","Visual QA: components (components)","QA & accessibility","DK-0112","Build DkStatusDot with all variants and states","Design system & components","finish-to-start (blocked by)"
"DK-0983","Visual QA: components (components)","QA & accessibility","DK-0114","Build DkCountBadge with all variants and states","Design system & components","finish-to-start (blocked by)"
"DK-0983","Visual QA: components (components)","QA & accessibility","DK-0116","Build DkHintPill with all variants and states","Design system & components","finish-to-start (blocked by)"
"DK-0983","Visual QA: components (components)","QA & accessibility","DK-0118","Build DkPagePill with all variants and states","Design system & components","finish-to-start (blocked by)"
"DK-0983","Visual QA: components (components)","QA & accessibility","DK-0120","Build DkTextField with all variants and states","Design system & components","finish-to-start (blocked by)"
"DK-0983","Visual QA: components (components)","QA & accessibility","DK-0122","Build DkPasswordField with all variants and states","Design system & components","finish-to-start (blocked by)"
"DK-0983","Visual QA: components (components)","QA & accessibility","DK-0124","Build DkRangeField with all variants and states","Design system & components","finish-to-start (blocked by)"
"DK-0983","Visual QA: components (components)","QA & accessibility","DK-0126","Build DkSearchField with all variants and states","Design system & components","finish-to-start (blocked by)"
"DK-0983","Visual QA: components (components)","QA & accessibility","DK-0128","Build DkSwitch with all variants and states","Design system & components","finish-to-start (blocked by)"
"DK-0983","Visual QA: components (components)","QA & accessibility","DK-0130","Build DkSegmented with all variants and states","Design system & components","finish-to-start (blocked by)"
"DK-0983","Visual QA: components (components)","QA & accessibility","DK-0132","Build DkSlider with all variants and states","Design system & components","finish-to-start (blocked by)"
"DK-0983","Visual QA: components (components)","QA & accessibility","DK-0134","Build DkStepper with all variants and states","Design system & components","finish-to-start (blocked by)"
"DK-0983","Visual QA: components (components)","QA & accessibility","DK-0136","Build DkDropdown with all variants and states","Design system & components","finish-to-start (blocked by)"
"DK-0983","Visual QA: components (components)","QA & accessibility","DK-0138","Build DkOptionRow with all variants and states","Design system & components","finish-to-start (blocked by)"
"DK-0983","Visual QA: components (components)","QA & accessibility","DK-0144","Build DkCheckboxRow with all variants and states","Design system & components","finish-to-start (blocked by)"
"DK-0983","Visual QA: components (components)","QA & accessibility","DK-0146","Build DkRadioRow with all variants and states","Design system & components","finish-to-start (blocked by)"
"DK-0983","Visual QA: components (components)","QA & accessibility","DK-0164","Build DkTopBar with all variants and states","Design system & components","finish-to-start (blocked by)"
"DK-0983","Visual QA: components (components)","QA & accessibility","DK-0166","Build DkTabBar with all variants and states","Design system & components","finish-to-start (blocked by)"
"DK-0983","Visual QA: components (components)","QA & accessibility","DK-0168","Build DkNavRail with all variants and states","Design system & components","finish-to-start (blocked by)"
"DK-0983","Visual QA: components (components)","QA & accessibility","DK-0170","Build DkActionBar with all variants and states","Design system & components","finish-to-start (blocked by)"
"DK-0983","Visual QA: components (components)","QA & accessibility","DK-0172","Build DkSelectionBar with all variants and states","Design system & components","finish-to-start (blocked by)"
"DK-0983","Visual QA: components (components)","QA & accessibility","DK-0174","Build DkMiniJobBar with all variants and states","Design system & components","finish-to-start (blocked by)"
"DK-0983","Visual QA: components (components)","QA & accessibility","DK-0178","Build DkViewerBar with all variants and states","Design system & components","finish-to-start (blocked by)"
"DK-0983","Visual QA: components (components)","QA & accessibility","DK-0182","Build DkSheet with all variants and states","Design system & components","finish-to-start (blocked by)"
"DK-0983","Visual QA: components (components)","QA & accessibility","DK-0184","Build DkActionSheet with all variants and states","Design system & components","finish-to-start (blocked by)"
"DK-0983","Visual QA: components (components)","QA & accessibility","DK-0186","Build DkConfirmDialog with all variants and states","Design system & components","finish-to-start (blocked by)"
"DK-0983","Visual QA: components (components)","QA & accessibility","DK-0188","Build DkMenu with all variants and states","Design system & components","finish-to-start (blocked by)"
"DK-0983","Visual QA: components (components)","QA & accessibility","DK-0190","Build DkToast with all variants and states","Design system & components","finish-to-start (blocked by)"
"DK-0983","Visual QA: components (components)","QA & accessibility","DK-0192","Build DkBanner with all variants and states","Design system & components","finish-to-start (blocked by)"
"DK-0983","Visual QA: components (components)","QA & accessibility","DK-0194","Build DkProgressSheet with all variants and states","Design system & components","finish-to-start (blocked by)"
"DK-0983","Visual QA: components (components)","QA & accessibility","DK-0196","Build DkEmptyState with all variants and states","Design system & components","finish-to-start (blocked by)"
"DK-0983","Visual QA: components (components)","QA & accessibility","DK-0198","Build DkSkeleton with all variants and states","Design system & components","finish-to-start (blocked by)"
"DK-0983","Visual QA: components (components)","QA & accessibility","DK-0200","Build DkLoadingSpinner with all variants and states","Design system & components","finish-to-start (blocked by)"
"DK-0983","Visual QA: components (components)","QA & accessibility","DK-0231","Implement iOS vs Android shell differences","Platform & architecture","finish-to-start (blocked by)"
"DK-0983","Visual QA: components (components)","QA & accessibility","DK-1009","Design: Design library (Figma or the Dokulo design canvas)","Design","finish-to-start (blocked by)"
"DK-0984","Visual QA: components-part-2 (components-part-2)","QA & accessibility","DK-0094","Build DkModelCard with all variants and states","Design system & components","finish-to-start (blocked by)"
"DK-0984","Visual QA: components-part-2 (components-part-2)","QA & accessibility","DK-0100","Build DkSettingsRow with all variants and states","Design system & components","finish-to-start (blocked by)"
"DK-0984","Visual QA: components-part-2 (components-part-2)","QA & accessibility","DK-0140","Build DkPositionPicker with all variants and states","Design system & components","finish-to-start (blocked by)"
"DK-0984","Visual QA: components-part-2 (components-part-2)","QA & accessibility","DK-0142","Build DkColorRow with all variants and states","Design system & components","finish-to-start (blocked by)"
"DK-0984","Visual QA: components-part-2 (components-part-2)","QA & accessibility","DK-0148","Build DkPinPad with all variants and states","Design system & components","finish-to-start (blocked by)"
"DK-0984","Visual QA: components-part-2 (components-part-2)","QA & accessibility","DK-0150","Build DkPageThumb with all variants and states","Design system & components","finish-to-start (blocked by)"
"DK-0984","Visual QA: components-part-2 (components-part-2)","QA & accessibility","DK-0152","Build DkPageTray with all variants and states","Design system & components","finish-to-start (blocked by)"
"DK-0984","Visual QA: components-part-2 (components-part-2)","QA & accessibility","DK-0154","Build DkPageGrid with all variants and states","Design system & components","finish-to-start (blocked by)"
"DK-0984","Visual QA: components-part-2 (components-part-2)","QA & accessibility","DK-0156","Build DkCropOverlay with all variants and states","Design system & components","finish-to-start (blocked by)"
"DK-0984","Visual QA: components-part-2 (components-part-2)","QA & accessibility","DK-0158","Build DkMagnifier with all variants and states","Design system & components","finish-to-start (blocked by)"
"DK-0984","Visual QA: components-part-2 (components-part-2)","QA & accessibility","DK-0160","Build DkRedactionBox with all variants and states","Design system & components","finish-to-start (blocked by)"
"DK-0984","Visual QA: components-part-2 (components-part-2)","QA & accessibility","DK-0162","Build DkSignatureStamp with all variants and states","Design system & components","finish-to-start (blocked by)"
"DK-0984","Visual QA: components-part-2 (components-part-2)","QA & accessibility","DK-0176","Build DkToolStrip with all variants and states","Design system & components","finish-to-start (blocked by)"
"DK-0984","Visual QA: components-part-2 (components-part-2)","QA & accessibility","DK-0180","Build DkCameraTopBar with all variants and states","Design system & components","finish-to-start (blocked by)"
"DK-0984","Visual QA: components-part-2 (components-part-2)","QA & accessibility","DK-0202","Build DkMarkupBar with all variants and states","Design system & components","finish-to-start (blocked by)"
"DK-0984","Visual QA: components-part-2 (components-part-2)","QA & accessibility","DK-0204","Build DkToolOptionsSheet with all variants and states","Design system & components","finish-to-start (blocked by)"
"DK-0984","Visual QA: components-part-2 (components-part-2)","QA & accessibility","DK-0206","Build DkSignaturePad with all variants and states","Design system & components","finish-to-start (blocked by)"
"DK-0984","Visual QA: components-part-2 (components-part-2)","QA & accessibility","DK-0208","Build DkSignatureCard with all variants and states","Design system & components","finish-to-start (blocked by)"
"DK-0984","Visual QA: components-part-2 (components-part-2)","QA & accessibility","DK-0210","Build DkChatBubble with all variants and states","Design system & components","finish-to-start (blocked by)"
"DK-0984","Visual QA: components-part-2 (components-part-2)","QA & accessibility","DK-0212","Build DkSuggestionChip with all variants and states","Design system & components","finish-to-start (blocked by)"
"DK-0984","Visual QA: components-part-2 (components-part-2)","QA & accessibility","DK-0214","Build DkAIFooter with all variants and states","Design system & components","finish-to-start (blocked by)"
"DK-0984","Visual QA: components-part-2 (components-part-2)","QA & accessibility","DK-0216","Build DkSplitMarker with all variants and states","Design system & components","finish-to-start (blocked by)"
"DK-0984","Visual QA: components-part-2 (components-part-2)","QA & accessibility","DK-0218","Build DkDiffRow with all variants and states","Design system & components","finish-to-start (blocked by)"
"DK-0984","Visual QA: components-part-2 (components-part-2)","QA & accessibility","DK-0220","Build DkDetectionGroup with all variants and states","Design system & components","finish-to-start (blocked by)"
"DK-0985","Visual QA: illustrations-overview (illustrations-overview)","QA & accessibility","DK-0050","Ship ILL-01 illustration (Onboarding 1) as light and dark vector assets","Design system & components","finish-to-start (blocked by)"
"DK-0985","Visual QA: illustrations-overview (illustrations-overview)","QA & accessibility","DK-0051","Ship ILL-02 illustration (Onboarding 2) as light and dark vector assets","Design system & components","finish-to-start (blocked by)"
"DK-0985","Visual QA: illustrations-overview (illustrations-overview)","QA & accessibility","DK-0052","Ship ILL-03 illustration (Onboarding 3) as light and dark vector assets","Design system & components","finish-to-start (blocked by)"
"DK-0985","Visual QA: illustrations-overview (illustrations-overview)","QA & accessibility","DK-0053","Ship ILL-04 illustration (Home empty) as light and dark vector assets","Design system & components","finish-to-start (blocked by)"
"DK-0985","Visual QA: illustrations-overview (illustrations-overview)","QA & accessibility","DK-0054","Ship ILL-05 illustration (Files empty) as light and dark vector assets","Design system & components","finish-to-start (blocked by)"
"DK-0985","Visual QA: illustrations-overview (illustrations-overview)","QA & accessibility","DK-0055","Ship ILL-06 illustration (Folder empty) as light and dark vector assets","Design system & components","finish-to-start (blocked by)"
"DK-0985","Visual QA: illustrations-overview (illustrations-overview)","QA & accessibility","DK-0056","Ship ILL-07 illustration (Search no results) as light and dark vector assets","Design system & components","finish-to-start (blocked by)"
"DK-0985","Visual QA: illustrations-overview (illustrations-overview)","QA & accessibility","DK-0057","Ship ILL-08 illustration (Trash empty) as light and dark vector assets","Design system & components","finish-to-start (blocked by)"
"DK-0985","Visual QA: illustrations-overview (illustrations-overview)","QA & accessibility","DK-0058","Ship ILL-09 illustration (Locked folder intro) as light and dark vector assets","Design system & components","finish-to-start (blocked by)"
"DK-0985","Visual QA: illustrations-overview (illustrations-overview)","QA & accessibility","DK-0059","Ship ILL-10 illustration (Camera permission denied) as light and dark vector assets","Design system & components","finish-to-start (blocked by)"
"DK-0985","Visual QA: illustrations-overview (illustrations-overview)","QA & accessibility","DK-0060","Ship ILL-11 illustration (AI model needed) as light and dark vector assets","Design system & components","finish-to-start (blocked by)"
"DK-0985","Visual QA: illustrations-overview (illustrations-overview)","QA & accessibility","DK-0061","Ship ILL-12 illustration (AI first-use notice) as light and dark vector assets","Design system & components","finish-to-start (blocked by)"
"DK-0985","Visual QA: illustrations-overview (illustrations-overview)","QA & accessibility","DK-0062","Ship ILL-13 illustration (Device not eligible for AI) as light and dark vector assets","Design system & components","finish-to-start (blocked by)"
"DK-0985","Visual QA: illustrations-overview (illustrations-overview)","QA & accessibility","DK-0063","Ship ILL-14 illustration (Damaged file) as light and dark vector assets","Design system & components","finish-to-start (blocked by)"
"DK-0985","Visual QA: illustrations-overview (illustrations-overview)","QA & accessibility","DK-0064","Ship ILL-15 illustration (No signatures yet) as light and dark vector assets","Design system & components","finish-to-start (blocked by)"
"DK-0985","Visual QA: illustrations-overview (illustrations-overview)","QA & accessibility","DK-0065","Ship ILL-16 illustration (No workflows yet) as light and dark vector assets","Design system & components","finish-to-start (blocked by)"
"DK-0985","Visual QA: illustrations-overview (illustrations-overview)","QA & accessibility","DK-0066","Ship ILL-17 illustration (Find documents in photos intro) as light and dark vector assets","Design system & components","finish-to-start (blocked by)"
"DK-0985","Visual QA: illustrations-overview (illustrations-overview)","QA & accessibility","DK-0067","Ship ILL-18 illustration (Paywall header) as light and dark vector assets","Design system & components","finish-to-start (blocked by)"
"DK-0985","Visual QA: illustrations-overview (illustrations-overview)","QA & accessibility","DK-0068","Ship ILL-19 illustration (Offline (Web to PDF only)) as light and dark vector assets","Design system & components","finish-to-start (blocked by)"
"DK-0985","Visual QA: illustrations-overview (illustrations-overview)","QA & accessibility","DK-0069","Ship ILL-20 illustration (Generic error) as light and dark vector assets","Design system & components","finish-to-start (blocked by)"
"DK-0986","Visual QA: motion (motion)","QA & accessibility","DK-0039","Implement motion tokens, reduce-motion handling and the haptics service","Design system & components","finish-to-start (blocked by)"
"DK-0986","Visual QA: motion (motion)","QA & accessibility","DK-0040","Build signature motion: Scan capture","Design system & components","finish-to-start (blocked by)"
"DK-0986","Visual QA: motion (motion)","QA & accessibility","DK-0041","Build signature motion: Success tick","Design system & components","finish-to-start (blocked by)"
"DK-0986","Visual QA: motion (motion)","QA & accessibility","DK-0042","Build signature motion: Tile reorder","Design system & components","finish-to-start (blocked by)"
"DK-0986","Visual QA: motion (motion)","QA & accessibility","DK-0043","Build signature motion: Page drop in grid","Design system & components","finish-to-start (blocked by)"
"DK-0986","Visual QA: motion (motion)","QA & accessibility","DK-0044","Build signature motion: Sheet","Design system & components","finish-to-start (blocked by)"
"DK-0986","Visual QA: motion (motion)","QA & accessibility","DK-0045","Build signature motion: Mini job bar","Design system & components","finish-to-start (blocked by)"
"DK-0986","Visual QA: motion (motion)","QA & accessibility","DK-0046","Build signature motion: Viewer open","Design system & components","finish-to-start (blocked by)"
"DK-0987","Visual QA: app-icon-and-store-assets (app-icon-and-store-assets)","QA & accessibility","DK-0070","Integrate the Dokulo symbol, wordmark and lockups (monochrome, minimum sizes, clear space)","Design system & components","finish-to-start (blocked by)"
"DK-0987","Visual QA: app-icon-and-store-assets (app-icon-and-store-assets)","QA & accessibility","DK-0071","Produce and integrate app icons for iOS (light/dark/tinted) and Android (adaptive + themed)","Design system & components","finish-to-start (blocked by)"
"DK-0987","Visual QA: app-icon-and-store-assets (app-icon-and-store-assets)","QA & accessibility","DK-0072","Android notification small icon (white silhouette 24 dp)","Design system & components","finish-to-start (blocked by)"
"DK-0987","Visual QA: app-icon-and-store-assets (app-icon-and-store-assets)","QA & accessibility","DK-0684","Store screenshot 1: ""All your PDF tools. Nothing uploaded.""","Store & launch","finish-to-start (blocked by)"
"DK-0987","Visual QA: app-icon-and-store-assets (app-icon-and-store-assets)","QA & accessibility","DK-0685","Store screenshot 2: ""Scan anything in seconds""","Store & launch","finish-to-start (blocked by)"
"DK-0987","Visual QA: app-icon-and-store-assets (app-icon-and-store-assets)","QA & accessibility","DK-0686","Store screenshot 3: ""Under 2 MB for any upload portal""","Store & launch","finish-to-start (blocked by)"
"DK-0987","Visual QA: app-icon-and-store-assets (app-icon-and-store-assets)","QA & accessibility","DK-0687","Store screenshot 4: ""Black out what others shouldn't see""","Store & launch","finish-to-start (blocked by)"
"DK-0987","Visual QA: app-icon-and-store-assets (app-icon-and-store-assets)","QA & accessibility","DK-0688","Store screenshot 5: ""Sign without printing""","Store & launch","finish-to-start (blocked by)"
"DK-0988","Visual QA: ill-01-onboarding-1 (ILL-01 · Onboarding 1 — Phone in airplane mode with a page and a check)","QA & accessibility","DK-0050","Ship ILL-01 illustration (Onboarding 1) as light and dark vector assets","Design system & components","finish-to-start (blocked by)"
"DK-0989","Visual QA: ill-02-onboarding-2 (ILL-02 · Onboarding 2 — Clean page and a one-time tag)","QA & accessibility","DK-0051","Ship ILL-02 illustration (Onboarding 2) as light and dark vector assets","Design system & components","finish-to-start (blocked by)"
"DK-0990","Visual QA: ill-03-onboarding-3 (ILL-03 · Onboarding 3 — Camera, folder, toolbox as card icons)","QA & accessibility","DK-0052","Ship ILL-03 illustration (Onboarding 3) as light and dark vector assets","Design system & components","finish-to-start (blocked by)"
"DK-0991","Visual QA: ill-04-home-empty (ILL-04 · Home empty — Two pages with a soft scan frame)","QA & accessibility","DK-0053","Ship ILL-04 illustration (Home empty) as light and dark vector assets","Design system & components","finish-to-start (blocked by)"
"DK-0992","Visual QA: ill-05-files-empty (ILL-05 · Files empty — Open folder, page sliding in)","QA & accessibility","DK-0054","Ship ILL-05 illustration (Files empty) as light and dark vector assets","Design system & components","finish-to-start (blocked by)"
"DK-0993","Visual QA: ill-06-folder-empty (ILL-06 · Folder empty — Empty folder outline)","QA & accessibility","DK-0055","Ship ILL-06 illustration (Folder empty) as light and dark vector assets","Design system & components","finish-to-start (blocked by)"
"DK-0994","Visual QA: ill-07-search-no-results (ILL-07 · Search no results — Magnifier over a blank page)","QA & accessibility","DK-0056","Ship ILL-07 illustration (Search no results) as light and dark vector assets","Design system & components","finish-to-start (blocked by)"
"DK-0995","Visual QA: ill-08-trash-empty (ILL-08 · Trash empty — Empty bin with a check)","QA & accessibility","DK-0057","Ship ILL-08 illustration (Trash empty) as light and dark vector assets","Design system & components","finish-to-start (blocked by)"
"DK-0996","Visual QA: ill-09-locked-folder-intro (ILL-09 · Locked folder intro — Folder with lock and fingerprint)","QA & accessibility","DK-0058","Ship ILL-09 illustration (Locked folder intro) as light and dark vector assets","Design system & components","finish-to-start (blocked by)"
"DK-0997","Visual QA: ill-10-camera-denied (ILL-10 · Camera denied — Camera with a slash and a page)","QA & accessibility","DK-0059","Ship ILL-10 illustration (Camera permission denied) as light and dark vector assets","Design system & components","finish-to-start (blocked by)"
"DK-0998","Visual QA: ill-11-ai-model-needed (ILL-11 · AI model needed — Page with a chip and download arrow)","QA & accessibility","DK-0060","Ship ILL-11 illustration (AI model needed) as light and dark vector assets","Design system & components","finish-to-start (blocked by)"
"DK-0999","Visual QA: ill-12-ai-first-use-notice (ILL-12 · AI first-use notice — Page, speech bubble and check magnifier)","QA & accessibility","DK-0061","Ship ILL-12 illustration (AI first-use notice) as light and dark vector assets","Design system & components","finish-to-start (blocked by)"
"DK-1000","Visual QA: ill-13-device-not-eligible (ILL-13 · Device not eligible — Phone with a memory chip, dashed)","QA & accessibility","DK-0062","Ship ILL-13 illustration (Device not eligible for AI) as light and dark vector assets","Design system & components","finish-to-start (blocked by)"
"DK-1001","Visual QA: ill-14-damaged-file (ILL-14 · Damaged file — Page with a torn corner)","QA & accessibility","DK-0063","Ship ILL-14 illustration (Damaged file) as light and dark vector assets","Design system & components","finish-to-start (blocked by)"
"DK-1002","Visual QA: ill-15-no-signatures-yet (ILL-15 · No signatures yet — Signature line with a pen)","QA & accessibility","DK-0064","Ship ILL-15 illustration (No signatures yet) as light and dark vector assets","Design system & components","finish-to-start (blocked by)"
"DK-1003","Visual QA: ill-16-no-workflows-yet (ILL-16 · No workflows yet — Three connected cards)","QA & accessibility","DK-0065","Ship ILL-16 illustration (No workflows yet) as light and dark vector assets","Design system & components","finish-to-start (blocked by)"
"DK-1004","Visual QA: ill-17-find-documents-in-photos (ILL-17 · Find documents in photos — Photo grid, two marked as documents)","QA & accessibility","DK-0066","Ship ILL-17 illustration (Find documents in photos intro) as light and dark vector assets","Design system & components","finish-to-start (blocked by)"
"DK-1005","Visual QA: ill-18-paywall-header (ILL-18 · Paywall header — Dokulo symbol with a Pro ribbon)","QA & accessibility","DK-0067","Ship ILL-18 illustration (Paywall header) as light and dark vector assets","Design system & components","finish-to-start (blocked by)"
"DK-1006","Visual QA: ill-19-offline-web-to-pdf (ILL-19 · Offline (Web to PDF) — Globe with cloud-off)","QA & accessibility","DK-0068","Ship ILL-19 illustration (Offline (Web to PDF only)) as light and dark vector assets","Design system & components","finish-to-start (blocked by)"
"DK-1007","Visual QA: ill-20-generic-error (ILL-20 · Generic error — Page with a small warning triangle)","QA & accessibility","DK-0069","Ship ILL-20 illustration (Generic error) as light and dark vector assets","Design system & components","finish-to-start (blocked by)"
"DK-1008","Design: Final logo, wordmark and lockups","Design","DK-0708","Decision: confirm the palette together with the app-icon design","Product & decisions","finish-to-start (blocked by)"
"DK-1008","Design: Final logo, wordmark and lockups","Design","DK-0698","Decision: App name","Product & decisions","finish-to-start (blocked by)"
"DK-1009","Design: Design library (Figma or the Dokulo design canvas)","Design","DK-0708","Decision: confirm the palette together with the app-icon design","Product & decisions","finish-to-start (blocked by)"
"DK-1010","Design: All phone frames from the inventory","Design","DK-1009","Design: Design library (Figma or the Dokulo design canvas)","Design","finish-to-start (blocked by)"
"DK-1011","Design: Tablet frames","Design","DK-1010","Design: All phone frames from the inventory","Design","finish-to-start (blocked by)"
"DK-1012","Design: Clickable prototype of the 6 flows with signature motions","Design","DK-1010","Design: All phone frames from the inventory","Design","finish-to-start (blocked by)"
"DK-1013","Design: Production assets: app icons, notification icon, widgets, store screenshots, feature graphic","Design","DK-1008","Design: Final logo, wordmark and lockups","Design","finish-to-start (blocked by)"
"DK-1014","Design: Redlines / Dev Mode annotations on every screen","Design","DK-1010","Design: All phone frames from the inventory","Design","finish-to-start (blocked by)"
"DK-1015","Design: Design acceptance checklist sign-off","Design","DK-1010","Design: All phone frames from the inventory","Design","finish-to-start (blocked by)"
"DK-1015","Design: Design acceptance checklist sign-off","Design","DK-1011","Design: Tablet frames","Design","finish-to-start (blocked by)"
"DK-1015","Design: Design acceptance checklist sign-off","Design","DK-1014","Design: Redlines / Dev Mode annotations on every screen","Design","finish-to-start (blocked by)"
